{"json":{"version":"1.0","encoding":"utf-8"},"ns":{"interactivity":"http://www.eclipse.org/sirius-web/interactivity"},"content":[{"id":"236360d0-742f-4b3e-a14b-0772b06418cc","eClass":"interactivity:Interactivity","data":{"domainId":"papaya","features":[{"id":"55f21ac0-4fbc-48ac-98b0-358bf2013430","eClass":"interactivity:SemanticZoom","data":{"levels":[{"id":"9f9bb9c9-cbf2-4f92-9510-3551de55c116","eClass":"interactivity:Level","data":{"id":"1","filter":"//@filters.0"}}]}},{"id":"f1e143e3-64ec-480a-8881-5090e1c6e242","eClass":"interactivity:DynamicFilter","data":{"id":"58","name":"Show classes","filter":"//@filters.1","focus":{"id":"9176e407-b9c5-4cd6-a105-e66276966771","eClass":"interactivity:Path","data":{"path":"aql:root.eAllContents()->filter(papaya::Class)"}},"defaultModifier":{"id":"e140e98a-5fea-4db9-9f53-58cbe0b9c43d","eClass":"interactivity:DefaultModifier","data":{"id":"35","hide":true}}}},{"id":"a1f2348e-25fb-4093-a9ae-93a1b84048cd","eClass":"interactivity:SemanticSearch","data":{"id":"66","search":[{"id":"97870a27-41c4-4463-94da-0d2ab3a93de8","eClass":"interactivity:Path","data":{"path":"aql:root.eAllContents()->filter(papaya::Class).attributes.name"}},{"id":"0e89d954-8aaf-41ec-9672-500cf7b1bbe7","eClass":"interactivity:Path","data":{"path":"aql:root.eAllContents().types->filter(papaya::Class).name"}},{"id":"50741c89-7055-4cd3-98b7-08d1ca58ac35","eClass":"interactivity:Path","data":{"path":"*"}}]}}],"filters":[{"id":"dd83ce87-bb59-4be2-9136-79b45623d24f","eClass":"interactivity:FilterDefinition","data":{"name":"Hide attributes","modifiers":[{"id":"e1c270f6-7fbe-4d0f-856a-089c1c205bed","eClass":"interactivity:VisibilityModifier","data":{"id":"2","elements":{"id":"0d26b1a4-7647-4c75-b14f-611dd9671ba9","eClass":"interactivity:Path","data":{"path":"aql:root.eAllContents()->filter(papaya::Class).attributes"}},"hide":true}},{"id":"5b4a9771-334c-4740-b5ad-a8b94d15753f","eClass":"interactivity:VisibilityModifier","data":{"id":"96","elements":{"id":"b233745d-975c-43ba-a232-02c7c115b4c1","eClass":"interactivity:Path","data":{"path":"aql:root.eAllContents()->filter(papaya::Class).operations"}},"hide":true}}]}},{"id":"c47fd725-8d22-47c2-a5f3-a539abedbf4c","eClass":"interactivity:FilterDefinition","data":{"name":"Show superclasses","modifiers":[{"id":"e9bd5eb7-5942-4f45-bc0c-f11c6b25a48d","eClass":"interactivity:VisibilityModifier","data":{"id":"33","elements":{"id":"e6e0bf84-cdc6-498a-8a3f-d52d6bd83fea","eClass":"interactivity:Path","data":{"path":"aql:root.eAllContents()->filter(papaya::Class)"}}}},{"id":"1664c2e9-8b25-4f36-9bb0-6f10c4655647","eClass":"interactivity:VisibilityModifier","data":{"id":"44","elements":{"id":"973cdbb5-a28c-45df-b59d-8b987f771d6f","eClass":"interactivity:Path","data":{"path":"aql:root.eAllContents()->filter(papaya::Class).extends"}}}}]}}]}}]}