{"id":"21d39345-8836-4a42-b028-1caad1b6b3a4","projectId":"8ea667e0-c950-42e5-bd32-89e1fd645a54","descriptionId":"siriusComponents://representationDescription?kind=diagramDescription&sourceKind=view&sourceId=83f1194e-9833-398b-80ad-be5d77e02585&sourceElementId=69759f30-4e65-30aa-993f-737737d778b9","targetObjectId":"5f9c83a7-b88f-4668-893e-c08018c42c22","label":"java.base class diagram 2","kind":"siriusComponents://representation?type=Diagram","representation":{"id":"21d39345-8836-4a42-b028-1caad1b6b3a4","kind":"siriusComponents://representation?type=Diagram","targetObjectId":"5f9c83a7-b88f-4668-893e-c08018c42c22","descriptionId":"siriusComponents://representationDescription?kind=diagramDescription&sourceKind=view&sourceId=83f1194e-9833-398b-80ad-be5d77e02585&sourceElementId=69759f30-4e65-30aa-993f-737737d778b9","label":"java.base class diagram 2","position":{"x":-1.0,"y":-1.0},"size":{"width":-1.0,"height":-1.0},"nodes":[],"edges":[],"layoutData":{"nodeLayoutData":{},"edgeLayoutData":{},"labelLayoutData":{}}}}