{"json":{"version":"1.0","encoding":"utf-8"},"ns":{"papaya":"https://www.eclipse.org/sirius-web/papaya"},"content":[{"id":"c5971d31-2a16-4e11-b351-2912e8b386e8","eClass":"papaya:Project","data":{"name":"Reactive Streams Project","components":[{"id":"d665e6b8-9ba8-4a55-aa7b-a67e6ff092fc","eClass":"papaya:Component","data":{"name":"reactive-streams","usedAsDependencyBy":["papaya:Component 4b5276d8-8fa0-4396-8806-faa24b3db9a4#//@components.0"],"packages":[{"id":"ae08352b-072c-487b-ae93-5791eb2372e5","eClass":"papaya:Package","data":{"name":"org.reactivestreams","types":[{"id":"ca8909b7-707c-4434-a910-b057fc321cb8","eClass":"papaya:Interface","data":{"name":"Processor","typeParameters":[{"id":"b223c14f-42da-4fc1-bd1c-d6470e00d6c0","eClass":"papaya:TypeParameter","data":{"name":"T"}},{"id":"35b840bb-af26-4ab2-9994-8a58f3143a25","eClass":"papaya:TypeParameter","data":{"name":"T"}},{"id":"28d9cd23-676b-4835-a896-24a26ea70ff8","eClass":"papaya:TypeParameter","data":{"name":"R"}}],"extends":["//@components.0/@packages.0/@types.1","//@components.0/@packages.0/@types.2"]}},{"id":"fd3ddee5-d4ea-49ab-a175-2423c9d9760f","eClass":"papaya:Interface","data":{"name":"Publisher","typeParameters":[{"id":"138536cb-c13e-4e07-9588-9fb2458d7378","eClass":"papaya:TypeParameter","data":{"name":"T"}},{"id":"6a9bd5d1-2a94-443e-a013-a0094ff3f0e1","eClass":"papaya:TypeParameter","data":{"name":"T"}}],"extendedBy":["papaya:Interface 4b5276d8-8fa0-4396-8806-faa24b3db9a4#//@components.0/@packages.0/@packages.0/@types.1","papaya:Interface #//@components.0/@packages.0/@types.0"],"operations":[{"id":"ca359aa8-f0c8-4118-a58e-edc746a766db","eClass":"papaya:Operation","data":{"name":"subscribe","type":{"id":"f525e6c6-a8f9-47f3-95d3-a40039dae986","eClass":"papaya:GenericType","data":{"rawType":"papaya:Class efe8ed63-a04b-4469-a6aa-4c0d3e26ac8a#//@components.0/@packages.0/@types.9"}},"parameters":[{"id":"ab4e3bff-3b9c-4e6b-8b18-3de34a68d9ac","eClass":"papaya:Parameter","data":{"name":"arg0","type":{"id":"2efb38ce-1ac0-44dd-bd57-dc4dad50489b","eClass":"papaya:GenericType","data":{"rawType":"//@components.0/@packages.0/@types.2"}}}}]}}]}},{"id":"4e1f5edb-df89-47a3-9218-fe5d4ee16568","eClass":"papaya:Interface","data":{"name":"Subscriber","typeParameters":[{"id":"30de52ed-ac6d-49bf-89ff-654ea294fc5b","eClass":"papaya:TypeParameter","data":{"name":"T"}},{"id":"e8eb5ca9-0142-4eaf-906a-2900a2925b41","eClass":"papaya:TypeParameter","data":{"name":"T"}}],"extendedBy":["papaya:Interface 4b5276d8-8fa0-4396-8806-faa24b3db9a4#//@components.0/@packages.0/@packages.0/@types.2","papaya:Interface #//@components.0/@packages.0/@types.0"],"operations":[{"id":"5acef165-2a07-48fe-bb54-03e0651a6855","eClass":"papaya:Operation","data":{"name":"onComplete","type":{"id":"d99c0fce-8383-4be6-8e30-cc7a929e48c8","eClass":"papaya:GenericType","data":{"rawType":"papaya:Class efe8ed63-a04b-4469-a6aa-4c0d3e26ac8a#//@components.0/@packages.0/@types.9"}}}},{"id":"a05a8edc-54e4-4556-8eca-1b38ba3b175c","eClass":"papaya:Operation","data":{"name":"onNext","type":{"id":"85b5b520-53f1-45b2-bfaa-aa521c0717a6","eClass":"papaya:GenericType","data":{"rawType":"papaya:Class efe8ed63-a04b-4469-a6aa-4c0d3e26ac8a#//@components.0/@packages.0/@types.9"}},"parameters":[{"id":"77fe9b5d-844a-4fe2-bd7f-fd470706ddde","eClass":"papaya:Parameter","data":{"name":"arg0","type":{"id":"62b13965-b67c-45ea-9d6d-35d9086c378d","eClass":"papaya:GenericType","data":{"rawType":"papaya:Class efe8ed63-a04b-4469-a6aa-4c0d3e26ac8a#//@components.0/@packages.0/@types.9"}}}}]}},{"id":"1416ba35-098c-40bb-aae3-79ee8a772c92","eClass":"papaya:Operation","data":{"name":"onError","type":{"id":"c616c59d-eb75-472d-8ded-bb1888576b2e","eClass":"papaya:GenericType","data":{"rawType":"papaya:Class efe8ed63-a04b-4469-a6aa-4c0d3e26ac8a#//@components.0/@packages.0/@types.9"}},"parameters":[{"id":"8db12558-0689-4ca6-b433-b14fc83bbc9e","eClass":"papaya:Parameter","data":{"name":"arg0","type":{"id":"ffcd2694-7eff-427f-b178-c5715fbdfae0","eClass":"papaya:GenericType","data":{"rawType":"papaya:Class efe8ed63-a04b-4469-a6aa-4c0d3e26ac8a#//@components.0/@packages.0/@types.9"}}}}]}},{"id":"c6933ff6-fbe8-45d7-958b-35239a8fb705","eClass":"papaya:Operation","data":{"name":"onSubscribe","type":{"id":"91be9363-f602-4b1d-ab3b-c481c6f2ee05","eClass":"papaya:GenericType","data":{"rawType":"papaya:Class efe8ed63-a04b-4469-a6aa-4c0d3e26ac8a#//@components.0/@packages.0/@types.9"}},"parameters":[{"id":"ebdda108-2d31-40ae-9f8f-b6fa2bb28e2b","eClass":"papaya:Parameter","data":{"name":"arg0","type":{"id":"c80fbcad-0f49-433c-881c-bde143d33f53","eClass":"papaya:GenericType","data":{"rawType":"//@components.0/@packages.0/@types.3"}}}}]}}]}},{"id":"86988593-fd7c-43ec-ad18-14fd3c5a6916","eClass":"papaya:Interface","data":{"name":"Subscription","operations":[{"id":"c6513717-7bc3-4fc8-b108-ca2cc6bd62f4","eClass":"papaya:Operation","data":{"name":"cancel","type":{"id":"7c2b92f0-1d51-4b6e-a2d8-0c99f4be428e","eClass":"papaya:GenericType","data":{"rawType":"papaya:Class efe8ed63-a04b-4469-a6aa-4c0d3e26ac8a#//@components.0/@packages.0/@types.9"}}}},{"id":"fbfaedfd-ea7e-4cf3-a470-9fdee4d9c043","eClass":"papaya:Operation","data":{"name":"request","type":{"id":"2322e8f8-974f-4142-9394-8da766e508f1","eClass":"papaya:GenericType","data":{"rawType":"papaya:Class efe8ed63-a04b-4469-a6aa-4c0d3e26ac8a#//@components.0/@packages.0/@types.9"}},"parameters":[{"id":"1908c43c-bb3c-4537-89cb-a4292b710d0b","eClass":"papaya:Parameter","data":{"name":"arg0","type":{"id":"246f59de-aed5-4758-baa8-ccc2624aaea8","eClass":"papaya:GenericType","data":{"rawType":"papaya:Class efe8ed63-a04b-4469-a6aa-4c0d3e26ac8a#//@components.0/@packages.0/@types.9"}}}}]}}]}}]}}]}}]}}]}