{"json":{"version":"1.0","encoding":"utf-8"},"ns":{"papaya":"https://www.eclipse.org/sirius-web/papaya"},"content":[{"id":"4cb15c72-98c5-40e8-9b72-4a3934af4883","eClass":"papaya:Project","data":{"name":"backend","components":[{"id":"20c7d77a-4d1c-47af-87d4-5e209e308277","eClass":"papaya:Component","data":{"name":"sirius-components-selection","dependencies":["papaya:Component 5ae54267-d150-415f-8cca-6429a3a3bb82#//@components.0","papaya:Component 5ae54267-d150-415f-8cca-6429a3a3bb82#//@components.5"],"usedAsDependencyBy":["papaya:Component f401ac9d-8f1c-4bf7-bf39-b83a321a16fa#//@components.0","papaya:Component #//@components.1"],"packages":[{"id":"c7aac2c3-77e1-4a41-810a-73171c95aee7","eClass":"papaya:Package","data":{"name":"org.eclipse.sirius.components.selection","types":[{"id":"8a7ce504-0c0a-4917-b486-369427c74b5c","eClass":"papaya:Class","data":{"name":"Selection","types":[{"id":"a555dc01-0909-49c5-b1cd-165095d3f9d2","eClass":"papaya:Class","data":{"name":"Builder","final":true,"static":true,"extends":"papaya:Class efe8ed63-a04b-4469-a6aa-4c0d3e26ac8a#//@components.0/@packages.0/@types.9","constructors":[{"id":"befb2fcf-0242-4659-b7c2-4a4fa8f010fb","eClass":"papaya:Constructor","data":{"parameters":[{"id":"d39e9f44-54bd-48e8-a997-efc5ed72f683","eClass":"papaya:Parameter","data":{"name":"id","type":{"id":"68a08343-6220-4464-a377-7f6c83d3c58f","eClass":"papaya:GenericType","data":{"rawType":"papaya:Class efe8ed63-a04b-4469-a6aa-4c0d3e26ac8a#//@components.0/@packages.0/@types.10"}}}}],"visibility":"PRIVATE"}}],"attributes":[{"id":"1ae869c3-653d-4160-964a-c0ff7f656d52","eClass":"papaya:Attribute","data":{"name":"id","type":{"id":"8cc7fde2-6b9b-4c40-b99e-cafc8443ca62","eClass":"papaya:GenericType","data":{"rawType":"papaya:Class efe8ed63-a04b-4469-a6aa-4c0d3e26ac8a#//@components.0/@packages.0/@types.10"}},"visibility":"PRIVATE"}},{"id":"a6f5612f-b4b6-41ab-b3ad-8604f5340e1a","eClass":"papaya:Attribute","data":{"name":"kind","type":{"id":"67daaf88-e848-474a-a13e-35de021fe554","eClass":"papaya:GenericType","data":{"rawType":"papaya:Class efe8ed63-a04b-4469-a6aa-4c0d3e26ac8a#//@components.0/@packages.0/@types.10"}},"visibility":"PRIVATE"}},{"id":"1756e022-85d2-44ce-83fa-d13789778365","eClass":"papaya:Attribute","data":{"name":"descriptionId","type":{"id":"8fbede18-74fc-4988-97db-f65ba5763bcb","eClass":"papaya:GenericType","data":{"rawType":"papaya:Class efe8ed63-a04b-4469-a6aa-4c0d3e26ac8a#//@components.0/@packages.0/@types.10"}},"visibility":"PRIVATE"}},{"id":"a1f0e47d-31bb-417b-a6cc-577f9ba6f19d","eClass":"papaya:Attribute","data":{"name":"label","type":{"id":"57c20061-16d2-47c8-b473-0beafd229c2b","eClass":"papaya:GenericType","data":{"rawType":"papaya:Class efe8ed63-a04b-4469-a6aa-4c0d3e26ac8a#//@components.0/@packages.0/@types.10"}},"visibility":"PRIVATE"}},{"id":"30a2b213-95c7-4490-9117-733e4c62ad8a","eClass":"papaya:Attribute","data":{"name":"targetObjectId","type":{"id":"c4321307-d3af-4224-a742-c6a0454c864e","eClass":"papaya:GenericType","data":{"rawType":"papaya:Class efe8ed63-a04b-4469-a6aa-4c0d3e26ac8a#//@components.0/@packages.0/@types.10"}},"visibility":"PRIVATE"}},{"id":"566603bf-9e43-40f3-86b2-6d8c36e2e0a1","eClass":"papaya:Attribute","data":{"name":"message","type":{"id":"39cea7b1-b7a0-4407-a1a3-8debbe539cb5","eClass":"papaya:GenericType","data":{"rawType":"papaya:Class efe8ed63-a04b-4469-a6aa-4c0d3e26ac8a#//@components.0/@packages.0/@types.10"}},"visibility":"PRIVATE"}},{"id":"37f44e24-ab39-45bb-8a2a-baa756817690","eClass":"papaya:Attribute","data":{"name":"objects","type":{"id":"3457e283-2878-4fbb-a8c0-1e6ac75682e0","eClass":"papaya:GenericType","data":{"rawType":"papaya:Interface efe8ed63-a04b-4469-a6aa-4c0d3e26ac8a#//@components.0/@packages.4/@types.2","typeArguments":[{"id":"d6015de6-878d-46f1-8034-5bcc49df2df4","eClass":"papaya:GenericType","data":{"rawType":"//@components.0/@packages.0/@types.1"}}]}},"visibility":"PRIVATE"}}],"operations":[{"id":"f0a8b5f4-b14f-4532-bfd9-c97d68203e9b","eClass":"papaya:Operation","data":{"name":"message","type":{"id":"81a9090f-19cd-44ff-b0e9-85042c75def9","eClass":"papaya:GenericType","data":{"rawType":"//@components.0/@packages.0/@types.0/@types.0"}},"parameters":[{"id":"9f2ad52e-b69e-4f57-81ff-6c3ef9c8ce1e","eClass":"papaya:Parameter","data":{"name":"message","type":{"id":"c3016bb2-e822-4cc1-a6d2-8ec5f416ded2","eClass":"papaya:GenericType","data":{"rawType":"papaya:Class efe8ed63-a04b-4469-a6aa-4c0d3e26ac8a#//@components.0/@packages.0/@types.10"}}}}]}},{"id":"13907c70-55d1-471a-92da-7fee60c441d7","eClass":"papaya:Operation","data":{"name":"build","type":{"id":"08d219f3-a9c3-4a48-8a48-ebdadb8468ea","eClass":"papaya:GenericType","data":{"rawType":"//@components.0/@packages.0/@types.0"}}}},{"id":"5050835f-cafa-44ba-a314-7fb15fc43e42","eClass":"papaya:Operation","data":{"name":"label","type":{"id":"383960f2-0332-41f3-8663-601dc854378f","eClass":"papaya:GenericType","data":{"rawType":"//@components.0/@packages.0/@types.0/@types.0"}},"parameters":[{"id":"1bbf83ac-463b-4236-b3e6-8976944c7034","eClass":"papaya:Parameter","data":{"name":"label","type":{"id":"ec7094d5-915d-47e5-a633-b958c1700f7a","eClass":"papaya:GenericType","data":{"rawType":"papaya:Class efe8ed63-a04b-4469-a6aa-4c0d3e26ac8a#//@components.0/@packages.0/@types.10"}}}}]}},{"id":"bb1879fd-da8f-4147-b444-ab60a2d3b455","eClass":"papaya:Operation","data":{"name":"descriptionId","type":{"id":"3e64d3c2-25fa-4bf7-90ca-f4ff6058ce9b","eClass":"papaya:GenericType","data":{"rawType":"//@components.0/@packages.0/@types.0/@types.0"}},"parameters":[{"id":"264e14ca-389c-496c-940e-681118beec13","eClass":"papaya:Parameter","data":{"name":"descriptionId","type":{"id":"dd09e697-7181-472e-af34-b0f5d86a6e7d","eClass":"papaya:GenericType","data":{"rawType":"papaya:Class efe8ed63-a04b-4469-a6aa-4c0d3e26ac8a#//@components.0/@packages.0/@types.10"}}}}]}},{"id":"6d9c4e1e-2cfb-445c-85ed-69e96833fd70","eClass":"papaya:Operation","data":{"name":"targetObjectId","type":{"id":"173c01db-7a6d-4d44-abb3-39742905e0c3","eClass":"papaya:GenericType","data":{"rawType":"//@components.0/@packages.0/@types.0/@types.0"}},"parameters":[{"id":"0cc160c9-a4f2-45b7-ac3e-60b416ddd7cb","eClass":"papaya:Parameter","data":{"name":"targetObjectId","type":{"id":"d085ddb8-732d-4b4d-a995-62acc9b0d673","eClass":"papaya:GenericType","data":{"rawType":"papaya:Class efe8ed63-a04b-4469-a6aa-4c0d3e26ac8a#//@components.0/@packages.0/@types.10"}}}}]}},{"id":"aebd9cf3-81cc-4699-802b-5a94c2f72788","eClass":"papaya:Operation","data":{"name":"objects","type":{"id":"1f5faf74-a062-4471-b95c-64ee0cd11de0","eClass":"papaya:GenericType","data":{"rawType":"//@components.0/@packages.0/@types.0/@types.0"}},"parameters":[{"id":"dfc2f58c-4399-4635-b3bc-fbfef5dadd61","eClass":"papaya:Parameter","data":{"name":"objects","type":{"id":"0bcd168b-2621-4d9c-89bd-4487a047c55c","eClass":"papaya:GenericType","data":{"rawType":"papaya:Interface efe8ed63-a04b-4469-a6aa-4c0d3e26ac8a#//@components.0/@packages.4/@types.2"}}}}]}}]}}],"implements":["papaya:Interface 5ae54267-d150-415f-8cca-6429a3a3bb82#//@components.5/@packages.0/@types.12"],"final":true,"extends":"papaya:Class efe8ed63-a04b-4469-a6aa-4c0d3e26ac8a#//@components.0/@packages.0/@types.9","constructors":[{"id":"059809b5-788a-4ea8-8330-afad49abb75b","eClass":"papaya:Constructor","data":{"visibility":"PRIVATE"}}],"attributes":[{"id":"da93cdc9-0708-439f-ab9f-0d182d3ca179","eClass":"papaya:Attribute","data":{"name":"KIND","type":{"id":"9272793b-50ca-4d55-bbff-bc9f4764246d","eClass":"papaya:GenericType","data":{"rawType":"papaya:Class efe8ed63-a04b-4469-a6aa-4c0d3e26ac8a#//@components.0/@packages.0/@types.10"}},"final":true,"static":true}},{"id":"ca936c4a-ad70-4f4b-a71e-4e964c3d5c78","eClass":"papaya:Attribute","data":{"name":"PREFIX","type":{"id":"538fc0a7-b213-4191-8d69-392b0bcd5cf7","eClass":"papaya:GenericType","data":{"rawType":"papaya:Class efe8ed63-a04b-4469-a6aa-4c0d3e26ac8a#//@components.0/@packages.0/@types.10"}},"final":true,"static":true}},{"id":"39c5d1ef-73c6-42a4-83ee-9ae1b67b7a98","eClass":"papaya:Attribute","data":{"name":"TITLE","type":{"id":"97efdd9f-f65b-4eb6-bc58-828d0f4f09e2","eClass":"papaya:GenericType","data":{"rawType":"papaya:Class efe8ed63-a04b-4469-a6aa-4c0d3e26ac8a#//@components.0/@packages.0/@types.10"}},"final":true,"static":true}},{"id":"18220f13-997b-4b54-81c0-f9f804612547","eClass":"papaya:Attribute","data":{"name":"id","type":{"id":"f3590f91-3a95-4c96-b5e3-189a4ec449a9","eClass":"papaya:GenericType","data":{"rawType":"papaya:Class efe8ed63-a04b-4469-a6aa-4c0d3e26ac8a#//@components.0/@packages.0/@types.10"}},"visibility":"PRIVATE"}},{"id":"36afdd57-a8ac-4db3-963d-94334b4c821f","eClass":"papaya:Attribute","data":{"name":"kind","type":{"id":"d87c4cba-7653-4bae-8b48-ababce725936","eClass":"papaya:GenericType","data":{"rawType":"papaya:Class efe8ed63-a04b-4469-a6aa-4c0d3e26ac8a#//@components.0/@packages.0/@types.10"}},"visibility":"PRIVATE"}},{"id":"db659678-eac6-4a7d-b01b-bcb0fc15cca2","eClass":"papaya:Attribute","data":{"name":"descriptionId","type":{"id":"f76c6a65-a46c-4b7b-b749-b541422f2c4f","eClass":"papaya:GenericType","data":{"rawType":"papaya:Class efe8ed63-a04b-4469-a6aa-4c0d3e26ac8a#//@components.0/@packages.0/@types.10"}},"visibility":"PRIVATE"}},{"id":"2a8a5249-02dc-46d5-acd7-921fc0c3e57b","eClass":"papaya:Attribute","data":{"name":"label","type":{"id":"0d7d9ddd-a162-49b7-81ab-a1c540956fed","eClass":"papaya:GenericType","data":{"rawType":"papaya:Class efe8ed63-a04b-4469-a6aa-4c0d3e26ac8a#//@components.0/@packages.0/@types.10"}},"visibility":"PRIVATE"}},{"id":"c9fd2fff-bb62-437f-a966-bb203af78a51","eClass":"papaya:Attribute","data":{"name":"targetObjectId","type":{"id":"628b369f-eea7-4d63-8c4f-92fbd3a0b179","eClass":"papaya:GenericType","data":{"rawType":"papaya:Class efe8ed63-a04b-4469-a6aa-4c0d3e26ac8a#//@components.0/@packages.0/@types.10"}},"visibility":"PRIVATE"}},{"id":"fab8aa9d-62e8-4230-9794-89f296424f6e","eClass":"papaya:Attribute","data":{"name":"message","type":{"id":"edd4f616-d4bd-4736-89bd-7ec309f48c94","eClass":"papaya:GenericType","data":{"rawType":"papaya:Class efe8ed63-a04b-4469-a6aa-4c0d3e26ac8a#//@components.0/@packages.0/@types.10"}},"visibility":"PRIVATE"}},{"id":"3851e17b-6171-4418-b262-971ac4d110a9","eClass":"papaya:Attribute","data":{"name":"objects","type":{"id":"ee72c8b9-9f32-488b-9e65-1dffd6823153","eClass":"papaya:GenericType","data":{"rawType":"papaya:Interface efe8ed63-a04b-4469-a6aa-4c0d3e26ac8a#//@components.0/@packages.4/@types.2","typeArguments":[{"id":"a52146fd-bbe2-4e96-88df-2b4f11474b01","eClass":"papaya:GenericType","data":{"rawType":"//@components.0/@packages.0/@types.1"}}]}},"visibility":"PRIVATE"}}],"operations":[{"id":"1d0d3843-c7a2-48d9-ac58-4d61d053d5b7","eClass":"papaya:Operation","data":{"name":"toString","type":{"id":"83caf71c-aecc-4795-96a8-a9cfdd15ac52","eClass":"papaya:GenericType","data":{"rawType":"papaya:Class efe8ed63-a04b-4469-a6aa-4c0d3e26ac8a#//@components.0/@packages.0/@types.10"}}}},{"id":"9b63636c-b349-4b6d-b651-e14783dc978a","eClass":"papaya:Operation","data":{"name":"getMessage","type":{"id":"a6355738-77cf-4589-8d7f-f5bf5c964e06","eClass":"papaya:GenericType","data":{"rawType":"papaya:Class efe8ed63-a04b-4469-a6aa-4c0d3e26ac8a#//@components.0/@packages.0/@types.10"}}}},{"id":"3e278187-b52b-4d5d-b4ed-31a8a35504c0","eClass":"papaya:Operation","data":{"name":"getId","type":{"id":"a1047d2a-b00a-4c58-a4a9-163733a54a80","eClass":"papaya:GenericType","data":{"rawType":"papaya:Class efe8ed63-a04b-4469-a6aa-4c0d3e26ac8a#//@components.0/@packages.0/@types.10"}}}},{"id":"600f3289-0069-4a74-aa23-14bfb8ae055a","eClass":"papaya:Operation","data":{"name":"getObjects","type":{"id":"2a47b7f9-228c-4627-a130-f59eb4f86228","eClass":"papaya:GenericType","data":{"rawType":"papaya:Interface efe8ed63-a04b-4469-a6aa-4c0d3e26ac8a#//@components.0/@packages.4/@types.2","typeArguments":[{"id":"21fd6f27-8a92-4caa-a541-96d686321299","eClass":"papaya:GenericType","data":{"rawType":"//@components.0/@packages.0/@types.1"}}]}}}},{"id":"fe055d45-92d3-4a49-918d-8acc51d23e13","eClass":"papaya:Operation","data":{"name":"newSelection","type":{"id":"a8594812-281b-42ce-a25c-57a05e11c42a","eClass":"papaya:GenericType","data":{"rawType":"//@components.0/@packages.0/@types.0/@types.0"}},"static":true,"parameters":[{"id":"cd6d9674-c6f9-4b04-9769-3b4bc9d8e3c5","eClass":"papaya:Parameter","data":{"name":"id","type":{"id":"bd7a42a6-965b-407b-8916-f889306c3e36","eClass":"papaya:GenericType","data":{"rawType":"papaya:Class efe8ed63-a04b-4469-a6aa-4c0d3e26ac8a#//@components.0/@packages.0/@types.10"}}}}]}},{"id":"dfb80d3a-d7f6-4126-a909-2ae73f2a9f56","eClass":"papaya:Operation","data":{"name":"getTargetObjectId","type":{"id":"7b1aa6c8-d1b2-455c-a5f0-a404cf1c9482","eClass":"papaya:GenericType","data":{"rawType":"papaya:Class efe8ed63-a04b-4469-a6aa-4c0d3e26ac8a#//@components.0/@packages.0/@types.10"}}}},{"id":"bc9306db-b976-4b8f-9492-bbd15472a9fc","eClass":"papaya:Operation","data":{"name":"getDescriptionId","type":{"id":"29621b21-3d0b-4516-94f9-b40538a49cd5","eClass":"papaya:GenericType","data":{"rawType":"papaya:Class efe8ed63-a04b-4469-a6aa-4c0d3e26ac8a#//@components.0/@packages.0/@types.10"}}}},{"id":"a017dd60-6156-40c9-8550-f7da4bea2ed1","eClass":"papaya:Operation","data":{"name":"getLabel","type":{"id":"4e505d1e-59c0-45cc-b63e-f37b8d2f5744","eClass":"papaya:GenericType","data":{"rawType":"papaya:Class efe8ed63-a04b-4469-a6aa-4c0d3e26ac8a#//@components.0/@packages.0/@types.10"}}}},{"id":"4e029183-93e2-4fec-bf14-68099b851f72","eClass":"papaya:Operation","data":{"name":"getKind","type":{"id":"cde897b5-95ca-4bd1-8951-e617deff63b6","eClass":"papaya:GenericType","data":{"rawType":"papaya:Class efe8ed63-a04b-4469-a6aa-4c0d3e26ac8a#//@components.0/@packages.0/@types.10"}}}}]}},{"id":"34771fe5-fa8b-4484-b333-4608bd301785","eClass":"papaya:Class","data":{"name":"SelectionObject","types":[{"id":"3c325712-50b1-4dba-b4f6-2eeed1d13081","eClass":"papaya:Class","data":{"name":"Builder","final":true,"static":true,"extends":"papaya:Class efe8ed63-a04b-4469-a6aa-4c0d3e26ac8a#//@components.0/@packages.0/@types.9","constructors":[{"id":"e09108bb-fb4f-42d7-881d-b410776f5db8","eClass":"papaya:Constructor","data":{"parameters":[{"id":"9a24eb85-a233-437a-ba74-b5014eeb0cbb","eClass":"papaya:Parameter","data":{"name":"id","type":{"id":"245ea2f1-8970-47e6-b5f6-7f6363217674","eClass":"papaya:GenericType","data":{"rawType":"papaya:Class efe8ed63-a04b-4469-a6aa-4c0d3e26ac8a#//@components.0/@packages.4/@types.0"}}}}],"visibility":"PRIVATE"}}],"attributes":[{"id":"8522c5fa-9f4e-4254-adba-0d978fde1fff","eClass":"papaya:Attribute","data":{"name":"id","type":{"id":"a35e2482-c7ee-4135-8372-72cbfd0ef1c9","eClass":"papaya:GenericType","data":{"rawType":"papaya:Class efe8ed63-a04b-4469-a6aa-4c0d3e26ac8a#//@components.0/@packages.4/@types.0"}},"visibility":"PRIVATE","final":true}},{"id":"8e1a65f8-ee2c-4d3a-ad23-23f6b13cd8a4","eClass":"papaya:Attribute","data":{"name":"label","type":{"id":"d14b3574-7720-4a68-a9a9-a25cc6cea439","eClass":"papaya:GenericType","data":{"rawType":"papaya:Class efe8ed63-a04b-4469-a6aa-4c0d3e26ac8a#//@components.0/@packages.0/@types.10"}},"visibility":"PRIVATE"}},{"id":"a71b421a-0277-46b2-a22d-0dd11b3ce532","eClass":"papaya:Attribute","data":{"name":"iconURL","type":{"id":"d50d9b45-c74c-4540-96c1-f18dce372169","eClass":"papaya:GenericType","data":{"rawType":"papaya:Interface efe8ed63-a04b-4469-a6aa-4c0d3e26ac8a#//@components.0/@packages.4/@types.2","typeArguments":[{"id":"b41f9fe3-4051-4ec6-a958-6eb843cc25a9","eClass":"papaya:GenericType","data":{"rawType":"papaya:Class efe8ed63-a04b-4469-a6aa-4c0d3e26ac8a#//@components.0/@packages.0/@types.10"}}]}},"visibility":"PRIVATE"}}],"operations":[{"id":"b4b07c68-6b4b-4ad6-afd9-a90ec9685c94","eClass":"papaya:Operation","data":{"name":"build","type":{"id":"e00bb0bb-bed5-416d-961d-a9a9c31d448e","eClass":"papaya:GenericType","data":{"rawType":"//@components.0/@packages.0/@types.1"}}}},{"id":"a3ca224f-5667-4868-b2bf-52ebfbcdc53c","eClass":"papaya:Operation","data":{"name":"label","type":{"id":"4d991bcc-9fd5-490e-88e2-512c5d00ffdf","eClass":"papaya:GenericType","data":{"rawType":"//@components.0/@packages.0/@types.1/@types.0"}},"parameters":[{"id":"c8f7f898-aa47-498e-9cc0-1d6763eb7606","eClass":"papaya:Parameter","data":{"name":"label","type":{"id":"314b0910-bb9a-401f-bd68-079d876995a4","eClass":"papaya:GenericType","data":{"rawType":"papaya:Class efe8ed63-a04b-4469-a6aa-4c0d3e26ac8a#//@components.0/@packages.0/@types.10"}}}}]}},{"id":"5734263d-e96b-4901-9a8f-ba396de05a38","eClass":"papaya:Operation","data":{"name":"iconURL","type":{"id":"4903350b-d2db-4e19-b67b-a12b2317d3f8","eClass":"papaya:GenericType","data":{"rawType":"//@components.0/@packages.0/@types.1/@types.0"}},"parameters":[{"id":"81b19f5d-aa46-438a-8eba-0b2c6fde75f0","eClass":"papaya:Parameter","data":{"name":"iconURL","type":{"id":"768aff74-f095-4db6-8a30-b2fba68c0316","eClass":"papaya:GenericType","data":{"rawType":"papaya:Interface efe8ed63-a04b-4469-a6aa-4c0d3e26ac8a#//@components.0/@packages.4/@types.2"}}}}]}}]}}],"final":true,"extends":"papaya:Class efe8ed63-a04b-4469-a6aa-4c0d3e26ac8a#//@components.0/@packages.0/@types.9","constructors":[{"id":"2a6984b6-222c-4be8-b44f-76a12bb2d508","eClass":"papaya:Constructor","data":{"visibility":"PRIVATE"}}],"attributes":[{"id":"5a2aa272-63a6-451e-bb50-e97f0847f00f","eClass":"papaya:Attribute","data":{"name":"id","type":{"id":"b2a4b22d-7b06-4c27-bb80-4f336ee0f64e","eClass":"papaya:GenericType","data":{"rawType":"papaya:Class efe8ed63-a04b-4469-a6aa-4c0d3e26ac8a#//@components.0/@packages.4/@types.0"}},"visibility":"PRIVATE"}},{"id":"6a7be7ce-9a16-4b8e-9be3-12fde0ed19dd","eClass":"papaya:Attribute","data":{"name":"label","type":{"id":"9ee24729-0b3e-4ee3-bd34-1699da4b27a3","eClass":"papaya:GenericType","data":{"rawType":"papaya:Class efe8ed63-a04b-4469-a6aa-4c0d3e26ac8a#//@components.0/@packages.0/@types.10"}},"visibility":"PRIVATE"}},{"id":"05c7d979-2744-45d8-9ff1-a04845583605","eClass":"papaya:Attribute","data":{"name":"iconURL","type":{"id":"f0069056-5335-4e58-a281-6aaa7f6e8df6","eClass":"papaya:GenericType","data":{"rawType":"papaya:Interface efe8ed63-a04b-4469-a6aa-4c0d3e26ac8a#//@components.0/@packages.4/@types.2","typeArguments":[{"id":"c9dc1587-1caa-4b76-baa7-4be5630af0a9","eClass":"papaya:GenericType","data":{"rawType":"papaya:Class efe8ed63-a04b-4469-a6aa-4c0d3e26ac8a#//@components.0/@packages.0/@types.10"}}]}},"visibility":"PRIVATE"}}],"operations":[{"id":"bbd445bd-8f78-4692-925f-8a1aa1edb977","eClass":"papaya:Operation","data":{"name":"toString","type":{"id":"733173de-7d83-4712-bc4e-15d37744eec6","eClass":"papaya:GenericType","data":{"rawType":"papaya:Class efe8ed63-a04b-4469-a6aa-4c0d3e26ac8a#//@components.0/@packages.0/@types.10"}}}},{"id":"8c3a8735-f9b0-440f-9fe2-99c8f7323f94","eClass":"papaya:Operation","data":{"name":"getId","type":{"id":"4279f854-d68e-43c2-b5df-cd660bd0f476","eClass":"papaya:GenericType","data":{"rawType":"papaya:Class efe8ed63-a04b-4469-a6aa-4c0d3e26ac8a#//@components.0/@packages.4/@types.0"}}}},{"id":"06e646ce-194e-47d7-893c-e74d59ed273d","eClass":"papaya:Operation","data":{"name":"newSelectionObject","type":{"id":"0515eda0-1c95-4e5a-97eb-01d198c9bd30","eClass":"papaya:GenericType","data":{"rawType":"//@components.0/@packages.0/@types.1/@types.0"}},"static":true,"parameters":[{"id":"0afe8930-928e-4ae5-8175-efc92e501c58","eClass":"papaya:Parameter","data":{"name":"id","type":{"id":"f2e0c2ee-c15d-427a-9e6d-673b0af222f0","eClass":"papaya:GenericType","data":{"rawType":"papaya:Class efe8ed63-a04b-4469-a6aa-4c0d3e26ac8a#//@components.0/@packages.4/@types.0"}}}}]}},{"id":"f79fe3b6-5f09-4295-8593-709f53f53846","eClass":"papaya:Operation","data":{"name":"getIconURL","type":{"id":"ae8f01bc-2316-42c4-a83c-9464b30dc032","eClass":"papaya:GenericType","data":{"rawType":"papaya:Interface efe8ed63-a04b-4469-a6aa-4c0d3e26ac8a#//@components.0/@packages.4/@types.2","typeArguments":[{"id":"7ee3fd4f-d4b2-44aa-9607-e7ae3453d08c","eClass":"papaya:GenericType","data":{"rawType":"papaya:Class efe8ed63-a04b-4469-a6aa-4c0d3e26ac8a#//@components.0/@packages.0/@types.10"}}]}}}},{"id":"7c47b902-ee68-4025-a320-415635f6fc5a","eClass":"papaya:Operation","data":{"name":"getLabel","type":{"id":"0b569d8c-7be2-4b9e-849c-e13a230d23a5","eClass":"papaya:GenericType","data":{"rawType":"papaya:Class efe8ed63-a04b-4469-a6aa-4c0d3e26ac8a#//@components.0/@packages.0/@types.10"}}}}]}}],"packages":[{"id":"d8f77e45-0d58-4580-8abe-eb90a9452a26","eClass":"papaya:Package","data":{"name":"description","types":[{"id":"3e0a4699-78ea-43a3-95e9-62ef78ce9ca6","eClass":"papaya:Class","data":{"name":"SelectionDescription","types":[{"id":"ba488e35-3b0b-424b-b0bc-b135af63aa56","eClass":"papaya:Class","data":{"name":"Builder","final":true,"static":true,"extends":"papaya:Class efe8ed63-a04b-4469-a6aa-4c0d3e26ac8a#//@components.0/@packages.0/@types.9","constructors":[{"id":"08889973-351e-489c-9576-00493c9390a3","eClass":"papaya:Constructor","data":{"parameters":[{"id":"15e3e815-db10-4e83-95d4-9c47e73b07e1","eClass":"papaya:Parameter","data":{"name":"id","type":{"id":"9c7b23a3-b95f-4d86-b066-391a98780e6c","eClass":"papaya:GenericType","data":{"rawType":"papaya:Class efe8ed63-a04b-4469-a6aa-4c0d3e26ac8a#//@components.0/@packages.0/@types.10"}}}}],"visibility":"PRIVATE"}}],"attributes":[{"id":"ca90ec8c-23c8-4a0d-a68d-f5616c500e72","eClass":"papaya:Attribute","data":{"name":"id","type":{"id":"85039c03-b9a9-40f3-8627-e55201a98f98","eClass":"papaya:GenericType","data":{"rawType":"papaya:Class efe8ed63-a04b-4469-a6aa-4c0d3e26ac8a#//@components.0/@packages.0/@types.10"}},"visibility":"PRIVATE","final":true}},{"id":"4ebbb6ff-e545-4008-a6f3-9aa3bf956a5a","eClass":"papaya:Attribute","data":{"name":"label","type":{"id":"32b6d8e9-acc0-4a2c-887e-0f083270f748","eClass":"papaya:GenericType","data":{"rawType":"papaya:Class efe8ed63-a04b-4469-a6aa-4c0d3e26ac8a#//@components.0/@packages.0/@types.10"}},"visibility":"PRIVATE"}},{"id":"e59136f8-1823-4c00-b5a0-b2d7aeb07d7e","eClass":"papaya:Attribute","data":{"name":"idProvider","type":{"id":"9c5c7796-d17a-4b0f-9c32-a23c78f8de61","eClass":"papaya:GenericType","data":{"rawType":"papaya:Interface efe8ed63-a04b-4469-a6aa-4c0d3e26ac8a#//@components.0/@packages.4/@packages.1/@types.0","typeArguments":[{"id":"740c489e-69a6-489c-9b5e-3097e696e643","eClass":"papaya:GenericType","data":{"rawType":"papaya:Class 5ae54267-d150-415f-8cca-6429a3a3bb82#//@components.5/@packages.0/@types.17"}},{"id":"85b2fe4b-97f1-4427-ab16-9116e7aa2864","eClass":"papaya:GenericType","data":{"rawType":"papaya:Class efe8ed63-a04b-4469-a6aa-4c0d3e26ac8a#//@components.0/@packages.0/@types.10"}}]}},"visibility":"PRIVATE"}},{"id":"302855af-242b-4d15-a698-d9c3f5ed6070","eClass":"papaya:Attribute","data":{"name":"labelProvider","type":{"id":"36f2d33e-68f4-443e-bc8e-0a613bb7cbe4","eClass":"papaya:GenericType","data":{"rawType":"papaya:Interface efe8ed63-a04b-4469-a6aa-4c0d3e26ac8a#//@components.0/@packages.4/@packages.1/@types.0","typeArguments":[{"id":"f9fb4749-6963-4040-9cde-01b459a667d9","eClass":"papaya:GenericType","data":{"rawType":"papaya:Class 5ae54267-d150-415f-8cca-6429a3a3bb82#//@components.5/@packages.0/@types.17"}},{"id":"0bc8526f-4620-4cac-bb71-8c51d8e48173","eClass":"papaya:GenericType","data":{"rawType":"papaya:Class efe8ed63-a04b-4469-a6aa-4c0d3e26ac8a#//@components.0/@packages.0/@types.10"}}]}},"visibility":"PRIVATE"}},{"id":"e5a26827-c74e-4799-83fb-b0c89b60bb9b","eClass":"papaya:Attribute","data":{"name":"targetObjectIdProvider","type":{"id":"37ddf0df-882b-4f30-9cb1-b29eea1404cd","eClass":"papaya:GenericType","data":{"rawType":"papaya:Interface efe8ed63-a04b-4469-a6aa-4c0d3e26ac8a#//@components.0/@packages.4/@packages.1/@types.0","typeArguments":[{"id":"b478a77b-d2c6-4609-97dc-1eee378363b2","eClass":"papaya:GenericType","data":{"rawType":"papaya:Class 5ae54267-d150-415f-8cca-6429a3a3bb82#//@components.5/@packages.0/@types.17"}},{"id":"c6b1459a-28ed-4d80-aed9-933fcc36f4bc","eClass":"papaya:GenericType","data":{"rawType":"papaya:Class efe8ed63-a04b-4469-a6aa-4c0d3e26ac8a#//@components.0/@packages.0/@types.10"}}]}},"visibility":"PRIVATE"}},{"id":"fcbea35a-3650-4f47-84b9-974a3738d12d","eClass":"papaya:Attribute","data":{"name":"iconURLProvider","type":{"id":"a582f2a4-c1b2-4f2b-8ecf-b149cd4758ce","eClass":"papaya:GenericType","data":{"rawType":"papaya:Interface efe8ed63-a04b-4469-a6aa-4c0d3e26ac8a#//@components.0/@packages.4/@packages.1/@types.0","typeArguments":[{"id":"36acee0e-e3b8-4a5a-9d02-46dadf5f733a","eClass":"papaya:GenericType","data":{"rawType":"papaya:Class 5ae54267-d150-415f-8cca-6429a3a3bb82#//@components.5/@packages.0/@types.17"}},{"id":"8d8902fd-8245-428f-a3a1-4d2cd10d723f","eClass":"papaya:GenericType","data":{"rawType":"papaya:Interface efe8ed63-a04b-4469-a6aa-4c0d3e26ac8a#//@components.0/@packages.4/@types.2","typeArguments":[{"id":"0abd0b02-0455-4ec6-86fe-69e3ecb12181","eClass":"papaya:GenericType","data":{"rawType":"papaya:Class efe8ed63-a04b-4469-a6aa-4c0d3e26ac8a#//@components.0/@packages.0/@types.10"}}]}}]}},"visibility":"PRIVATE"}},{"id":"123ab0ca-2b6f-46f8-a83b-c0aecc948559","eClass":"papaya:Attribute","data":{"name":"messageProvider","type":{"id":"ace13b0a-b09d-4545-a6c4-d85b8734cd73","eClass":"papaya:GenericType","data":{"rawType":"papaya:Interface efe8ed63-a04b-4469-a6aa-4c0d3e26ac8a#//@components.0/@packages.4/@packages.1/@types.0","typeArguments":[{"id":"e355d7f7-5459-45f7-a02b-1a4ed763226c","eClass":"papaya:GenericType","data":{"rawType":"papaya:Class 5ae54267-d150-415f-8cca-6429a3a3bb82#//@components.5/@packages.0/@types.17"}},{"id":"9a165205-f8bb-45b5-9989-96e99f09ab05","eClass":"papaya:GenericType","data":{"rawType":"papaya:Class efe8ed63-a04b-4469-a6aa-4c0d3e26ac8a#//@components.0/@packages.0/@types.10"}}]}},"visibility":"PRIVATE"}},{"id":"19e9f781-fa3a-462f-9657-bb5545d6d43f","eClass":"papaya:Attribute","data":{"name":"objectsProvider","type":{"id":"bc366981-5e74-4245-aeef-2cdbaeb479c1","eClass":"papaya:GenericType","data":{"rawType":"papaya:Interface efe8ed63-a04b-4469-a6aa-4c0d3e26ac8a#//@components.0/@packages.4/@packages.1/@types.0","typeArguments":[{"id":"7fe414aa-4dd5-487a-82e1-d64168e0caa7","eClass":"papaya:GenericType","data":{"rawType":"papaya:Class 5ae54267-d150-415f-8cca-6429a3a3bb82#//@components.5/@packages.0/@types.17"}},{"id":"0d9c00ab-42ad-45df-8e15-5e3257ea9fd0","eClass":"papaya:GenericType","data":{"rawType":"papaya:Interface efe8ed63-a04b-4469-a6aa-4c0d3e26ac8a#//@components.0/@packages.4/@types.2","typeArguments":[{"id":"8ef36def-244d-46dd-a126-aacad262e639","eClass":"papaya:GenericType"}]}}]}},"visibility":"PRIVATE"}},{"id":"94b3746d-f927-4f86-aa45-7d9bf4ee947f","eClass":"papaya:Attribute","data":{"name":"selectionObjectsIdProvider","type":{"id":"3974cdba-f510-4d8f-92ec-9e9ae957c910","eClass":"papaya:GenericType","data":{"rawType":"papaya:Interface efe8ed63-a04b-4469-a6aa-4c0d3e26ac8a#//@components.0/@packages.4/@packages.1/@types.0","typeArguments":[{"id":"848f29fa-5e39-4712-8380-5fe9e01a7825","eClass":"papaya:GenericType","data":{"rawType":"papaya:Class 5ae54267-d150-415f-8cca-6429a3a3bb82#//@components.5/@packages.0/@types.17"}},{"id":"11705b36-98f8-4a6d-bfd8-cebf7bbe00fa","eClass":"papaya:GenericType","data":{"rawType":"papaya:Class efe8ed63-a04b-4469-a6aa-4c0d3e26ac8a#//@components.0/@packages.0/@types.10"}}]}},"visibility":"PRIVATE"}},{"id":"0ad206e3-d782-4107-b2e3-60783a84d354","eClass":"papaya:Attribute","data":{"name":"canCreatePredicate","type":{"id":"a5255dd7-0a59-46e9-8e0e-0d3ce4b09692","eClass":"papaya:GenericType","data":{"rawType":"papaya:Interface efe8ed63-a04b-4469-a6aa-4c0d3e26ac8a#//@components.0/@packages.4/@packages.1/@types.4","typeArguments":[{"id":"ce1dcdf6-5407-466a-94b0-e365697bbbc9","eClass":"papaya:GenericType","data":{"rawType":"papaya:Class 5ae54267-d150-415f-8cca-6429a3a3bb82#//@components.5/@packages.0/@types.17"}}]}},"visibility":"PRIVATE"}}],"operations":[{"id":"be090f82-78bf-414d-83b4-ab2ed461d34b","eClass":"papaya:Operation","data":{"name":"build","type":{"id":"2d6c82cc-4a07-4fc2-b472-dfae5f293909","eClass":"papaya:GenericType","data":{"rawType":"//@components.0/@packages.0/@packages.0/@types.0"}}}},{"id":"a1df0d5f-1cb7-485e-800f-2936e19370fa","eClass":"papaya:Operation","data":{"name":"label","type":{"id":"b9618431-b6aa-4c7e-82e3-c1c64c164658","eClass":"papaya:GenericType","data":{"rawType":"//@components.0/@packages.0/@packages.0/@types.0/@types.0"}},"parameters":[{"id":"95c43aab-8e98-46e2-a515-111fa6399810","eClass":"papaya:Parameter","data":{"name":"label","type":{"id":"df9b0a21-024f-4673-b58d-a6dd4a6002fa","eClass":"papaya:GenericType","data":{"rawType":"papaya:Class efe8ed63-a04b-4469-a6aa-4c0d3e26ac8a#//@components.0/@packages.0/@types.10"}}}}]}},{"id":"55d0fb9c-d2f9-4f72-8ad8-7484168433e7","eClass":"papaya:Operation","data":{"name":"objectsProvider","type":{"id":"f2ba2c98-2499-48cb-914e-e8a210faeb3e","eClass":"papaya:GenericType","data":{"rawType":"//@components.0/@packages.0/@packages.0/@types.0/@types.0"}},"parameters":[{"id":"d1462cfa-7a96-473b-a941-eab85be52171","eClass":"papaya:Parameter","data":{"name":"objectsProvider","type":{"id":"00c48e10-7822-4c02-a8bc-ea9f566ca8fd","eClass":"papaya:GenericType","data":{"rawType":"papaya:Interface efe8ed63-a04b-4469-a6aa-4c0d3e26ac8a#//@components.0/@packages.4/@packages.1/@types.0"}}}}]}},{"id":"539d81ef-661d-47ae-8af9-b2b189d32f7d","eClass":"papaya:Operation","data":{"name":"selectionObjectsIdProvider","type":{"id":"6bf48944-23e1-48d3-bbac-64bf8de91855","eClass":"papaya:GenericType","data":{"rawType":"//@components.0/@packages.0/@packages.0/@types.0/@types.0"}},"parameters":[{"id":"763954ee-aebb-4bda-9349-24ba7191945e","eClass":"papaya:Parameter","data":{"name":"selectionObjectsIdProvider","type":{"id":"ec18630a-5329-4ebc-b582-b3567e67fa64","eClass":"papaya:GenericType","data":{"rawType":"papaya:Interface efe8ed63-a04b-4469-a6aa-4c0d3e26ac8a#//@components.0/@packages.4/@packages.1/@types.0"}}}}]}},{"id":"6a576043-fa5c-4add-9f5a-cc9bca4c9630","eClass":"papaya:Operation","data":{"name":"idProvider","type":{"id":"ae3527c9-6ab8-4595-84f7-7c27ececf592","eClass":"papaya:GenericType","data":{"rawType":"//@components.0/@packages.0/@packages.0/@types.0/@types.0"}},"parameters":[{"id":"7a97337f-3cc6-4085-8df0-063b6319742f","eClass":"papaya:Parameter","data":{"name":"idProvider","type":{"id":"810f688a-8324-4686-bc69-e817400a1f2c","eClass":"papaya:GenericType","data":{"rawType":"papaya:Interface efe8ed63-a04b-4469-a6aa-4c0d3e26ac8a#//@components.0/@packages.4/@packages.1/@types.0"}}}}]}},{"id":"2b090fd1-b0a6-4864-827c-26b784befc01","eClass":"papaya:Operation","data":{"name":"targetObjectIdProvider","type":{"id":"7bfefc7b-6fc9-4c21-9c1d-bf83b0e6f0b5","eClass":"papaya:GenericType","data":{"rawType":"//@components.0/@packages.0/@packages.0/@types.0/@types.0"}},"parameters":[{"id":"f65061f4-d666-4898-baf3-88ca3d29f6e3","eClass":"papaya:Parameter","data":{"name":"targetObjectIdProvider","type":{"id":"c89f43b5-ea9b-4a27-96ba-67a5660a6b7d","eClass":"papaya:GenericType","data":{"rawType":"papaya:Interface efe8ed63-a04b-4469-a6aa-4c0d3e26ac8a#//@components.0/@packages.4/@packages.1/@types.0"}}}}]}},{"id":"923e5ea8-a319-4b2a-bb80-ea11cf853a4f","eClass":"papaya:Operation","data":{"name":"labelProvider","type":{"id":"ba148a77-1d1f-4d3a-9be3-b5fc1b72f8b4","eClass":"papaya:GenericType","data":{"rawType":"//@components.0/@packages.0/@packages.0/@types.0/@types.0"}},"parameters":[{"id":"a8284f1e-9c9b-48f7-9149-3718c34e5447","eClass":"papaya:Parameter","data":{"name":"labelProvider","type":{"id":"08f0c504-647e-498a-a08e-bcac64b6ae7b","eClass":"papaya:GenericType","data":{"rawType":"papaya:Interface efe8ed63-a04b-4469-a6aa-4c0d3e26ac8a#//@components.0/@packages.4/@packages.1/@types.0"}}}}]}},{"id":"75ecb9d5-90fd-4533-850e-f50f1d6f7b9e","eClass":"papaya:Operation","data":{"name":"iconURLProvider","type":{"id":"460f9aa9-20f3-4609-b59e-af1be153df67","eClass":"papaya:GenericType","data":{"rawType":"//@components.0/@packages.0/@packages.0/@types.0/@types.0"}},"parameters":[{"id":"b2340668-f40b-4631-99c2-5f14a18f5d6b","eClass":"papaya:Parameter","data":{"name":"iconURLProvider","type":{"id":"e3d9b1f6-c44d-47af-9a9c-d53c60906263","eClass":"papaya:GenericType","data":{"rawType":"papaya:Interface efe8ed63-a04b-4469-a6aa-4c0d3e26ac8a#//@components.0/@packages.4/@packages.1/@types.0"}}}}]}},{"id":"887e5fe7-32df-4559-8895-609dd382e1e0","eClass":"papaya:Operation","data":{"name":"messageProvider","type":{"id":"40b2e3c7-b9cc-4159-96ca-65d9560f61db","eClass":"papaya:GenericType","data":{"rawType":"//@components.0/@packages.0/@packages.0/@types.0/@types.0"}},"parameters":[{"id":"8aba96f9-902c-4d3f-b3c4-75abac8b2c11","eClass":"papaya:Parameter","data":{"name":"messageProvider","type":{"id":"b9b176a4-f7c8-4d51-817b-e056fe48893a","eClass":"papaya:GenericType","data":{"rawType":"papaya:Interface efe8ed63-a04b-4469-a6aa-4c0d3e26ac8a#//@components.0/@packages.4/@packages.1/@types.0"}}}}]}},{"id":"f90bd521-ad86-4062-ad25-d19d99bdd2c4","eClass":"papaya:Operation","data":{"name":"canCreatePredicate","type":{"id":"7012a993-0d2b-4348-97b4-7177590c1516","eClass":"papaya:GenericType","data":{"rawType":"//@components.0/@packages.0/@packages.0/@types.0/@types.0"}},"parameters":[{"id":"3d24c46b-c137-4f06-9a36-3ff1d3933b9c","eClass":"papaya:Parameter","data":{"name":"canCreatePredicate","type":{"id":"8f6f8508-ab67-43b8-9e22-38baec9c5a60","eClass":"papaya:GenericType","data":{"rawType":"papaya:Interface efe8ed63-a04b-4469-a6aa-4c0d3e26ac8a#//@components.0/@packages.4/@packages.1/@types.4"}}}}]}}]}}],"implements":["papaya:Interface 5ae54267-d150-415f-8cca-6429a3a3bb82#//@components.5/@packages.0/@types.13"],"final":true,"extends":"papaya:Class efe8ed63-a04b-4469-a6aa-4c0d3e26ac8a#//@components.0/@packages.0/@types.9","constructors":[{"id":"7477f711-6844-4584-9dda-44270fb8fa3c","eClass":"papaya:Constructor","data":{"visibility":"PRIVATE"}}],"attributes":[{"id":"a7fc1ff1-f073-4300-bfe7-a11ab7b03412","eClass":"papaya:Attribute","data":{"name":"id","type":{"id":"d76c3d31-273f-43af-868b-19cef28a5069","eClass":"papaya:GenericType","data":{"rawType":"papaya:Class efe8ed63-a04b-4469-a6aa-4c0d3e26ac8a#//@components.0/@packages.0/@types.10"}},"visibility":"PRIVATE"}},{"id":"5a4004c4-46a6-4ced-b562-eb54046266e1","eClass":"papaya:Attribute","data":{"name":"label","type":{"id":"6c6446de-7b2e-4621-b088-bc10026f6b3d","eClass":"papaya:GenericType","data":{"rawType":"papaya:Class efe8ed63-a04b-4469-a6aa-4c0d3e26ac8a#//@components.0/@packages.0/@types.10"}},"visibility":"PRIVATE"}},{"id":"63f4e9ce-abf3-433f-809a-ff1f78c2dcf1","eClass":"papaya:Attribute","data":{"name":"idProvider","type":{"id":"2c29db9a-0034-4942-a9f8-95aca3fb8bb9","eClass":"papaya:GenericType","data":{"rawType":"papaya:Interface efe8ed63-a04b-4469-a6aa-4c0d3e26ac8a#//@components.0/@packages.4/@packages.1/@types.0","typeArguments":[{"id":"757233bb-fce7-4c33-adc4-d9244a8c5ee2","eClass":"papaya:GenericType","data":{"rawType":"papaya:Class 5ae54267-d150-415f-8cca-6429a3a3bb82#//@components.5/@packages.0/@types.17"}},{"id":"f7308df0-fc5a-4072-9075-f525509f4168","eClass":"papaya:GenericType","data":{"rawType":"papaya:Class efe8ed63-a04b-4469-a6aa-4c0d3e26ac8a#//@components.0/@packages.0/@types.10"}}]}},"visibility":"PRIVATE"}},{"id":"a705e143-6131-4b7d-a38f-03daa997d518","eClass":"papaya:Attribute","data":{"name":"labelProvider","type":{"id":"6f5b1b95-300d-4b5d-b1c1-456ea66d1749","eClass":"papaya:GenericType","data":{"rawType":"papaya:Interface efe8ed63-a04b-4469-a6aa-4c0d3e26ac8a#//@components.0/@packages.4/@packages.1/@types.0","typeArguments":[{"id":"fe44ffed-876b-4682-b4ad-ff13c4197a21","eClass":"papaya:GenericType","data":{"rawType":"papaya:Class 5ae54267-d150-415f-8cca-6429a3a3bb82#//@components.5/@packages.0/@types.17"}},{"id":"3461139d-55ff-4a18-8725-03bc7da5fa1b","eClass":"papaya:GenericType","data":{"rawType":"papaya:Class efe8ed63-a04b-4469-a6aa-4c0d3e26ac8a#//@components.0/@packages.0/@types.10"}}]}},"visibility":"PRIVATE"}},{"id":"98161b0b-08ee-4fef-abfc-e69615356189","eClass":"papaya:Attribute","data":{"name":"targetObjectIdProvider","type":{"id":"a0880b06-07a0-45c7-8de7-171d2d961b3b","eClass":"papaya:GenericType","data":{"rawType":"papaya:Interface efe8ed63-a04b-4469-a6aa-4c0d3e26ac8a#//@components.0/@packages.4/@packages.1/@types.0","typeArguments":[{"id":"21a29c85-60df-4e25-8515-a28ca8547d37","eClass":"papaya:GenericType","data":{"rawType":"papaya:Class 5ae54267-d150-415f-8cca-6429a3a3bb82#//@components.5/@packages.0/@types.17"}},{"id":"fa2a49ae-9859-48e8-aeb5-b2c1ad39e580","eClass":"papaya:GenericType","data":{"rawType":"papaya:Class efe8ed63-a04b-4469-a6aa-4c0d3e26ac8a#//@components.0/@packages.0/@types.10"}}]}},"visibility":"PRIVATE"}},{"id":"dd1ae90e-45c0-4624-ab2b-57b1bc11fd25","eClass":"papaya:Attribute","data":{"name":"iconURLProvider","type":{"id":"246cd27f-fc57-48ea-955f-f26ce769c867","eClass":"papaya:GenericType","data":{"rawType":"papaya:Interface efe8ed63-a04b-4469-a6aa-4c0d3e26ac8a#//@components.0/@packages.4/@packages.1/@types.0","typeArguments":[{"id":"eda5ff5d-f92c-4169-9ed0-2ce56cf5c8a8","eClass":"papaya:GenericType","data":{"rawType":"papaya:Class 5ae54267-d150-415f-8cca-6429a3a3bb82#//@components.5/@packages.0/@types.17"}},{"id":"467de593-7f97-4c18-b86a-ca16b311832c","eClass":"papaya:GenericType","data":{"rawType":"papaya:Interface efe8ed63-a04b-4469-a6aa-4c0d3e26ac8a#//@components.0/@packages.4/@types.2","typeArguments":[{"id":"7f3036b8-5ec9-4332-ae1b-1267545120fd","eClass":"papaya:GenericType","data":{"rawType":"papaya:Class efe8ed63-a04b-4469-a6aa-4c0d3e26ac8a#//@components.0/@packages.0/@types.10"}}]}}]}},"visibility":"PRIVATE"}},{"id":"cb2850cb-1a2f-4ead-b01c-1229c37b9e3e","eClass":"papaya:Attribute","data":{"name":"messageProvider","type":{"id":"085232ea-0af5-45ca-bf64-9918845ef2eb","eClass":"papaya:GenericType","data":{"rawType":"papaya:Interface efe8ed63-a04b-4469-a6aa-4c0d3e26ac8a#//@components.0/@packages.4/@packages.1/@types.0","typeArguments":[{"id":"4e2267a6-a55c-4f55-b972-0f03916d619e","eClass":"papaya:GenericType","data":{"rawType":"papaya:Class 5ae54267-d150-415f-8cca-6429a3a3bb82#//@components.5/@packages.0/@types.17"}},{"id":"ce87b90a-e5a0-4712-9567-3463c0c5b43e","eClass":"papaya:GenericType","data":{"rawType":"papaya:Class efe8ed63-a04b-4469-a6aa-4c0d3e26ac8a#//@components.0/@packages.0/@types.10"}}]}},"visibility":"PRIVATE"}},{"id":"2de3c114-7f7f-4604-9009-a02c6556f5f5","eClass":"papaya:Attribute","data":{"name":"objectsProvider","type":{"id":"f1af17aa-42d5-4278-977f-c02127788568","eClass":"papaya:GenericType","data":{"rawType":"papaya:Interface efe8ed63-a04b-4469-a6aa-4c0d3e26ac8a#//@components.0/@packages.4/@packages.1/@types.0","typeArguments":[{"id":"874793c3-4c54-41b0-8fb4-3458646d7de5","eClass":"papaya:GenericType","data":{"rawType":"papaya:Class 5ae54267-d150-415f-8cca-6429a3a3bb82#//@components.5/@packages.0/@types.17"}},{"id":"ef36d629-786d-4dcb-81ec-7f43d59a1bf2","eClass":"papaya:GenericType","data":{"rawType":"papaya:Interface efe8ed63-a04b-4469-a6aa-4c0d3e26ac8a#//@components.0/@packages.4/@types.2","typeArguments":[{"id":"aa8bf46b-17e4-40eb-a141-7f060920bacc","eClass":"papaya:GenericType"}]}}]}},"visibility":"PRIVATE"}},{"id":"64e05bf7-a829-4690-b7f8-c0858b5dae18","eClass":"papaya:Attribute","data":{"name":"selectionObjectsIdProvider","type":{"id":"8976a4ec-b76d-4b7a-a5c1-7deb9e8f91fb","eClass":"papaya:GenericType","data":{"rawType":"papaya:Interface efe8ed63-a04b-4469-a6aa-4c0d3e26ac8a#//@components.0/@packages.4/@packages.1/@types.0","typeArguments":[{"id":"6aa34c16-e0e0-4c51-9d1d-63d437c9599c","eClass":"papaya:GenericType","data":{"rawType":"papaya:Class 5ae54267-d150-415f-8cca-6429a3a3bb82#//@components.5/@packages.0/@types.17"}},{"id":"558da96b-9c2d-4991-b958-68baa3ef1b76","eClass":"papaya:GenericType","data":{"rawType":"papaya:Class efe8ed63-a04b-4469-a6aa-4c0d3e26ac8a#//@components.0/@packages.0/@types.10"}}]}},"visibility":"PRIVATE"}},{"id":"2847471a-5c2e-42e0-9af9-6fbed3439487","eClass":"papaya:Attribute","data":{"name":"canCreatePredicate","type":{"id":"9c3e941a-575f-4505-adcc-04eb1612a161","eClass":"papaya:GenericType","data":{"rawType":"papaya:Interface efe8ed63-a04b-4469-a6aa-4c0d3e26ac8a#//@components.0/@packages.4/@packages.1/@types.4","typeArguments":[{"id":"d5098f5a-d74e-4646-940d-712ddd28afd1","eClass":"papaya:GenericType","data":{"rawType":"papaya:Class 5ae54267-d150-415f-8cca-6429a3a3bb82#//@components.5/@packages.0/@types.17"}}]}},"visibility":"PRIVATE"}}],"operations":[{"id":"4673c7f1-ac8d-4b98-b009-401e6456b865","eClass":"papaya:Operation","data":{"name":"toString","type":{"id":"e65c6cb7-3f65-4a65-a69f-f353c3a215b6","eClass":"papaya:GenericType","data":{"rawType":"papaya:Class efe8ed63-a04b-4469-a6aa-4c0d3e26ac8a#//@components.0/@packages.0/@types.10"}}}},{"id":"2c2331c3-da02-4279-a1f9-59c5ba2c25a6","eClass":"papaya:Operation","data":{"name":"getId","type":{"id":"a1d2bce7-f878-4a3b-a86c-c8bed4fb05fd","eClass":"papaya:GenericType","data":{"rawType":"papaya:Class efe8ed63-a04b-4469-a6aa-4c0d3e26ac8a#//@components.0/@packages.0/@types.10"}}}},{"id":"e424e99d-b8d4-48e0-a5dd-cd7701bee409","eClass":"papaya:Operation","data":{"name":"getLabelProvider","type":{"id":"614fb283-a15b-4512-8421-57b9b8bc60c4","eClass":"papaya:GenericType","data":{"rawType":"papaya:Interface efe8ed63-a04b-4469-a6aa-4c0d3e26ac8a#//@components.0/@packages.4/@packages.1/@types.0","typeArguments":[{"id":"e9ca2aff-9892-4308-afa3-b8c6c739bcec","eClass":"papaya:GenericType","data":{"rawType":"papaya:Class 5ae54267-d150-415f-8cca-6429a3a3bb82#//@components.5/@packages.0/@types.17"}},{"id":"6f143ad9-4353-48d1-88dc-1525bf104501","eClass":"papaya:GenericType","data":{"rawType":"papaya:Class efe8ed63-a04b-4469-a6aa-4c0d3e26ac8a#//@components.0/@packages.0/@types.10"}}]}}}},{"id":"d95943e0-5a7f-4899-ac0b-97b81d875963","eClass":"papaya:Operation","data":{"name":"getTargetObjectIdProvider","type":{"id":"9ca4d139-cc9f-43e0-a82c-728a75974c03","eClass":"papaya:GenericType","data":{"rawType":"papaya:Interface efe8ed63-a04b-4469-a6aa-4c0d3e26ac8a#//@components.0/@packages.4/@packages.1/@types.0","typeArguments":[{"id":"6824c5cb-4981-4024-a750-44c1a6b1432c","eClass":"papaya:GenericType","data":{"rawType":"papaya:Class 5ae54267-d150-415f-8cca-6429a3a3bb82#//@components.5/@packages.0/@types.17"}},{"id":"d546d923-7bcb-4f5c-bf17-8e19165c9fdc","eClass":"papaya:GenericType","data":{"rawType":"papaya:Class efe8ed63-a04b-4469-a6aa-4c0d3e26ac8a#//@components.0/@packages.0/@types.10"}}]}}}},{"id":"56d6d3ad-a76d-4fd0-a62d-3c97d74b6d94","eClass":"papaya:Operation","data":{"name":"getIconURLProvider","type":{"id":"3146fe7f-13a4-41e0-bfff-04cef895a44c","eClass":"papaya:GenericType","data":{"rawType":"papaya:Interface efe8ed63-a04b-4469-a6aa-4c0d3e26ac8a#//@components.0/@packages.4/@packages.1/@types.0","typeArguments":[{"id":"f0d655c1-a3a9-465d-93eb-cb5f3610f44b","eClass":"papaya:GenericType","data":{"rawType":"papaya:Class 5ae54267-d150-415f-8cca-6429a3a3bb82#//@components.5/@packages.0/@types.17"}},{"id":"b8fdb11d-9054-4ddb-8385-19b4762f49af","eClass":"papaya:GenericType","data":{"rawType":"papaya:Interface efe8ed63-a04b-4469-a6aa-4c0d3e26ac8a#//@components.0/@packages.4/@types.2","typeArguments":[{"id":"58a22f96-3609-466f-aab9-4cf3901bbca5","eClass":"papaya:GenericType","data":{"rawType":"papaya:Class efe8ed63-a04b-4469-a6aa-4c0d3e26ac8a#//@components.0/@packages.0/@types.10"}}]}}]}}}},{"id":"691dcc03-53b7-4aca-8411-a92d5bcf62fe","eClass":"papaya:Operation","data":{"name":"newSelectionDescription","type":{"id":"259341a8-7b53-42f9-a3df-e599aa8c72ca","eClass":"papaya:GenericType","data":{"rawType":"//@components.0/@packages.0/@packages.0/@types.0/@types.0"}},"static":true,"parameters":[{"id":"42a09ceb-dbef-4940-a4c3-6cabb8e67d86","eClass":"papaya:Parameter","data":{"name":"id","type":{"id":"2ea7d5e5-c6e2-483e-ae8c-24bda1a93cb8","eClass":"papaya:GenericType","data":{"rawType":"papaya:Class efe8ed63-a04b-4469-a6aa-4c0d3e26ac8a#//@components.0/@packages.0/@types.10"}}}}]}},{"id":"5ad644e1-961b-4473-b668-13cef7204ba9","eClass":"papaya:Operation","data":{"name":"getMessageProvider","type":{"id":"a4f2ba91-fe36-40d6-aee0-204cfced2041","eClass":"papaya:GenericType","data":{"rawType":"papaya:Interface efe8ed63-a04b-4469-a6aa-4c0d3e26ac8a#//@components.0/@packages.4/@packages.1/@types.0","typeArguments":[{"id":"1a415ec4-c15e-478e-9c4d-5bb8f12266e9","eClass":"papaya:GenericType","data":{"rawType":"papaya:Class 5ae54267-d150-415f-8cca-6429a3a3bb82#//@components.5/@packages.0/@types.17"}},{"id":"9d3ee7fd-1d22-4f1b-8dc5-5512e17c84eb","eClass":"papaya:GenericType","data":{"rawType":"papaya:Class efe8ed63-a04b-4469-a6aa-4c0d3e26ac8a#//@components.0/@packages.0/@types.10"}}]}}}},{"id":"6c00993c-d416-438a-8513-e465c060b7f1","eClass":"papaya:Operation","data":{"name":"getSelectionObjectsIdProvider","type":{"id":"5fed5ac7-419f-44bc-a546-a8bda2d169be","eClass":"papaya:GenericType","data":{"rawType":"papaya:Interface efe8ed63-a04b-4469-a6aa-4c0d3e26ac8a#//@components.0/@packages.4/@packages.1/@types.0","typeArguments":[{"id":"bcb12cc1-94ae-4485-9b95-127821dbe559","eClass":"papaya:GenericType","data":{"rawType":"papaya:Class 5ae54267-d150-415f-8cca-6429a3a3bb82#//@components.5/@packages.0/@types.17"}},{"id":"35c8e454-3e4e-4edf-9c0e-f03c865eb1fc","eClass":"papaya:GenericType","data":{"rawType":"papaya:Class efe8ed63-a04b-4469-a6aa-4c0d3e26ac8a#//@components.0/@packages.0/@types.10"}}]}}}},{"id":"eb372be8-cf84-4f9b-bb09-1b37a6fdd22b","eClass":"papaya:Operation","data":{"name":"getObjectsProvider","type":{"id":"f0a6cc04-8dce-4d8f-8860-6c5a436f35b9","eClass":"papaya:GenericType","data":{"rawType":"papaya:Interface efe8ed63-a04b-4469-a6aa-4c0d3e26ac8a#//@components.0/@packages.4/@packages.1/@types.0","typeArguments":[{"id":"aab322d1-75c2-44b1-a150-ec0b13e314d7","eClass":"papaya:GenericType","data":{"rawType":"papaya:Class 5ae54267-d150-415f-8cca-6429a3a3bb82#//@components.5/@packages.0/@types.17"}},{"id":"a9d48148-90c5-4bdc-88a5-1f6b41833b89","eClass":"papaya:GenericType","data":{"rawType":"papaya:Interface efe8ed63-a04b-4469-a6aa-4c0d3e26ac8a#//@components.0/@packages.4/@types.2","typeArguments":[{"id":"f1a5148b-5519-4046-ba0a-79914f745668","eClass":"papaya:GenericType"}]}}]}}}},{"id":"875f7668-4d68-47c5-b974-0776146c6790","eClass":"papaya:Operation","data":{"name":"getCanCreatePredicate","type":{"id":"47e7aff4-2fff-4cd9-bef3-71868d29505c","eClass":"papaya:GenericType","data":{"rawType":"papaya:Interface efe8ed63-a04b-4469-a6aa-4c0d3e26ac8a#//@components.0/@packages.4/@packages.1/@types.4","typeArguments":[{"id":"3f6d5471-7057-4166-bfad-515e064cba44","eClass":"papaya:GenericType","data":{"rawType":"papaya:Class 5ae54267-d150-415f-8cca-6429a3a3bb82#//@components.5/@packages.0/@types.17"}}]}}}},{"id":"014db527-fb44-4c1d-9f6c-5b36cd5585b8","eClass":"papaya:Operation","data":{"name":"getIdProvider","type":{"id":"4afccbda-1ad4-400b-97d9-bf4baa39d2c6","eClass":"papaya:GenericType","data":{"rawType":"papaya:Interface efe8ed63-a04b-4469-a6aa-4c0d3e26ac8a#//@components.0/@packages.4/@packages.1/@types.0","typeArguments":[{"id":"d09d306d-eff9-4d2c-9d52-6a0f386304de","eClass":"papaya:GenericType","data":{"rawType":"papaya:Class 5ae54267-d150-415f-8cca-6429a3a3bb82#//@components.5/@packages.0/@types.17"}},{"id":"a9c1843a-443a-4b2a-96c7-28f18b4e2701","eClass":"papaya:GenericType","data":{"rawType":"papaya:Class efe8ed63-a04b-4469-a6aa-4c0d3e26ac8a#//@components.0/@packages.0/@types.10"}}]}}}},{"id":"849ef29d-96c9-4f5f-9a3b-8be0cd544e70","eClass":"papaya:Operation","data":{"name":"getLabel","type":{"id":"ac29241a-a5cb-4e0b-9407-ee25022694f8","eClass":"papaya:GenericType","data":{"rawType":"papaya:Class efe8ed63-a04b-4469-a6aa-4c0d3e26ac8a#//@components.0/@packages.0/@types.10"}}}}]}}]}},{"id":"9315afc8-0541-4b09-9e3f-d2202e3be504","eClass":"papaya:Package","data":{"name":"renderer","types":[{"id":"744c1106-fa1d-46c8-b454-7bd9cae05b80","eClass":"papaya:Class","data":{"name":"SelectionRenderer","extends":"papaya:Class efe8ed63-a04b-4469-a6aa-4c0d3e26ac8a#//@components.0/@packages.0/@types.9","constructors":[{"id":"b49b7605-df78-47a6-af66-afb3c5c81c5a","eClass":"papaya:Constructor","data":{"parameters":[{"id":"480ebf38-88f9-4fb8-8f85-4a991d9cfe26","eClass":"papaya:Parameter","data":{"name":"variableManager","type":{"id":"a1a9a643-627c-4554-a120-dd7e8b239384","eClass":"papaya:GenericType","data":{"rawType":"papaya:Class 5ae54267-d150-415f-8cca-6429a3a3bb82#//@components.5/@packages.0/@types.17"}}}},{"id":"246cebf0-1968-49a2-adb5-687ae123605e","eClass":"papaya:Parameter","data":{"name":"selectionDescription","type":{"id":"b9d086b2-a362-4965-9df4-a2773a2eb3ea","eClass":"papaya:GenericType","data":{"rawType":"//@components.0/@packages.0/@packages.0/@types.0"}}}}]}}],"attributes":[{"id":"c94dd16c-25a6-4f7a-9d85-330be03dc107","eClass":"papaya:Attribute","data":{"name":"variableManager","type":{"id":"c7bb4b5f-8efd-4d11-9753-5aa37c4ceb56","eClass":"papaya:GenericType","data":{"rawType":"papaya:Class 5ae54267-d150-415f-8cca-6429a3a3bb82#//@components.5/@packages.0/@types.17"}},"visibility":"PRIVATE","final":true}},{"id":"cc2b71ee-c731-489b-aa23-1cc8438b6456","eClass":"papaya:Attribute","data":{"name":"selectionDescription","type":{"id":"689b69bd-dd9a-44a9-8c00-4a7137d73091","eClass":"papaya:GenericType","data":{"rawType":"//@components.0/@packages.0/@packages.0/@types.0"}},"visibility":"PRIVATE","final":true}}],"operations":[{"id":"35657eb4-d0a8-47c3-af41-b5917e3cf8b0","eClass":"papaya:Operation","data":{"name":"renderSelectionObject","type":{"id":"e1874033-4de4-42c1-b152-e169204f8227","eClass":"papaya:GenericType","data":{"rawType":"//@components.0/@packages.0/@types.1"}},"visibility":"PRIVATE","parameters":[{"id":"592fc53d-daa5-4e4a-a4ee-6eb7a3ad4c67","eClass":"papaya:Parameter","data":{"name":"selectionObjectVariableManager","type":{"id":"06f56ad3-3e37-4093-95b6-98f8860df6e1","eClass":"papaya:GenericType","data":{"rawType":"papaya:Class 5ae54267-d150-415f-8cca-6429a3a3bb82#//@components.5/@packages.0/@types.17"}}}}]}},{"id":"01d46491-f280-4f15-9549-bbc94faf6af7","eClass":"papaya:Operation","data":{"name":"render","type":{"id":"2144a87e-11f2-43fe-83f4-4313d9ff5248","eClass":"papaya:GenericType","data":{"rawType":"//@components.0/@packages.0/@types.0"}}}}]}}]}}]}}]}},{"id":"83d1ac75-f833-4ffe-910d-39a680714758","eClass":"papaya:Component","data":{"name":"sirius-components-collaborative-selection","dependencies":["papaya:Component 5ae54267-d150-415f-8cca-6429a3a3bb82#//@components.2","papaya:Component #//@components.0"],"usedAsDependencyBy":["//@components.2"],"packages":[{"id":"c5d235d9-4c7f-42d2-9601-61ad0f4456ee","eClass":"papaya:Package","data":{"name":"org.eclipse.sirius.components.collaborative.selection","types":[{"id":"b1d1181c-0016-4297-aff8-e24efb6731ff","eClass":"papaya:Class","data":{"name":"SelectionEventProcessor","implements":["//@components.1/@packages.0/@packages.0/@types.0"],"extends":"papaya:Class efe8ed63-a04b-4469-a6aa-4c0d3e26ac8a#//@components.0/@packages.0/@types.9","constructors":[{"id":"b98f3751-6a08-4e72-88e8-74415dc2592b","eClass":"papaya:Constructor","data":{"parameters":[{"id":"865ec484-ced3-4eee-ba5e-ff3f6515ae9b","eClass":"papaya:Parameter","data":{"name":"editingContext","type":{"id":"6b936c60-55c1-467e-88a3-9334ba26fd9c","eClass":"papaya:GenericType","data":{"rawType":"papaya:Interface 5ae54267-d150-415f-8cca-6429a3a3bb82#//@components.3/@packages.0/@packages.0/@types.14"}}}},{"id":"1a222e8d-6ba8-4238-9a0d-bc969e57f85a","eClass":"papaya:Parameter","data":{"name":"objectService","type":{"id":"1ff6f29d-9c28-45ee-ba74-8995fde671d8","eClass":"papaya:GenericType","data":{"rawType":"papaya:Interface 5ae54267-d150-415f-8cca-6429a3a3bb82#//@components.3/@packages.0/@packages.0/@types.29"}}}},{"id":"1decfb9a-ca3d-4082-b425-5a905e764a3f","eClass":"papaya:Parameter","data":{"name":"selectionDescription","type":{"id":"b8e711af-53f1-49ac-a5cc-3864850e2658","eClass":"papaya:GenericType","data":{"rawType":"//@components.0/@packages.0/@packages.0/@types.0"}}}},{"id":"7d9896a8-ab38-47db-920e-ee5ebb73a268","eClass":"papaya:Parameter","data":{"name":"id","type":{"id":"ce62269b-11e2-4686-afb0-20b9ced96b0e","eClass":"papaya:GenericType","data":{"rawType":"papaya:Class efe8ed63-a04b-4469-a6aa-4c0d3e26ac8a#//@components.0/@packages.0/@types.10"}}}},{"id":"3378482f-7bd8-4e65-9012-c07ef5615586","eClass":"papaya:Parameter","data":{"name":"objectId","type":{"id":"9d9ad90d-1394-443c-a86f-bb0729f6aee6","eClass":"papaya:GenericType","data":{"rawType":"papaya:Class efe8ed63-a04b-4469-a6aa-4c0d3e26ac8a#//@components.0/@packages.0/@types.10"}}}},{"id":"7b313068-8ccf-45b2-bc13-7fe7b51da149","eClass":"papaya:Parameter","data":{"name":"subscriptionManager","type":{"id":"4609e915-d7ed-4046-a6ff-f943f81f40cc","eClass":"papaya:GenericType","data":{"rawType":"papaya:Interface 5ae54267-d150-415f-8cca-6429a3a3bb82#//@components.2/@packages.0/@packages.0/@types.27"}}}},{"id":"2c82a60d-38a4-47f9-abb5-77141dd21337","eClass":"papaya:Parameter","data":{"name":"representationRefreshPolicyRegistry","type":{"id":"5d2ead28-921b-42b4-a5d5-fa3c2ccc5198","eClass":"papaya:GenericType","data":{"rawType":"papaya:Interface 5ae54267-d150-415f-8cca-6429a3a3bb82#//@components.2/@packages.0/@packages.0/@types.24"}}}}]}}],"attributes":[{"id":"ae6b2a31-e4f4-4afb-95c1-dc2ca9322553","eClass":"papaya:Attribute","data":{"name":"logger","type":{"id":"a6e65861-2407-4729-97d7-4db932de47dd","eClass":"papaya:GenericType","data":{"rawType":"papaya:Class efe8ed63-a04b-4469-a6aa-4c0d3e26ac8a#//@components.0/@packages.0/@types.9"}},"visibility":"PRIVATE","final":true}},{"id":"e0420822-867b-4c45-945f-fd348f987f8d","eClass":"papaya:Attribute","data":{"name":"editingContext","type":{"id":"9c944f5a-6ced-4aad-800f-2f8bfa2c0ed0","eClass":"papaya:GenericType","data":{"rawType":"papaya:Interface 5ae54267-d150-415f-8cca-6429a3a3bb82#//@components.3/@packages.0/@packages.0/@types.14"}},"visibility":"PRIVATE","final":true}},{"id":"fc8ba70f-9d56-4961-a291-1acc38cede3d","eClass":"papaya:Attribute","data":{"name":"selectionDescription","type":{"id":"ed974cf4-2ea5-4dc0-a5d6-94e1e227e5f9","eClass":"papaya:GenericType","data":{"rawType":"//@components.0/@packages.0/@packages.0/@types.0"}},"visibility":"PRIVATE","final":true}},{"id":"18b37985-d85e-45e4-83e2-7ae2e1e71c09","eClass":"papaya:Attribute","data":{"name":"objectService","type":{"id":"1d6e4d06-8e02-44d6-9fcd-6af6af3ef26f","eClass":"papaya:GenericType","data":{"rawType":"papaya:Interface 5ae54267-d150-415f-8cca-6429a3a3bb82#//@components.3/@packages.0/@packages.0/@types.29"}},"visibility":"PRIVATE","final":true}},{"id":"3da8319f-805e-4794-a8c1-a068c3780965","eClass":"papaya:Attribute","data":{"name":"id","type":{"id":"2fe59ddb-cfbf-45b5-9c6e-9833e772284f","eClass":"papaya:GenericType","data":{"rawType":"papaya:Class efe8ed63-a04b-4469-a6aa-4c0d3e26ac8a#//@components.0/@packages.0/@types.10"}},"visibility":"PRIVATE","final":true}},{"id":"f6f56155-f4de-457a-b4a6-4c318e43d5c9","eClass":"papaya:Attribute","data":{"name":"objectId","type":{"id":"d469d910-adf9-4e84-a75e-b32b3fcbb596","eClass":"papaya:GenericType","data":{"rawType":"papaya:Class efe8ed63-a04b-4469-a6aa-4c0d3e26ac8a#//@components.0/@packages.0/@types.10"}},"visibility":"PRIVATE","final":true}},{"id":"0c4e8073-a276-4986-aa14-108f954a3fbf","eClass":"papaya:Attribute","data":{"name":"representationRefreshPolicyRegistry","type":{"id":"d3dc0fab-1893-476f-9366-c273c7afa9f1","eClass":"papaya:GenericType","data":{"rawType":"papaya:Interface 5ae54267-d150-415f-8cca-6429a3a3bb82#//@components.2/@packages.0/@packages.0/@types.24"}},"visibility":"PRIVATE","final":true}},{"id":"bade5cca-8d14-43cf-955c-bfa6e9b67c7b","eClass":"papaya:Attribute","data":{"name":"subscriptionManager","type":{"id":"ba76305d-1de8-40cd-b535-7077a148b598","eClass":"papaya:GenericType","data":{"rawType":"papaya:Interface 5ae54267-d150-415f-8cca-6429a3a3bb82#//@components.2/@packages.0/@packages.0/@types.27"}},"visibility":"PRIVATE","final":true}},{"id":"b1e95015-e2c6-4986-9df8-8cbd06c92c45","eClass":"papaya:Attribute","data":{"name":"sink","type":{"id":"1cbaa3b3-fade-426e-b082-fbb473ddcfb3","eClass":"papaya:GenericType","data":{"rawType":"papaya:Interface 4b5276d8-8fa0-4396-8806-faa24b3db9a4#//@components.0/@packages.0/@packages.0/@packages.0/@types.2/@types.1","typeArguments":[{"id":"f1990d88-9e2a-48d0-ae75-8371d201d364","eClass":"papaya:GenericType","data":{"rawType":"papaya:Interface 5ae54267-d150-415f-8cca-6429a3a3bb82#//@components.3/@packages.0/@packages.0/@types.30"}}]}},"visibility":"PRIVATE","final":true}},{"id":"730842b4-a5fb-4033-9f9a-c7fc1fae4f3d","eClass":"papaya:Attribute","data":{"name":"currentSelection","type":{"id":"eb5a9c10-f663-4517-8551-a69183524ca9","eClass":"papaya:GenericType","data":{"rawType":"papaya:Class efe8ed63-a04b-4469-a6aa-4c0d3e26ac8a#//@components.0/@packages.0/@types.9","typeArguments":[{"id":"695cdeea-10f4-4fad-93c5-e34e4008565c","eClass":"papaya:GenericType","data":{"rawType":"//@components.0/@packages.0/@types.0"}}]}},"visibility":"PRIVATE","final":true}}],"operations":[{"id":"708e1781-8906-4672-9cac-541f9719067f","eClass":"papaya:Operation","data":{"name":"handle","type":{"id":"401b226b-4fe5-48c6-9178-59eafa1a9b2d","eClass":"papaya:GenericType","data":{"rawType":"papaya:Class efe8ed63-a04b-4469-a6aa-4c0d3e26ac8a#//@components.0/@packages.0/@types.9"}},"parameters":[{"id":"084cd89f-8e2d-4b02-be26-5c951c4964fc","eClass":"papaya:Parameter","data":{"name":"payloadSink","type":{"id":"c1933504-4f8b-4966-99d9-2dff5e1aef5b","eClass":"papaya:GenericType","data":{"rawType":"papaya:Interface 4b5276d8-8fa0-4396-8806-faa24b3db9a4#//@components.0/@packages.0/@packages.0/@packages.0/@types.2/@types.2"}}}},{"id":"c980af8b-6507-4709-a6c4-a7477a13217f","eClass":"papaya:Parameter","data":{"name":"changeDescriptionSink","type":{"id":"d54634c0-ca3e-46ec-8ec0-7681493793b9","eClass":"papaya:GenericType","data":{"rawType":"papaya:Interface 4b5276d8-8fa0-4396-8806-faa24b3db9a4#//@components.0/@packages.0/@packages.0/@packages.0/@types.2/@types.1"}}}},{"id":"fc9bb59c-d5b9-4ee9-ae84-9f16c9a929c4","eClass":"papaya:Parameter","data":{"name":"representationInput","type":{"id":"7a4ee6be-bf81-464a-a35c-f4cb21f3bbd4","eClass":"papaya:GenericType","data":{"rawType":"papaya:Interface 5ae54267-d150-415f-8cca-6429a3a3bb82#//@components.3/@packages.0/@packages.0/@types.32"}}}}]}},{"id":"482e29af-84ab-42f1-ae78-4d77e2ec99cb","eClass":"papaya:Operation","data":{"name":"dispose","type":{"id":"1aae6b7e-cc6a-4da7-a6ab-d2288cc6cbae","eClass":"papaya:GenericType","data":{"rawType":"papaya:Class efe8ed63-a04b-4469-a6aa-4c0d3e26ac8a#//@components.0/@packages.0/@types.9"}}}},{"id":"0b577075-1fcd-4f78-9eb1-cf15cde46ea3","eClass":"papaya:Operation","data":{"name":"getSubscriptionManager","type":{"id":"c89db1b4-d226-46ce-80cf-0070cc928787","eClass":"papaya:GenericType","data":{"rawType":"papaya:Interface 5ae54267-d150-415f-8cca-6429a3a3bb82#//@components.2/@packages.0/@packages.0/@types.27"}}}},{"id":"fdbbe306-21f8-42b0-8353-b8f9e0f565cc","eClass":"papaya:Operation","data":{"name":"getDefaultRefreshPolicy","type":{"id":"7855d111-d438-4de7-9794-3e347f82646a","eClass":"papaya:GenericType","data":{"rawType":"papaya:Interface 5ae54267-d150-415f-8cca-6429a3a3bb82#//@components.2/@packages.0/@packages.0/@types.22"}},"visibility":"PRIVATE"}},{"id":"93000b5a-9384-41b3-ac78-1ef2144f7431","eClass":"papaya:Operation","data":{"name":"refreshSelection","type":{"id":"25936e7a-c26e-4990-96d4-3fe82c29429d","eClass":"papaya:GenericType","data":{"rawType":"//@components.0/@packages.0/@types.0"}},"visibility":"PRIVATE"}},{"id":"2c624c92-588c-4cff-ae68-b766ec6bf5ef","eClass":"papaya:Operation","data":{"name":"getRepresentation","type":{"id":"1dd2dfdd-33cb-4da3-acc2-018ebea44bc5","eClass":"papaya:GenericType","data":{"rawType":"papaya:Interface 5ae54267-d150-415f-8cca-6429a3a3bb82#//@components.5/@packages.0/@types.12"}}}},{"id":"126ba4ff-1209-4c88-bcea-e1fc38867319","eClass":"papaya:Operation","data":{"name":"shouldRefresh","type":{"id":"69911843-2fdb-4c9d-90d6-b1a15c073a71","eClass":"papaya:GenericType","data":{"rawType":"papaya:Class efe8ed63-a04b-4469-a6aa-4c0d3e26ac8a#//@components.0/@packages.0/@types.9"}},"visibility":"PRIVATE","parameters":[{"id":"19d0b22f-85f5-43d8-bf92-1895cee2d957","eClass":"papaya:Parameter","data":{"name":"changeDescription","type":{"id":"c3a0a121-3951-4d56-90d7-fba2151ae15b","eClass":"papaya:GenericType","data":{"rawType":"papaya:Class 5ae54267-d150-415f-8cca-6429a3a3bb82#//@components.2/@packages.0/@packages.0/@types.0"}}}}]}},{"id":"f43d27e7-54b3-44c1-8535-f9a107171e81","eClass":"papaya:Operation","data":{"name":"getOutputEvents","type":{"id":"2fc08b94-1ee0-4cf9-88bf-4753401bac3a","eClass":"papaya:GenericType","data":{"rawType":"papaya:Class 4b5276d8-8fa0-4396-8806-faa24b3db9a4#//@components.0/@packages.0/@packages.0/@packages.0/@types.0","typeArguments":[{"id":"2caa1bca-284f-41b0-94d9-631affff7352","eClass":"papaya:GenericType","data":{"rawType":"papaya:Interface 5ae54267-d150-415f-8cca-6429a3a3bb82#//@components.3/@packages.0/@packages.0/@types.30"}}]}},"parameters":[{"id":"a1350d33-0ac9-4d83-a021-4b9456a03fc9","eClass":"papaya:Parameter","data":{"name":"input","type":{"id":"c5d8bb9c-60d0-4893-9ab9-8139cdffd1af","eClass":"papaya:GenericType","data":{"rawType":"papaya:Interface 5ae54267-d150-415f-8cca-6429a3a3bb82#//@components.3/@packages.0/@packages.0/@types.24"}}}}]}},{"id":"e63c36c1-68b9-45d1-97e4-bdbaade0f886","eClass":"papaya:Operation","data":{"name":"refresh","type":{"id":"c7a1014b-c898-45df-915f-519c70dfbff3","eClass":"papaya:GenericType","data":{"rawType":"papaya:Class efe8ed63-a04b-4469-a6aa-4c0d3e26ac8a#//@components.0/@packages.0/@types.9"}},"parameters":[{"id":"6c10521f-ad88-4768-8a52-ae06ddbed065","eClass":"papaya:Parameter","data":{"name":"changeDescription","type":{"id":"db11ad48-e78f-4d2f-9bc7-3d5cf457725d","eClass":"papaya:GenericType","data":{"rawType":"papaya:Class 5ae54267-d150-415f-8cca-6429a3a3bb82#//@components.2/@packages.0/@packages.0/@types.0"}}}}]}}]}},{"id":"791ebe92-d9a3-47cd-87e3-7a7bf1973caa","eClass":"papaya:Class","data":{"name":"SelectionEventProcessorFactory","implements":["papaya:Interface 5ae54267-d150-415f-8cca-6429a3a3bb82#//@components.2/@packages.0/@packages.0/@types.18"],"extends":"papaya:Class efe8ed63-a04b-4469-a6aa-4c0d3e26ac8a#//@components.0/@packages.0/@types.9","constructors":[{"id":"0820c2ab-d49b-42a6-ba30-52304056fae5","eClass":"papaya:Constructor","data":{"parameters":[{"id":"2bcc2ee0-b7b5-4e7b-90b7-88422c153fc7","eClass":"papaya:Parameter","data":{"name":"configuration","type":{"id":"f09fe933-1934-4102-8053-e71e881a7518","eClass":"papaya:GenericType","data":{"rawType":"papaya:Class 5ae54267-d150-415f-8cca-6429a3a3bb82#//@components.2/@packages.0/@packages.0/@types.31"}}}},{"id":"63a4cd78-5979-4696-9f23-22ef2ba2a605","eClass":"papaya:Parameter","data":{"name":"objectService","type":{"id":"94869e39-117b-4704-9307-71502e0100d2","eClass":"papaya:GenericType","data":{"rawType":"papaya:Interface 5ae54267-d150-415f-8cca-6429a3a3bb82#//@components.3/@packages.0/@packages.0/@types.29"}}}}]}}],"attributes":[{"id":"51df6e55-a6e2-481c-8b17-e4f34df494c6","eClass":"papaya:Attribute","data":{"name":"representationDescriptionSearchService","type":{"id":"469b70eb-d975-4748-a8d5-3698744b1e3c","eClass":"papaya:GenericType","data":{"rawType":"papaya:Interface 5ae54267-d150-415f-8cca-6429a3a3bb82#//@components.3/@packages.0/@packages.0/@types.31"}},"visibility":"PRIVATE","final":true}},{"id":"11335e4d-1cda-452d-b1fe-77667f6fc5d5","eClass":"papaya:Attribute","data":{"name":"objectService","type":{"id":"c00dd448-42a8-46b0-9ef4-86c76208b55c","eClass":"papaya:GenericType","data":{"rawType":"papaya:Interface 5ae54267-d150-415f-8cca-6429a3a3bb82#//@components.3/@packages.0/@packages.0/@types.29"}},"visibility":"PRIVATE","final":true}},{"id":"2c410b7b-ed06-47ed-a893-38ec68b275a0","eClass":"papaya:Attribute","data":{"name":"subscriptionManagerFactory","type":{"id":"9488b717-c37d-4828-af6f-f5d8607b9d5e","eClass":"papaya:GenericType","data":{"rawType":"papaya:Interface 5ae54267-d150-415f-8cca-6429a3a3bb82#//@components.2/@packages.0/@packages.0/@types.28"}},"visibility":"PRIVATE","final":true}},{"id":"5678c291-dd5e-41c0-80f4-e3c63f22a475","eClass":"papaya:Attribute","data":{"name":"representationRefreshPolicyRegistry","type":{"id":"c64b81fa-658b-4445-9828-20bc5b1da449","eClass":"papaya:GenericType","data":{"rawType":"papaya:Interface 5ae54267-d150-415f-8cca-6429a3a3bb82#//@components.2/@packages.0/@packages.0/@types.24"}},"visibility":"PRIVATE","final":true}}],"operations":[{"id":"7270c644-dbe4-4400-bce9-09e80812d304","eClass":"papaya:Operation","data":{"name":"createRepresentationEventProcessor","type":{"id":"b9d62d24-b035-41e9-aebf-fb57c9aa0298","eClass":"papaya:GenericType","data":{"rawType":"papaya:Class efe8ed63-a04b-4469-a6aa-4c0d3e26ac8a#//@components.0/@packages.4/@types.5","typeArguments":[{"id":"0768c9a5-5a79-4a90-a18b-4f2e2a40b3ec","eClass":"papaya:GenericType","data":{"rawType":"papaya:Interface 5ae54267-d150-415f-8cca-6429a3a3bb82#//@components.2/@packages.0/@packages.0/@types.16"}}]}},"parameters":[{"id":"a05d612f-d26c-42d5-90c6-26d1fee52df1","eClass":"papaya:Parameter","data":{"name":"configuration","type":{"id":"f9cdf56d-0a5d-48fb-9bd5-176b479408fc","eClass":"papaya:GenericType","data":{"rawType":"papaya:Interface 5ae54267-d150-415f-8cca-6429a3a3bb82#//@components.2/@packages.0/@packages.0/@types.13"}}}},{"id":"04ba1e6e-cc35-4e1a-8c11-c840c72a69b4","eClass":"papaya:Parameter","data":{"name":"editingContext","type":{"id":"29e8a626-9d1a-43e6-8c77-d5dd6f2c38de","eClass":"papaya:GenericType","data":{"rawType":"papaya:Interface 5ae54267-d150-415f-8cca-6429a3a3bb82#//@components.3/@packages.0/@packages.0/@types.14"}}}}]}},{"id":"edbf16cd-a0f2-4cec-9993-517f2a52213d","eClass":"papaya:Operation","data":{"name":"canHandle","type":{"id":"4b65ffe3-e32a-475d-a8e8-ebb13c8971cc","eClass":"papaya:GenericType","data":{"rawType":"papaya:Class efe8ed63-a04b-4469-a6aa-4c0d3e26ac8a#//@components.0/@packages.0/@types.9"}},"parameters":[{"id":"cbc79f97-0852-48db-9489-812401de5381","eClass":"papaya:Parameter","data":{"name":"configuration","type":{"id":"40a98713-6d72-44a4-a428-535284b328d4","eClass":"papaya:GenericType","data":{"rawType":"papaya:Interface 5ae54267-d150-415f-8cca-6429a3a3bb82#//@components.2/@packages.0/@packages.0/@types.13"}}}}]}}]}}],"packages":[{"id":"0a769bb9-510b-48b0-8449-426346196afe","eClass":"papaya:Package","data":{"name":"api","types":[{"id":"30ee5bde-4081-4c7b-84dd-8d31cc3caf49","eClass":"papaya:Interface","data":{"name":"ISelectionEventProcessor","types":[{"id":"fd8d93b3-b088-4d09-8037-86079dc7a47d","eClass":"papaya:Class","data":{"name":"NoOp","implements":["//@components.1/@packages.0/@packages.0/@types.0"],"static":true,"extends":"papaya:Class 5ae54267-d150-415f-8cca-6429a3a3bb82#//@components.2/@packages.0/@packages.0/@types.16/@types.0","constructors":[{"id":"1708101c-4dde-4d1a-b205-39a4b4f23085","eClass":"papaya:Constructor"}]}}],"extends":["papaya:Interface 5ae54267-d150-415f-8cca-6429a3a3bb82#//@components.2/@packages.0/@packages.0/@types.16"],"implementedBy":["//@components.1/@packages.0/@types.0","//@components.1/@packages.0/@packages.0/@types.0/@types.0"]}},{"id":"678474ba-cfd5-4a31-a593-45ae4e415e80","eClass":"papaya:Interface","data":{"name":"ISelectionInput","extends":["papaya:Interface 5ae54267-d150-415f-8cca-6429a3a3bb82#//@components.3/@packages.0/@packages.0/@types.32"]}},{"id":"66328636-7ce6-4bb6-abdb-8dc1586f48a1","eClass":"papaya:Class","data":{"name":"SelectionConfiguration","implements":["papaya:Interface 5ae54267-d150-415f-8cca-6429a3a3bb82#//@components.2/@packages.0/@packages.0/@types.13"],"extends":"papaya:Class efe8ed63-a04b-4469-a6aa-4c0d3e26ac8a#//@components.0/@packages.0/@types.9","constructors":[{"id":"5fbba7db-335c-4ef3-a9dd-870ab34576e7","eClass":"papaya:Constructor","data":{"parameters":[{"id":"5b6b7702-1ae6-44de-a93a-ede85b134213","eClass":"papaya:Parameter","data":{"name":"id","type":{"id":"3f8e9a59-30d6-4853-b8b1-35974820fdae","eClass":"papaya:GenericType","data":{"rawType":"papaya:Class efe8ed63-a04b-4469-a6aa-4c0d3e26ac8a#//@components.0/@packages.0/@types.10"}}}},{"id":"aceccf8c-2b95-4a5e-a3c8-c18100306087","eClass":"papaya:Parameter","data":{"name":"selectionId","type":{"id":"ac297118-d882-4b44-b5e0-532071f3bc32","eClass":"papaya:GenericType","data":{"rawType":"papaya:Class efe8ed63-a04b-4469-a6aa-4c0d3e26ac8a#//@components.0/@packages.0/@types.10"}}}},{"id":"c93013fa-59bd-4e66-b232-6987fc9fe61a","eClass":"papaya:Parameter","data":{"name":"targetObjectId","type":{"id":"a5bc6f09-8cbe-4acc-90ee-2f711efa2446","eClass":"papaya:GenericType","data":{"rawType":"papaya:Class efe8ed63-a04b-4469-a6aa-4c0d3e26ac8a#//@components.0/@packages.0/@types.10"}}}}]}}],"attributes":[{"id":"c5b68ce4-00b5-482d-bdc5-c18ebb574a28","eClass":"papaya:Attribute","data":{"name":"id","type":{"id":"ee09dc09-d757-4f3d-b868-4319c7a833e4","eClass":"papaya:GenericType","data":{"rawType":"papaya:Class efe8ed63-a04b-4469-a6aa-4c0d3e26ac8a#//@components.0/@packages.0/@types.10"}},"visibility":"PRIVATE","final":true}},{"id":"d959d4c6-38ea-475a-841e-7adddf6c9b11","eClass":"papaya:Attribute","data":{"name":"selectionId","type":{"id":"e2e35276-6993-4e17-9998-a0126c2bf2ed","eClass":"papaya:GenericType","data":{"rawType":"papaya:Class efe8ed63-a04b-4469-a6aa-4c0d3e26ac8a#//@components.0/@packages.0/@types.10"}},"visibility":"PRIVATE","final":true}},{"id":"da936c46-94b8-4c4e-b116-ff989a16539c","eClass":"papaya:Attribute","data":{"name":"targetObjectId","type":{"id":"a2448459-7774-48d8-bbcc-25b31d1faec8","eClass":"papaya:GenericType","data":{"rawType":"papaya:Class efe8ed63-a04b-4469-a6aa-4c0d3e26ac8a#//@components.0/@packages.0/@types.10"}},"visibility":"PRIVATE","final":true}}],"operations":[{"id":"ea412386-0278-4ae8-aa3e-747dff9604f3","eClass":"papaya:Operation","data":{"name":"getId","type":{"id":"0169c26b-e05f-4f9f-b94e-79c72644aa7d","eClass":"papaya:GenericType","data":{"rawType":"papaya:Class efe8ed63-a04b-4469-a6aa-4c0d3e26ac8a#//@components.0/@packages.0/@types.10"}}}},{"id":"c304caa9-5f07-478d-8052-9037974ffbc9","eClass":"papaya:Operation","data":{"name":"getSelectionId","type":{"id":"0e5e249b-32a4-4f77-9153-f3f26866d071","eClass":"papaya:GenericType","data":{"rawType":"papaya:Class efe8ed63-a04b-4469-a6aa-4c0d3e26ac8a#//@components.0/@packages.0/@types.10"}}}},{"id":"79a86992-a58c-4f5e-89b6-0ed4bddd0b2f","eClass":"papaya:Operation","data":{"name":"getTargetObjectId","type":{"id":"0d7e783c-c1a9-4b97-acc5-3532ae455bdc","eClass":"papaya:GenericType","data":{"rawType":"papaya:Class efe8ed63-a04b-4469-a6aa-4c0d3e26ac8a#//@components.0/@packages.0/@types.10"}}}}]}}]}},{"id":"accee1ae-4354-4048-82f1-704f3667a5f7","eClass":"papaya:Package","data":{"name":"dto","types":[{"id":"2f95842c-25a6-40c1-9ef4-7ac8c824d8b3","eClass":"papaya:Record","data":{"name":"SelectionEventInput","implements":["papaya:Interface 5ae54267-d150-415f-8cca-6429a3a3bb82#//@components.3/@packages.0/@packages.0/@types.24"],"components":[{"id":"0078d8d5-cc65-42c3-86fe-c9e45dabc4c7","eClass":"papaya:RecordComponent","data":{"name":"id","type":{"id":"c384253d-9bfe-4342-9808-f72872448a36","eClass":"papaya:GenericType","data":{"rawType":"papaya:Class efe8ed63-a04b-4469-a6aa-4c0d3e26ac8a#//@components.0/@packages.4/@types.0"}}}},{"id":"5abdd66b-37ea-49b3-ac18-1b0696d9fb39","eClass":"papaya:RecordComponent","data":{"name":"editingContextId","type":{"id":"75d5a967-3837-4a2b-a75e-b4f317814a86","eClass":"papaya:GenericType","data":{"rawType":"papaya:Class efe8ed63-a04b-4469-a6aa-4c0d3e26ac8a#//@components.0/@packages.0/@types.10"}}}},{"id":"cb824963-30cd-4952-822d-135faa6eafb7","eClass":"papaya:RecordComponent","data":{"name":"selectionId","type":{"id":"2d73524b-52ad-470e-9bf4-85a50c88515a","eClass":"papaya:GenericType","data":{"rawType":"papaya:Class efe8ed63-a04b-4469-a6aa-4c0d3e26ac8a#//@components.0/@packages.0/@types.10"}}}},{"id":"6d9d24de-d319-42cb-95e5-6c2437db93b6","eClass":"papaya:RecordComponent","data":{"name":"targetObjectId","type":{"id":"54fa2606-e292-44dc-ada0-e51ee3d9d8a7","eClass":"papaya:GenericType","data":{"rawType":"papaya:Class efe8ed63-a04b-4469-a6aa-4c0d3e26ac8a#//@components.0/@packages.0/@types.10"}}}}]}},{"id":"2ebe96ef-be56-4071-898c-bdc024d7684c","eClass":"papaya:Record","data":{"name":"SelectionRefreshedEventPayload","implements":["papaya:Interface 5ae54267-d150-415f-8cca-6429a3a3bb82#//@components.3/@packages.0/@packages.0/@types.30"],"components":[{"id":"e64a5cef-6e9e-46ae-825f-e84b6c1c6107","eClass":"papaya:RecordComponent","data":{"name":"id","type":{"id":"0cafcb26-37c4-452d-92eb-e97fa1f80a81","eClass":"papaya:GenericType","data":{"rawType":"papaya:Class efe8ed63-a04b-4469-a6aa-4c0d3e26ac8a#//@components.0/@packages.4/@types.0"}}}},{"id":"ceab6862-e8f3-4107-9a61-abd4a272cf3f","eClass":"papaya:RecordComponent","data":{"name":"selection","type":{"id":"0e0efb3e-ce13-4b14-9188-51d626727f8d","eClass":"papaya:GenericType","data":{"rawType":"//@components.0/@packages.0/@types.0"}}}}]}}]}}]}}]}},{"id":"665c9831-a3f5-4751-9e22-6366d0b472cf","eClass":"papaya:Component","data":{"name":"sirius-components-selection-graphql","dependencies":["papaya:Component 5ae54267-d150-415f-8cca-6429a3a3bb82#//@components.4","papaya:Component 5ae54267-d150-415f-8cca-6429a3a3bb82#//@components.1","papaya:Component #//@components.1"],"usedAsDependencyBy":["papaya:Component b1ad1ed8-7317-4e47-adec-9af603dade82#//@components.3"],"packages":[{"id":"a3037f7e-0c7e-47a1-9a1e-845ae4d23e03","eClass":"papaya:Package","data":{"name":"org.eclipse.sirius.components.selection.graphql","packages":[{"id":"70542c88-c2ea-4bb3-bf7f-1cbebed27fd7","eClass":"papaya:Package","data":{"name":"datafetchers","packages":[{"id":"d40a9034-e750-4392-899a-4735c2dc9e74","eClass":"papaya:Package","data":{"name":"selection","types":[{"id":"65ba23a0-77be-43ba-b02c-68534992d37e","eClass":"papaya:Class","data":{"name":"SelectionObjectIconURLDataFetcher","implements":["papaya:Interface 5db84542-747f-481d-ae99-a0508e85e355#//@components.0/@packages.0/@packages.0/@types.1"],"extends":"papaya:Class efe8ed63-a04b-4469-a6aa-4c0d3e26ac8a#//@components.0/@packages.0/@types.9","constructors":[{"id":"93fc1ab8-1eec-4b72-a8d7-832befc80888","eClass":"papaya:Constructor","data":{"parameters":[{"id":"936945dd-223d-4308-9399-631f780f3b92","eClass":"papaya:Parameter","data":{"name":"imageURLSanitizer","type":{"id":"e7fa0e21-acbb-45e4-a34f-ff2044a5f82c","eClass":"papaya:GenericType","data":{"rawType":"papaya:Interface 5ae54267-d150-415f-8cca-6429a3a3bb82#//@components.3/@packages.0/@packages.0/@types.23"}}}}]}}],"attributes":[{"id":"26999213-8dd0-434f-89bd-5ccabb263f8f","eClass":"papaya:Attribute","data":{"name":"imageURLSanitizer","type":{"id":"88eb9c27-cf56-4833-8813-b710b5d59898","eClass":"papaya:GenericType","data":{"rawType":"papaya:Interface 5ae54267-d150-415f-8cca-6429a3a3bb82#//@components.3/@packages.0/@packages.0/@types.23"}},"visibility":"PRIVATE","final":true}}],"operations":[{"id":"9c21d935-ae56-48f1-9a9b-f6905c425dfb","eClass":"papaya:Operation","data":{"name":"get","type":{"id":"aae8156e-df52-420d-bce9-c2021cbb58fb","eClass":"papaya:GenericType","data":{"rawType":"papaya:Interface efe8ed63-a04b-4469-a6aa-4c0d3e26ac8a#//@components.0/@packages.4/@types.2","typeArguments":[{"id":"9af185f2-0c57-4f13-9199-a198d1a97da2","eClass":"papaya:GenericType","data":{"rawType":"papaya:Class efe8ed63-a04b-4469-a6aa-4c0d3e26ac8a#//@components.0/@packages.0/@types.10"}}]}},"parameters":[{"id":"9ae67c00-a29d-4c40-8942-74c42341d2d6","eClass":"papaya:Parameter","data":{"name":"environment","type":{"id":"63a11d83-650c-4fff-b734-92298da05368","eClass":"papaya:GenericType","data":{"rawType":"papaya:Class efe8ed63-a04b-4469-a6aa-4c0d3e26ac8a#//@components.0/@packages.0/@types.9"}}}}]}}]}}]}},{"id":"e937f97e-e0b6-4935-ad66-97967204e8ed","eClass":"papaya:Package","data":{"name":"subscription","types":[{"id":"20655165-5675-426b-8ebc-bc736385e94a","eClass":"papaya:Class","data":{"name":"SelectionRefreshedEventPayloadSelectionDataFetcher","implements":["papaya:Interface 5db84542-747f-481d-ae99-a0508e85e355#//@components.0/@packages.0/@packages.0/@types.1"],"extends":"papaya:Class efe8ed63-a04b-4469-a6aa-4c0d3e26ac8a#//@components.0/@packages.0/@types.9","constructors":[{"id":"6031da0e-92a8-4ade-afa2-19f4eb540da0","eClass":"papaya:Constructor"}],"operations":[{"id":"29ef4705-5b57-458e-98d3-22d266e11838","eClass":"papaya:Operation","data":{"name":"get","type":{"id":"16b24b43-2e38-4da9-a398-1b516c5ea052","eClass":"papaya:GenericType","data":{"rawType":"papaya:Class efe8ed63-a04b-4469-a6aa-4c0d3e26ac8a#//@components.0/@packages.0/@types.9","typeArguments":[{"id":"e4967276-8478-4d88-ae2b-ab7864a9afbb","eClass":"papaya:GenericType","data":{"rawType":"//@components.0/@packages.0/@types.0"}}]}},"parameters":[{"id":"62387184-3389-4f03-9a65-e6d0580b81d3","eClass":"papaya:Parameter","data":{"name":"environment","type":{"id":"928da0ec-1b8b-485e-9d4b-639d98aa81df","eClass":"papaya:GenericType","data":{"rawType":"papaya:Class efe8ed63-a04b-4469-a6aa-4c0d3e26ac8a#//@components.0/@packages.0/@types.9"}}}}]}}]}},{"id":"5ace90f4-6721-4672-ae37-b4f77e2ab6a3","eClass":"papaya:Class","data":{"name":"SubscriptionSelectionEventDataFetcher","implements":["papaya:Interface 5db84542-747f-481d-ae99-a0508e85e355#//@components.0/@packages.0/@packages.0/@types.1"],"extends":"papaya:Class efe8ed63-a04b-4469-a6aa-4c0d3e26ac8a#//@components.0/@packages.0/@types.9","constructors":[{"id":"ede2a963-41ab-4a0a-b993-e61cc96759c7","eClass":"papaya:Constructor","data":{"parameters":[{"id":"82d7a1b2-8538-460e-8cd6-1294a4f81374","eClass":"papaya:Parameter","data":{"name":"objectMapper","type":{"id":"2732dce0-fc20-42db-b9de-5a0cd7513a5e","eClass":"papaya:GenericType","data":{"rawType":"papaya:Class efe8ed63-a04b-4469-a6aa-4c0d3e26ac8a#//@components.0/@packages.0/@types.9"}}}},{"id":"f4172448-5b7e-495f-abe9-61a213f0c02b","eClass":"papaya:Parameter","data":{"name":"exceptionWrapper","type":{"id":"95db6c28-1e49-443d-99b9-bf2b876bff46","eClass":"papaya:GenericType","data":{"rawType":"papaya:Interface 5db84542-747f-481d-ae99-a0508e85e355#//@components.0/@packages.0/@packages.0/@types.4"}}}},{"id":"c6045e40-fcb5-4a4c-9590-912a674a428b","eClass":"papaya:Parameter","data":{"name":"eventProcessorSubscriptionProvider","type":{"id":"2b1c6919-7ebd-468f-a694-0e8e2e9e265a","eClass":"papaya:GenericType","data":{"rawType":"papaya:Interface 5db84542-747f-481d-ae99-a0508e85e355#//@components.0/@packages.0/@packages.0/@types.3"}}}}]}}],"attributes":[{"id":"85f7de52-b7f5-4acd-b7bf-54edeccd925b","eClass":"papaya:Attribute","data":{"name":"INPUT_ARGUMENT","type":{"id":"ea38af08-66f6-43ef-9d78-9acca388f394","eClass":"papaya:GenericType","data":{"rawType":"papaya:Class efe8ed63-a04b-4469-a6aa-4c0d3e26ac8a#//@components.0/@packages.0/@types.10"}},"visibility":"PRIVATE","final":true,"static":true}},{"id":"18549f1d-5ffc-4354-bd3d-15370ec78e70","eClass":"papaya:Attribute","data":{"name":"objectMapper","type":{"id":"56aadea0-b320-408c-b110-7db2d592102e","eClass":"papaya:GenericType","data":{"rawType":"papaya:Class efe8ed63-a04b-4469-a6aa-4c0d3e26ac8a#//@components.0/@packages.0/@types.9"}},"visibility":"PRIVATE","final":true}},{"id":"cc4ea6a4-94f0-4650-8952-ae041029a9cc","eClass":"papaya:Attribute","data":{"name":"exceptionWrapper","type":{"id":"e1acc318-dfd6-48e4-b577-acde10d25580","eClass":"papaya:GenericType","data":{"rawType":"papaya:Interface 5db84542-747f-481d-ae99-a0508e85e355#//@components.0/@packages.0/@packages.0/@types.4"}},"visibility":"PRIVATE","final":true}},{"id":"c3731ade-4af8-4cf1-8f57-79c51e335d45","eClass":"papaya:Attribute","data":{"name":"eventProcessorSubscriptionProvider","type":{"id":"3f55fb6f-9966-4783-8baf-391d339592c6","eClass":"papaya:GenericType","data":{"rawType":"papaya:Interface 5db84542-747f-481d-ae99-a0508e85e355#//@components.0/@packages.0/@packages.0/@types.3"}},"visibility":"PRIVATE","final":true}}],"operations":[{"id":"2579f919-0cc3-4af9-8e0e-dcb6b75bc059","eClass":"papaya:Operation","data":{"name":"get","type":{"id":"ebfb519b-c517-43b6-9c8e-c4c23d0de4ff","eClass":"papaya:GenericType","data":{"rawType":"papaya:Interface 250523f7-52f2-45a5-bb75-5fe5ce47b28b#//@components.0/@packages.0/@types.1","typeArguments":[{"id":"e7deb343-2818-49fe-9aa1-7b407555ef74","eClass":"papaya:GenericType","data":{"rawType":"papaya:Class efe8ed63-a04b-4469-a6aa-4c0d3e26ac8a#//@components.0/@packages.0/@types.9","typeArguments":[{"id":"913e6ead-8efc-49f2-bd76-8be5f96aadfc","eClass":"papaya:GenericType","data":{"rawType":"papaya:Interface 5ae54267-d150-415f-8cca-6429a3a3bb82#//@components.3/@packages.0/@packages.0/@types.30"}}]}}]}},"parameters":[{"id":"5e2e1896-2a80-4ccd-973a-5de4f304a2d5","eClass":"papaya:Parameter","data":{"name":"environment","type":{"id":"c345f6bd-ce58-436d-abe0-24d9ec8b4d50","eClass":"papaya:GenericType","data":{"rawType":"papaya:Class efe8ed63-a04b-4469-a6aa-4c0d3e26ac8a#//@components.0/@packages.0/@types.9"}}}}]}}]}}]}}]}}]}}]}}]}}]}