{"json":{"version":"1.0","encoding":"utf-8"},"ns":{"papaya":"https://www.eclipse.org/sirius-web/papaya"},"content":[{"id":"21a711dd-9c02-4c06-ac58-4bc2108d2418","eClass":"papaya:Project","data":{"name":"backend","components":[{"id":"e95e56c1-b9b9-400c-bad0-ddabd35127cc","eClass":"papaya:Component","data":{"name":"sirius-components-domain","usedAsDependencyBy":["papaya:Component b1ad1ed8-7317-4e47-adec-9af603dade82#//@components.1","papaya:Component #//@components.1","papaya:Component #//@components.2"],"packages":[{"id":"e1343fe4-c0d9-4caf-89c1-220b1190758d","eClass":"papaya:Package","data":{"name":"org.eclipse.sirius.components.domain","types":[{"id":"a96fb090-7a4c-4874-a5fc-759d9c45d815","eClass":"papaya:Interface","data":{"name":"Attribute","extends":["//@components.0/@packages.0/@types.5"],"implementedBy":["//@components.0/@packages.0/@packages.0/@types.0"],"operations":[{"id":"a8922ee9-8672-4729-b8e4-b980d7bb4981","eClass":"papaya:Operation","data":{"name":"getType","type":{"id":"1618e6a8-bf13-479d-a2ee-3d1e4269a7f3","eClass":"papaya:GenericType","data":{"rawType":"papaya:Class efe8ed63-a04b-4469-a6aa-4c0d3e26ac8a#//@components.0/@packages.0/@types.9"}}}},{"id":"7458aada-9713-48eb-b056-da2b43432ca9","eClass":"papaya:Operation","data":{"name":"setType","type":{"id":"840620de-3b5e-4fd1-87ea-11f36ad5dd58","eClass":"papaya:GenericType","data":{"rawType":"papaya:Class efe8ed63-a04b-4469-a6aa-4c0d3e26ac8a#//@components.0/@packages.0/@types.9"}},"parameters":[{"id":"c03ebeda-d016-4c60-b5e1-7c54b22bfb5f","eClass":"papaya:Parameter","data":{"name":"value","type":{"id":"60e219f1-ed9c-4a73-a3f0-67fc6ad20f25","eClass":"papaya:GenericType","data":{"rawType":"papaya:Class efe8ed63-a04b-4469-a6aa-4c0d3e26ac8a#//@components.0/@packages.0/@types.9"}}}}]}}]}},{"id":"6d3c5be6-4b3d-40f1-9986-e652af76e553","eClass":"papaya:Interface","data":{"name":"Domain","extends":["//@components.0/@packages.0/@types.6"],"implementedBy":["//@components.0/@packages.0/@packages.0/@types.2"],"operations":[{"id":"d3bbb45b-23b7-41dc-ab5c-69d617a74e85","eClass":"papaya:Operation","data":{"name":"getTypes","type":{"id":"aa94191b-2ab6-4db9-ae4c-95d541c005ca","eClass":"papaya:GenericType","data":{"rawType":"papaya:Interface ed732d5a-416c-4453-ab62-97778d205446#//@components.0/@packages.0/@packages.2/@types.14","typeArguments":[{"id":"b5757866-593e-436e-badd-25e7f847eadc","eClass":"papaya:GenericType","data":{"rawType":"//@components.0/@packages.0/@types.4"}}]}}}}]}},{"id":"71b56d95-4901-4f67-b8a0-6364c3a7fce6","eClass":"papaya:Interface","data":{"name":"DomainFactory","extends":["papaya:Interface ed732d5a-416c-4453-ab62-97778d205446#//@components.2/@packages.0/@types.8"],"implementedBy":["//@components.0/@packages.0/@packages.0/@types.1"],"operations":[{"id":"276070be-26c5-46f5-b917-4a114653c011","eClass":"papaya:Operation","data":{"name":"getDomainPackage","type":{"id":"1225a3fe-eb7c-4f77-9d18-8e43f04344b0","eClass":"papaya:GenericType","data":{"rawType":"//@components.0/@packages.0/@types.3"}}}},{"id":"f36d961d-3c2d-46f9-b485-ee44b3235f0f","eClass":"papaya:Operation","data":{"name":"createAttribute","type":{"id":"dc3b8197-3d17-4d9e-a349-5ec7df05b60a","eClass":"papaya:GenericType","data":{"rawType":"//@components.0/@packages.0/@types.0"}}}},{"id":"8fbf083d-518f-4373-af42-0cbbd42378bd","eClass":"papaya:Operation","data":{"name":"createDomain","type":{"id":"bf83a363-e7a0-4dda-8ecb-93c6f278aed5","eClass":"papaya:GenericType","data":{"rawType":"//@components.0/@packages.0/@types.1"}}}},{"id":"e995aa7f-cf5b-4b5d-a6f0-5707cb2fbd02","eClass":"papaya:Operation","data":{"name":"createEntity","type":{"id":"2b8eca7e-1d7d-4b49-adee-904d52d82540","eClass":"papaya:GenericType","data":{"rawType":"//@components.0/@packages.0/@types.4"}}}},{"id":"eb36ff4b-8a6d-4a67-a8d2-58db029329ae","eClass":"papaya:Operation","data":{"name":"createRelation","type":{"id":"d2f3c6ba-efe1-4f75-b2ba-2d42cc41bda5","eClass":"papaya:GenericType","data":{"rawType":"//@components.0/@packages.0/@types.7"}}}}]}},{"id":"93c73fcd-a78c-40d5-a45c-773a0008007f","eClass":"papaya:Interface","data":{"name":"DomainPackage","types":[{"id":"0ebc91b6-41de-4d85-b5f4-064a0ae419ba","eClass":"papaya:Interface","data":{"name":"Literals"}}],"extends":["papaya:Interface ed732d5a-416c-4453-ab62-97778d205446#//@components.2/@packages.0/@types.14"],"implementedBy":["//@components.0/@packages.0/@packages.0/@types.3"],"operations":[{"id":"6f5de8e9-8941-4413-8282-62eef6690565","eClass":"papaya:Operation","data":{"name":"getAttribute","type":{"id":"b2183fe0-b472-41a1-9b9b-fd6afec93349","eClass":"papaya:GenericType","data":{"rawType":"papaya:Interface ed732d5a-416c-4453-ab62-97778d205446#//@components.2/@packages.0/@types.3"}}}},{"id":"d689dfb6-26d4-46c3-914a-a7ee5fc48f31","eClass":"papaya:Operation","data":{"name":"getNamedElement_Name","type":{"id":"23a7a0f8-15cd-43af-bf32-d55aecfd50b0","eClass":"papaya:GenericType","data":{"rawType":"papaya:Interface ed732d5a-416c-4453-ab62-97778d205446#//@components.2/@packages.0/@types.2"}}}},{"id":"67ca7625-8769-431a-ab83-b1bb9521dce4","eClass":"papaya:Operation","data":{"name":"getEntity_Attributes","type":{"id":"a03c7c21-d6d2-40a5-95fc-c8a30410fa3d","eClass":"papaya:GenericType","data":{"rawType":"papaya:Interface ed732d5a-416c-4453-ab62-97778d205446#//@components.2/@packages.0/@types.16"}}}},{"id":"c58cfad0-5490-43d8-b5e0-de3cc2be62c4","eClass":"papaya:Operation","data":{"name":"getEntity_Relations","type":{"id":"4e29a368-3328-4c9a-a15a-2e00a7935028","eClass":"papaya:GenericType","data":{"rawType":"papaya:Interface ed732d5a-416c-4453-ab62-97778d205446#//@components.2/@packages.0/@types.16"}}}},{"id":"6bab6625-4990-4076-b147-562db04c44f5","eClass":"papaya:Operation","data":{"name":"getEntity_SuperTypes","type":{"id":"9cd993d9-bcec-43a8-b48a-6974f1286c3a","eClass":"papaya:GenericType","data":{"rawType":"papaya:Interface ed732d5a-416c-4453-ab62-97778d205446#//@components.2/@packages.0/@types.16"}}}},{"id":"661daba5-e32b-44b8-92f3-723fab84be83","eClass":"papaya:Operation","data":{"name":"getFeature_Optional","type":{"id":"383fcdbd-61c1-4cc8-a8c1-7889b155f169","eClass":"papaya:GenericType","data":{"rawType":"papaya:Interface ed732d5a-416c-4453-ab62-97778d205446#//@components.2/@packages.0/@types.2"}}}},{"id":"9318e104-4338-4183-9add-efd1ed44d843","eClass":"papaya:Operation","data":{"name":"getRelation_Containment","type":{"id":"3e634a40-1793-4367-b57f-2b79e9e47400","eClass":"papaya:GenericType","data":{"rawType":"papaya:Interface ed732d5a-416c-4453-ab62-97778d205446#//@components.2/@packages.0/@types.2"}}}},{"id":"9d2884fa-0820-442e-b160-5d2413465a22","eClass":"papaya:Operation","data":{"name":"getRelation_TargetType","type":{"id":"327768ad-bd85-4607-99e6-599fed6746ed","eClass":"papaya:GenericType","data":{"rawType":"papaya:Interface ed732d5a-416c-4453-ab62-97778d205446#//@components.2/@packages.0/@types.16"}}}},{"id":"dfff12fc-cec1-49de-b510-2369db395037","eClass":"papaya:Operation","data":{"name":"getNamedElement","type":{"id":"e58ca02c-157e-4cfc-9bb8-882070c51857","eClass":"papaya:GenericType","data":{"rawType":"papaya:Interface ed732d5a-416c-4453-ab62-97778d205446#//@components.2/@packages.0/@types.3"}}}},{"id":"d5418704-1924-4f67-98f1-57c26bab0a19","eClass":"papaya:Operation","data":{"name":"getDomain_Types","type":{"id":"f4490891-9d0c-4a45-b146-066fd9c90a38","eClass":"papaya:GenericType","data":{"rawType":"papaya:Interface ed732d5a-416c-4453-ab62-97778d205446#//@components.2/@packages.0/@types.16"}}}},{"id":"f8fcc755-78d1-4d5b-beee-1f8d272c4567","eClass":"papaya:Operation","data":{"name":"getEntity_Abstract","type":{"id":"75e0e984-96b3-4f03-9931-3815b99e1942","eClass":"papaya:GenericType","data":{"rawType":"papaya:Interface ed732d5a-416c-4453-ab62-97778d205446#//@components.2/@packages.0/@types.2"}}}},{"id":"5efe6c9e-558b-4655-9d2f-f31c8291a3e1","eClass":"papaya:Operation","data":{"name":"getFeature_Many","type":{"id":"40e3c55b-b8de-4fea-95d0-5fb1d87841c5","eClass":"papaya:GenericType","data":{"rawType":"papaya:Interface ed732d5a-416c-4453-ab62-97778d205446#//@components.2/@packages.0/@types.2"}}}},{"id":"a9309f33-3b01-4b0f-aae8-3acd8dc00594","eClass":"papaya:Operation","data":{"name":"getAttribute_Type","type":{"id":"39f2cd64-fe30-4ef9-afee-103de923f868","eClass":"papaya:GenericType","data":{"rawType":"papaya:Interface ed732d5a-416c-4453-ab62-97778d205446#//@components.2/@packages.0/@types.2"}}}},{"id":"ba435fb4-5042-4128-ba90-53926fc68c5c","eClass":"papaya:Operation","data":{"name":"getDomainFactory","type":{"id":"97784f3b-97e7-4e31-b2a3-d4b6a724cd9f","eClass":"papaya:GenericType","data":{"rawType":"//@components.0/@packages.0/@types.2"}}}},{"id":"437a7fb7-4cdb-47ec-83ce-322f21c1ed83","eClass":"papaya:Operation","data":{"name":"getRelation","type":{"id":"422667aa-b815-4085-be4e-16d0f343a7eb","eClass":"papaya:GenericType","data":{"rawType":"papaya:Interface ed732d5a-416c-4453-ab62-97778d205446#//@components.2/@packages.0/@types.3"}}}},{"id":"4c44e68f-c2af-4c06-a4e4-3343b6feb37b","eClass":"papaya:Operation","data":{"name":"getDataType","type":{"id":"8a48aa0c-e5c3-4b02-a2b2-89e1d2458ee4","eClass":"papaya:GenericType","data":{"rawType":"papaya:Interface ed732d5a-416c-4453-ab62-97778d205446#//@components.2/@packages.0/@types.6"}}}},{"id":"43fe52bb-d583-4831-975c-2def45660d5a","eClass":"papaya:Operation","data":{"name":"getFeature","type":{"id":"5a3acaf0-d0a9-41fa-90df-3a1d3de8d7e1","eClass":"papaya:GenericType","data":{"rawType":"papaya:Interface ed732d5a-416c-4453-ab62-97778d205446#//@components.2/@packages.0/@types.3"}}}},{"id":"a446c574-8ddf-40a1-b307-c19a4a59aec8","eClass":"papaya:Operation","data":{"name":"getDomain","type":{"id":"28dfe691-c4e5-45db-bdff-c6a1fda8c044","eClass":"papaya:GenericType","data":{"rawType":"papaya:Interface ed732d5a-416c-4453-ab62-97778d205446#//@components.2/@packages.0/@types.3"}}}},{"id":"a578d67f-dde4-4739-bd89-db2c0aadf6c3","eClass":"papaya:Operation","data":{"name":"getEntity","type":{"id":"36fe362c-117f-4e24-bdba-f73d30a79b56","eClass":"papaya:GenericType","data":{"rawType":"papaya:Interface ed732d5a-416c-4453-ab62-97778d205446#//@components.2/@packages.0/@types.3"}}}}]}},{"id":"0e37dca4-fa17-49ca-89b1-5bfa269af4b3","eClass":"papaya:Interface","data":{"name":"Entity","extends":["//@components.0/@packages.0/@types.6"],"implementedBy":["//@components.0/@packages.0/@packages.0/@types.4"],"operations":[{"id":"1361d841-035e-4cb1-9b14-8bb72d0bf4b3","eClass":"papaya:Operation","data":{"name":"isAbstract","type":{"id":"a84f9690-236d-468c-b3a1-f3a67319d1ad","eClass":"papaya:GenericType","data":{"rawType":"papaya:Class efe8ed63-a04b-4469-a6aa-4c0d3e26ac8a#//@components.0/@packages.0/@types.9"}}}},{"id":"dd375691-95fb-441c-b722-146625997dd6","eClass":"papaya:Operation","data":{"name":"getAttributes","type":{"id":"f131bfe9-c635-4a81-83b1-e0c267e2dcd3","eClass":"papaya:GenericType","data":{"rawType":"papaya:Interface ed732d5a-416c-4453-ab62-97778d205446#//@components.0/@packages.0/@packages.2/@types.14","typeArguments":[{"id":"faad09da-26b3-417d-b490-a60ccba77275","eClass":"papaya:GenericType","data":{"rawType":"//@components.0/@packages.0/@types.0"}}]}}}},{"id":"c13bb43f-357d-4f01-b8df-2160df46552d","eClass":"papaya:Operation","data":{"name":"getSuperTypes","type":{"id":"e3a3690a-08c3-4525-9653-3499dbe5d477","eClass":"papaya:GenericType","data":{"rawType":"papaya:Interface ed732d5a-416c-4453-ab62-97778d205446#//@components.0/@packages.0/@packages.2/@types.14","typeArguments":[{"id":"a3812ef6-55c5-426a-a169-f4e2cb964d02","eClass":"papaya:GenericType","data":{"rawType":"//@components.0/@packages.0/@types.4"}}]}}}},{"id":"16adba5e-1810-4474-9490-c11ea157e898","eClass":"papaya:Operation","data":{"name":"getRelations","type":{"id":"b086352a-561d-4d02-ae62-ddbdfa78fd17","eClass":"papaya:GenericType","data":{"rawType":"papaya:Interface ed732d5a-416c-4453-ab62-97778d205446#//@components.0/@packages.0/@packages.2/@types.14","typeArguments":[{"id":"525d71df-a9ad-4275-a558-dc71b6c518ff","eClass":"papaya:GenericType","data":{"rawType":"//@components.0/@packages.0/@types.7"}}]}}}},{"id":"25db6349-c872-44a9-a71b-d7e3553e81c0","eClass":"papaya:Operation","data":{"name":"setAbstract","type":{"id":"fb9334d9-5ea8-4b60-bb80-2575bfbf6a03","eClass":"papaya:GenericType","data":{"rawType":"papaya:Class efe8ed63-a04b-4469-a6aa-4c0d3e26ac8a#//@components.0/@packages.0/@types.9"}},"parameters":[{"id":"2bca348f-e815-4276-b277-be093b0bf1dd","eClass":"papaya:Parameter","data":{"name":"value","type":{"id":"c2db942f-6d80-4e67-bdbd-f0f54632fc0c","eClass":"papaya:GenericType","data":{"rawType":"papaya:Class efe8ed63-a04b-4469-a6aa-4c0d3e26ac8a#//@components.0/@packages.0/@types.9"}}}}]}}]}},{"id":"418adbd3-b1fd-4759-9d79-4a9bfb3340a1","eClass":"papaya:Interface","data":{"name":"Feature","extends":["//@components.0/@packages.0/@types.6"],"extendedBy":["//@components.0/@packages.0/@types.0","//@components.0/@packages.0/@types.7"],"implementedBy":["//@components.0/@packages.0/@packages.0/@types.5"],"operations":[{"id":"15e4d051-5b31-471c-b563-dbad7202de95","eClass":"papaya:Operation","data":{"name":"setMany","type":{"id":"29ba0a24-1bc0-4d3b-8868-a5efac43f6b6","eClass":"papaya:GenericType","data":{"rawType":"papaya:Class efe8ed63-a04b-4469-a6aa-4c0d3e26ac8a#//@components.0/@packages.0/@types.9"}},"parameters":[{"id":"3d656c17-d6d8-4da1-87e8-e1a2d271db49","eClass":"papaya:Parameter","data":{"name":"value","type":{"id":"fea6afa1-7bf5-48bf-bba3-c4f83ea1c1c3","eClass":"papaya:GenericType","data":{"rawType":"papaya:Class efe8ed63-a04b-4469-a6aa-4c0d3e26ac8a#//@components.0/@packages.0/@types.9"}}}}]}},{"id":"6d4a15de-2f1a-4806-9a7f-817009bd0d6e","eClass":"papaya:Operation","data":{"name":"isMany","type":{"id":"d6ccd1e5-b568-4fdc-896a-33e548293c33","eClass":"papaya:GenericType","data":{"rawType":"papaya:Class efe8ed63-a04b-4469-a6aa-4c0d3e26ac8a#//@components.0/@packages.0/@types.9"}}}},{"id":"d3b44633-9b25-444c-9ac7-6ed0f142aecb","eClass":"papaya:Operation","data":{"name":"setOptional","type":{"id":"1e93dec9-534e-46ab-b1e1-867c7178c17e","eClass":"papaya:GenericType","data":{"rawType":"papaya:Class efe8ed63-a04b-4469-a6aa-4c0d3e26ac8a#//@components.0/@packages.0/@types.9"}},"parameters":[{"id":"a8104fcd-ed70-4303-bdbf-47a171529389","eClass":"papaya:Parameter","data":{"name":"value","type":{"id":"a25b204a-0444-49e0-ba2d-2afd86c85451","eClass":"papaya:GenericType","data":{"rawType":"papaya:Class efe8ed63-a04b-4469-a6aa-4c0d3e26ac8a#//@components.0/@packages.0/@types.9"}}}}]}},{"id":"07feab20-64e4-4326-a491-5305ae1397a4","eClass":"papaya:Operation","data":{"name":"isOptional","type":{"id":"87688067-236b-4ebd-a727-df9b5ec59acd","eClass":"papaya:GenericType","data":{"rawType":"papaya:Class efe8ed63-a04b-4469-a6aa-4c0d3e26ac8a#//@components.0/@packages.0/@types.9"}}}}]}},{"id":"46ccee73-9b9e-4327-884e-168d061dad49","eClass":"papaya:Interface","data":{"name":"NamedElement","extends":["papaya:Interface ed732d5a-416c-4453-ab62-97778d205446#//@components.2/@packages.0/@types.12"],"extendedBy":["//@components.0/@packages.0/@types.1","//@components.0/@packages.0/@types.4","//@components.0/@packages.0/@types.5"],"implementedBy":["//@components.0/@packages.0/@packages.0/@types.6"],"operations":[{"id":"ccc4462c-3e26-4e8c-8419-b0b58eb21223","eClass":"papaya:Operation","data":{"name":"getName","type":{"id":"dc32323f-30b4-4a84-bed7-fc023e61ab24","eClass":"papaya:GenericType","data":{"rawType":"papaya:Class efe8ed63-a04b-4469-a6aa-4c0d3e26ac8a#//@components.0/@packages.0/@types.10"}}}},{"id":"d1953c6d-7040-43ad-969e-5c9c95dd7794","eClass":"papaya:Operation","data":{"name":"setName","type":{"id":"2450d687-8974-4a7e-b9bf-b26ff56559e8","eClass":"papaya:GenericType","data":{"rawType":"papaya:Class efe8ed63-a04b-4469-a6aa-4c0d3e26ac8a#//@components.0/@packages.0/@types.9"}},"parameters":[{"id":"f8d7872b-97a8-4ff0-8482-d4346cf1ad30","eClass":"papaya:Parameter","data":{"name":"value","type":{"id":"0a0d7dc2-fb20-4dd2-bdba-9c4f47c2ef71","eClass":"papaya:GenericType","data":{"rawType":"papaya:Class efe8ed63-a04b-4469-a6aa-4c0d3e26ac8a#//@components.0/@packages.0/@types.10"}}}}]}}]}},{"id":"4dab1fd7-d861-42d2-b591-2e319e00e05e","eClass":"papaya:Interface","data":{"name":"Relation","extends":["//@components.0/@packages.0/@types.5"],"implementedBy":["//@components.0/@packages.0/@packages.0/@types.7"],"operations":[{"id":"97d3c863-64b8-4c40-9978-9bead004b244","eClass":"papaya:Operation","data":{"name":"setContainment","type":{"id":"c73fa152-ed44-463e-961f-0748894437e9","eClass":"papaya:GenericType","data":{"rawType":"papaya:Class efe8ed63-a04b-4469-a6aa-4c0d3e26ac8a#//@components.0/@packages.0/@types.9"}},"parameters":[{"id":"8d441434-bb98-439b-a6de-3da2c5f8fdec","eClass":"papaya:Parameter","data":{"name":"value","type":{"id":"81fc3afa-b5c4-4b02-81ff-5ab1f6545e69","eClass":"papaya:GenericType","data":{"rawType":"papaya:Class efe8ed63-a04b-4469-a6aa-4c0d3e26ac8a#//@components.0/@packages.0/@types.9"}}}}]}},{"id":"241c0c35-639c-459e-98a6-fa88e5cc8cc2","eClass":"papaya:Operation","data":{"name":"isContainment","type":{"id":"cae30534-3e50-4601-a9cd-fc6dbd85269c","eClass":"papaya:GenericType","data":{"rawType":"papaya:Class efe8ed63-a04b-4469-a6aa-4c0d3e26ac8a#//@components.0/@packages.0/@types.9"}}}},{"id":"f3616ca8-0dda-48a0-bf5d-e5935ec77228","eClass":"papaya:Operation","data":{"name":"setTargetType","type":{"id":"98b3875a-fc6c-484d-a4b6-25b7d0cc4060","eClass":"papaya:GenericType","data":{"rawType":"papaya:Class efe8ed63-a04b-4469-a6aa-4c0d3e26ac8a#//@components.0/@packages.0/@types.9"}},"parameters":[{"id":"84565325-5902-4bbf-b02a-38649c77b642","eClass":"papaya:Parameter","data":{"name":"value","type":{"id":"e17dd689-9e8b-49b9-b937-f09d2dad409b","eClass":"papaya:GenericType","data":{"rawType":"//@components.0/@packages.0/@types.4"}}}}]}},{"id":"f598a127-e33c-4c67-995e-39c53ccdb8ae","eClass":"papaya:Operation","data":{"name":"getTargetType","type":{"id":"82256e7f-5493-479b-b5f1-a74602d03186","eClass":"papaya:GenericType","data":{"rawType":"//@components.0/@packages.0/@types.4"}}}}]}}],"packages":[{"id":"c1d8db84-441d-4280-95f1-5d0b2ebdfb43","eClass":"papaya:Package","data":{"name":"impl","types":[{"id":"07f7460b-41cf-4bcd-8228-35980dff853e","eClass":"papaya:Class","data":{"name":"AttributeImpl","implements":["//@components.0/@packages.0/@types.0"],"extends":"//@components.0/@packages.0/@packages.0/@types.5","constructors":[{"id":"594eeb5a-d9a3-43f0-a2bf-43c8397048e9","eClass":"papaya:Constructor","data":{"visibility":"PROTECTED"}}],"attributes":[{"id":"b6fb2cc5-67de-4a53-aa45-026c597a43a2","eClass":"papaya:Attribute","data":{"name":"TYPE_EDEFAULT","type":{"id":"12e592aa-6d70-4acd-9dbc-c51f0c29c929","eClass":"papaya:GenericType","data":{"rawType":"papaya:Class efe8ed63-a04b-4469-a6aa-4c0d3e26ac8a#//@components.0/@packages.0/@types.9"}},"visibility":"PROTECTED","final":true,"static":true}},{"id":"140ac2f6-c73e-44c7-b689-6498b634c704","eClass":"papaya:Attribute","data":{"name":"type","type":{"id":"507bd43c-81f9-42c6-a98d-51eba0c0d8ce","eClass":"papaya:GenericType","data":{"rawType":"papaya:Class efe8ed63-a04b-4469-a6aa-4c0d3e26ac8a#//@components.0/@packages.0/@types.9"}},"visibility":"PROTECTED"}}],"operations":[{"id":"0ed2e922-4c88-4026-90a0-c9ef313259bf","eClass":"papaya:Operation","data":{"name":"toString","type":{"id":"5f860959-bbe1-45ac-ae9a-f4c7b5822548","eClass":"papaya:GenericType","data":{"rawType":"papaya:Class efe8ed63-a04b-4469-a6aa-4c0d3e26ac8a#//@components.0/@packages.0/@types.10"}}}},{"id":"fb8e6673-ecc4-4413-9fee-8b3859831799","eClass":"papaya:Operation","data":{"name":"getType","type":{"id":"83448bdf-5325-4aee-854b-d9757ace3e16","eClass":"papaya:GenericType","data":{"rawType":"papaya:Class efe8ed63-a04b-4469-a6aa-4c0d3e26ac8a#//@components.0/@packages.0/@types.9"}}}},{"id":"edef7b33-63be-4487-8601-255395425a7f","eClass":"papaya:Operation","data":{"name":"eStaticClass","type":{"id":"43fbbcff-df37-401e-afb8-f93bf89b6089","eClass":"papaya:GenericType","data":{"rawType":"papaya:Interface ed732d5a-416c-4453-ab62-97778d205446#//@components.2/@packages.0/@types.3"}},"visibility":"PROTECTED"}},{"id":"c63d7d99-e5b0-411e-959b-38a830c70d80","eClass":"papaya:Operation","data":{"name":"eUnset","type":{"id":"4ce338de-2954-4d21-b558-e6a829963406","eClass":"papaya:GenericType","data":{"rawType":"papaya:Class efe8ed63-a04b-4469-a6aa-4c0d3e26ac8a#//@components.0/@packages.0/@types.9"}},"parameters":[{"id":"b9dec375-cc3e-4838-95c1-c8e38008ac2e","eClass":"papaya:Parameter","data":{"name":"featureID","type":{"id":"92f2ddab-ab51-4359-a348-c92543be36fa","eClass":"papaya:GenericType","data":{"rawType":"papaya:Class efe8ed63-a04b-4469-a6aa-4c0d3e26ac8a#//@components.0/@packages.0/@types.9"}}}}]}},{"id":"46748c8c-d3b4-4e23-805e-90e61478ff71","eClass":"papaya:Operation","data":{"name":"eSet","type":{"id":"9e27a4d3-8433-4cc6-be0d-8d201060e36e","eClass":"papaya:GenericType","data":{"rawType":"papaya:Class efe8ed63-a04b-4469-a6aa-4c0d3e26ac8a#//@components.0/@packages.0/@types.9"}},"parameters":[{"id":"8dbc9038-34e5-45bd-aa00-aba25397c14f","eClass":"papaya:Parameter","data":{"name":"featureID","type":{"id":"7290a722-c2be-4041-9dca-7c602b0c4abc","eClass":"papaya:GenericType","data":{"rawType":"papaya:Class efe8ed63-a04b-4469-a6aa-4c0d3e26ac8a#//@components.0/@packages.0/@types.9"}}}},{"id":"70df076d-f74c-4934-a856-a4b7b3c0878e","eClass":"papaya:Parameter","data":{"name":"newValue","type":{"id":"1fed9b15-9c60-4e4e-86d3-59cdd992010d","eClass":"papaya:GenericType","data":{"rawType":"papaya:Class efe8ed63-a04b-4469-a6aa-4c0d3e26ac8a#//@components.0/@packages.0/@types.9"}}}}]}},{"id":"dc2c57ab-5402-452a-aaaa-236e1cbe3d78","eClass":"papaya:Operation","data":{"name":"eGet","type":{"id":"1e5bd8e3-c0af-4a84-b049-fb98035dc5d8","eClass":"papaya:GenericType","data":{"rawType":"papaya:Class efe8ed63-a04b-4469-a6aa-4c0d3e26ac8a#//@components.0/@packages.0/@types.9"}},"parameters":[{"id":"fb823e09-402b-40c0-9890-9a4096cf2dd6","eClass":"papaya:Parameter","data":{"name":"featureID","type":{"id":"3f4342e9-de02-4e87-a549-9de3134acb0d","eClass":"papaya:GenericType","data":{"rawType":"papaya:Class efe8ed63-a04b-4469-a6aa-4c0d3e26ac8a#//@components.0/@packages.0/@types.9"}}}},{"id":"088bf28c-92d7-4d63-bf53-7d89ba2173f3","eClass":"papaya:Parameter","data":{"name":"resolve","type":{"id":"8b293eb9-7e90-4f8b-b945-743464bf019f","eClass":"papaya:GenericType","data":{"rawType":"papaya:Class efe8ed63-a04b-4469-a6aa-4c0d3e26ac8a#//@components.0/@packages.0/@types.9"}}}},{"id":"2e926dc8-4830-4746-b878-562aba201d50","eClass":"papaya:Parameter","data":{"name":"coreType","type":{"id":"42ec20a8-3124-4708-93d5-68b540ee2bb2","eClass":"papaya:GenericType","data":{"rawType":"papaya:Class efe8ed63-a04b-4469-a6aa-4c0d3e26ac8a#//@components.0/@packages.0/@types.9"}}}}]}},{"id":"ea1c6caa-4d9c-4b0d-b557-f214c78e9030","eClass":"papaya:Operation","data":{"name":"eIsSet","type":{"id":"85c864f0-1eb2-4575-95fe-511773f32c75","eClass":"papaya:GenericType","data":{"rawType":"papaya:Class efe8ed63-a04b-4469-a6aa-4c0d3e26ac8a#//@components.0/@packages.0/@types.9"}},"parameters":[{"id":"cef191e0-53d5-4f4d-aaf9-fb3118c9e1b7","eClass":"papaya:Parameter","data":{"name":"featureID","type":{"id":"d776784d-d3f7-4683-bbb3-463a481cb5af","eClass":"papaya:GenericType","data":{"rawType":"papaya:Class efe8ed63-a04b-4469-a6aa-4c0d3e26ac8a#//@components.0/@packages.0/@types.9"}}}}]}},{"id":"c1019dd7-8d20-45fa-9d9b-d8de0672dca0","eClass":"papaya:Operation","data":{"name":"setType","type":{"id":"9596af89-0fd8-4771-80c8-be92fbef029f","eClass":"papaya:GenericType","data":{"rawType":"papaya:Class efe8ed63-a04b-4469-a6aa-4c0d3e26ac8a#//@components.0/@packages.0/@types.9"}},"parameters":[{"id":"c49998e3-f89d-47e3-a0b2-360b024b7939","eClass":"papaya:Parameter","data":{"name":"newType","type":{"id":"79e067f4-4e5a-49bc-b783-f78e40c166c2","eClass":"papaya:GenericType","data":{"rawType":"papaya:Class efe8ed63-a04b-4469-a6aa-4c0d3e26ac8a#//@components.0/@packages.0/@types.9"}}}}]}}]}},{"id":"18635d20-a039-4259-b95a-27d257a2836c","eClass":"papaya:Class","data":{"name":"DomainFactoryImpl","implements":["//@components.0/@packages.0/@types.2"],"extends":"papaya:Class ed732d5a-416c-4453-ab62-97778d205446#//@components.2/@packages.0/@packages.0/@types.10","constructors":[{"id":"d1496c23-4596-428d-beae-5cf0741db3e9","eClass":"papaya:Constructor"}],"operations":[{"id":"45238dc4-3fb9-4285-bfc3-651e7e852480","eClass":"papaya:Operation","data":{"name":"getPackage","type":{"id":"cd4da401-28d3-4de5-9163-82d22a2f789e","eClass":"papaya:GenericType","data":{"rawType":"//@components.0/@packages.0/@types.3"}},"static":true}},{"id":"abc82dbc-f9d7-405f-b037-1047c11d88d6","eClass":"papaya:Operation","data":{"name":"init","type":{"id":"cd0bdfdc-98d7-45eb-9061-e978bbe0e8b8","eClass":"papaya:GenericType","data":{"rawType":"//@components.0/@packages.0/@types.2"}},"static":true}},{"id":"b7c65b4d-c885-47b5-bbaa-72394b978749","eClass":"papaya:Operation","data":{"name":"create","type":{"id":"e0008dfd-1f52-48d2-a4ec-733831374f4e","eClass":"papaya:GenericType","data":{"rawType":"papaya:Interface ed732d5a-416c-4453-ab62-97778d205446#//@components.2/@packages.0/@types.12"}},"parameters":[{"id":"4e661891-1e99-410f-b297-ee77eb0fb0a7","eClass":"papaya:Parameter","data":{"name":"eClass","type":{"id":"2ebea36a-4f5a-40d5-98dd-269f680e736d","eClass":"papaya:GenericType","data":{"rawType":"papaya:Interface ed732d5a-416c-4453-ab62-97778d205446#//@components.2/@packages.0/@types.3"}}}}]}},{"id":"435e6c1a-0401-4e31-8154-29f34ac1808f","eClass":"papaya:Operation","data":{"name":"createDataTypeFromString","type":{"id":"0f32c38f-09e0-4da8-a7c0-b31d4cf4b318","eClass":"papaya:GenericType","data":{"rawType":"papaya:Class efe8ed63-a04b-4469-a6aa-4c0d3e26ac8a#//@components.0/@packages.0/@types.9"}},"parameters":[{"id":"8161004e-a769-4d41-9175-01d9270129eb","eClass":"papaya:Parameter","data":{"name":"eDataType","type":{"id":"4826dae0-58a0-4f54-ac50-80a10fbcb783","eClass":"papaya:GenericType","data":{"rawType":"papaya:Interface ed732d5a-416c-4453-ab62-97778d205446#//@components.2/@packages.0/@types.5"}}}},{"id":"a6cb6163-0af9-472e-9432-0bcbbad53da1","eClass":"papaya:Parameter","data":{"name":"initialValue","type":{"id":"3d582b87-f79a-4be1-8a7e-bb5d39cd085b","eClass":"papaya:GenericType","data":{"rawType":"papaya:Class efe8ed63-a04b-4469-a6aa-4c0d3e26ac8a#//@components.0/@packages.0/@types.10"}}}}]}},{"id":"1be93024-f4e8-496f-96b8-1e996d9247b2","eClass":"papaya:Operation","data":{"name":"convertDataTypeToString","type":{"id":"15acdd4d-0863-4c78-bb10-fb8c79846a8d","eClass":"papaya:GenericType","data":{"rawType":"papaya:Class efe8ed63-a04b-4469-a6aa-4c0d3e26ac8a#//@components.0/@packages.0/@types.10"}},"parameters":[{"id":"079cc1f0-4247-4164-8484-0772232595ae","eClass":"papaya:Parameter","data":{"name":"eDataType","type":{"id":"ab03a52b-532b-4d88-aec4-7a5fd5e4bf56","eClass":"papaya:GenericType","data":{"rawType":"papaya:Interface ed732d5a-416c-4453-ab62-97778d205446#//@components.2/@packages.0/@types.5"}}}},{"id":"6f02e628-2317-4b21-b798-925407a05b84","eClass":"papaya:Parameter","data":{"name":"instanceValue","type":{"id":"cac13c5d-c5fc-406c-8e4e-459e6e11a345","eClass":"papaya:GenericType","data":{"rawType":"papaya:Class efe8ed63-a04b-4469-a6aa-4c0d3e26ac8a#//@components.0/@packages.0/@types.9"}}}}]}},{"id":"ae029065-7ee5-4077-aff1-6a355a37f640","eClass":"papaya:Operation","data":{"name":"getDomainPackage","type":{"id":"9aee231e-f228-466e-86b0-d0dc56478e65","eClass":"papaya:GenericType","data":{"rawType":"//@components.0/@packages.0/@types.3"}}}},{"id":"ba7ff598-8689-4a74-a0c0-3a7061cd4b04","eClass":"papaya:Operation","data":{"name":"convertToString","type":{"id":"568ede54-e8a2-4574-ac06-e0e2971358a6","eClass":"papaya:GenericType","data":{"rawType":"papaya:Class efe8ed63-a04b-4469-a6aa-4c0d3e26ac8a#//@components.0/@packages.0/@types.10"}},"parameters":[{"id":"60cd9b13-0f84-4c51-b6c7-cae0bb680b9b","eClass":"papaya:Parameter","data":{"name":"eDataType","type":{"id":"7eea1c44-120b-4957-b049-8fa35fe4c6ca","eClass":"papaya:GenericType","data":{"rawType":"papaya:Interface ed732d5a-416c-4453-ab62-97778d205446#//@components.2/@packages.0/@types.5"}}}},{"id":"8d164120-45f6-49b2-a84b-5dd76aa1007f","eClass":"papaya:Parameter","data":{"name":"instanceValue","type":{"id":"ff6b1294-c842-4abf-a83e-6b9b955e617d","eClass":"papaya:GenericType","data":{"rawType":"papaya:Class efe8ed63-a04b-4469-a6aa-4c0d3e26ac8a#//@components.0/@packages.0/@types.9"}}}}]}},{"id":"a24cd917-bb07-4263-aedd-db93aa7e0c1f","eClass":"papaya:Operation","data":{"name":"createAttribute","type":{"id":"9368a72a-9e31-48af-988d-7f63de40d032","eClass":"papaya:GenericType","data":{"rawType":"//@components.0/@packages.0/@types.0"}}}},{"id":"959768e5-8c0b-4cc3-9507-97039f4b1a1e","eClass":"papaya:Operation","data":{"name":"createDomain","type":{"id":"380138e2-cb81-47f8-94cf-2d1461d79f3f","eClass":"papaya:GenericType","data":{"rawType":"//@components.0/@packages.0/@types.1"}}}},{"id":"bad0f916-37bb-4c6c-a683-b4d25d14be66","eClass":"papaya:Operation","data":{"name":"createEntity","type":{"id":"0bfce82f-9d2a-424d-ace4-c6fd950ac3f6","eClass":"papaya:GenericType","data":{"rawType":"//@components.0/@packages.0/@types.4"}}}},{"id":"e15ea1c5-988b-40bf-8dc8-7267b5336e88","eClass":"papaya:Operation","data":{"name":"createRelation","type":{"id":"88ce257e-6932-432f-9bc4-e2cbd3366ec0","eClass":"papaya:GenericType","data":{"rawType":"//@components.0/@packages.0/@types.7"}}}},{"id":"1c559621-d5b0-462d-a0d5-6598f091f27b","eClass":"papaya:Operation","data":{"name":"createFromString","type":{"id":"f6f8e1be-ef45-4372-8c13-3a258761b7a9","eClass":"papaya:GenericType","data":{"rawType":"papaya:Class efe8ed63-a04b-4469-a6aa-4c0d3e26ac8a#//@components.0/@packages.0/@types.9"}},"parameters":[{"id":"f2085461-7e46-4ff2-b087-2d49d5ae34e4","eClass":"papaya:Parameter","data":{"name":"eDataType","type":{"id":"b02c41eb-1029-4b34-b74a-831caf416ba3","eClass":"papaya:GenericType","data":{"rawType":"papaya:Interface ed732d5a-416c-4453-ab62-97778d205446#//@components.2/@packages.0/@types.5"}}}},{"id":"b81b25f7-a773-4ac9-8798-57656c0376d8","eClass":"papaya:Parameter","data":{"name":"initialValue","type":{"id":"88675aa6-b684-4a23-bff7-7a2e792f18f4","eClass":"papaya:GenericType","data":{"rawType":"papaya:Class efe8ed63-a04b-4469-a6aa-4c0d3e26ac8a#//@components.0/@packages.0/@types.10"}}}}]}}]}},{"id":"aac39849-e0f2-466a-81e5-2ae31265c4da","eClass":"papaya:Class","data":{"name":"DomainImpl","implements":["//@components.0/@packages.0/@types.1"],"extends":"//@components.0/@packages.0/@packages.0/@types.6","constructors":[{"id":"1ad7e74a-69d6-4a4b-adf7-4904d18a3420","eClass":"papaya:Constructor","data":{"visibility":"PROTECTED"}}],"attributes":[{"id":"45fecc55-339e-4ec6-ab32-cd32c80ccc2c","eClass":"papaya:Attribute","data":{"name":"types","type":{"id":"6840fa41-a0d2-47e5-ad3d-71e0198a5c0f","eClass":"papaya:GenericType","data":{"rawType":"papaya:Interface ed732d5a-416c-4453-ab62-97778d205446#//@components.0/@packages.0/@packages.2/@types.14","typeArguments":[{"id":"e6369e81-33bb-47c4-98f1-c0270bf315cb","eClass":"papaya:GenericType","data":{"rawType":"//@components.0/@packages.0/@types.4"}}]}},"visibility":"PROTECTED"}}],"operations":[{"id":"feef4553-20a5-46a2-a7b4-0891b115f97c","eClass":"papaya:Operation","data":{"name":"eInverseRemove","type":{"id":"f52e6470-76b0-45ef-8127-a5945af8c7a7","eClass":"papaya:GenericType","data":{"rawType":"papaya:Interface ed732d5a-416c-4453-ab62-97778d205446#//@components.0/@packages.0/@packages.1/@types.3"}},"parameters":[{"id":"e79c7770-789c-4f49-80ff-47ada76c6f24","eClass":"papaya:Parameter","data":{"name":"otherEnd","type":{"id":"3c2333e5-b712-4c7d-92a1-6789ff393e42","eClass":"papaya:GenericType","data":{"rawType":"papaya:Interface ed732d5a-416c-4453-ab62-97778d205446#//@components.2/@packages.0/@types.23"}}}},{"id":"6546d146-1268-47f8-9d45-102e23107c12","eClass":"papaya:Parameter","data":{"name":"featureID","type":{"id":"9272bc06-043d-4a52-8cd4-89780ab6eb44","eClass":"papaya:GenericType","data":{"rawType":"papaya:Class efe8ed63-a04b-4469-a6aa-4c0d3e26ac8a#//@components.0/@packages.0/@types.9"}}}},{"id":"96f8d6cc-4fd3-4b87-936f-40e341721283","eClass":"papaya:Parameter","data":{"name":"msgs","type":{"id":"d64a8fef-790e-499d-b6b1-9404dc965f38","eClass":"papaya:GenericType","data":{"rawType":"papaya:Interface ed732d5a-416c-4453-ab62-97778d205446#//@components.0/@packages.0/@packages.1/@types.3"}}}}]}},{"id":"e069e82e-0356-4c43-bb59-0f699b46390a","eClass":"papaya:Operation","data":{"name":"eStaticClass","type":{"id":"09081541-6cab-45ab-abd0-520dad76dd62","eClass":"papaya:GenericType","data":{"rawType":"papaya:Interface ed732d5a-416c-4453-ab62-97778d205446#//@components.2/@packages.0/@types.3"}},"visibility":"PROTECTED"}},{"id":"faefd695-f6e7-4abc-8f2c-327941a9ca7f","eClass":"papaya:Operation","data":{"name":"eUnset","type":{"id":"52c71332-7167-4296-9bd8-0aa9f9f0e151","eClass":"papaya:GenericType","data":{"rawType":"papaya:Class efe8ed63-a04b-4469-a6aa-4c0d3e26ac8a#//@components.0/@packages.0/@types.9"}},"parameters":[{"id":"41b3bbe2-1eb9-48d0-97d8-521bbda0c86b","eClass":"papaya:Parameter","data":{"name":"featureID","type":{"id":"161e4e61-e12d-40b0-83bf-64dcfba89c2f","eClass":"papaya:GenericType","data":{"rawType":"papaya:Class efe8ed63-a04b-4469-a6aa-4c0d3e26ac8a#//@components.0/@packages.0/@types.9"}}}}]}},{"id":"c825e3bc-79cc-49d2-bf94-a9814c0c01e1","eClass":"papaya:Operation","data":{"name":"eSet","type":{"id":"b2e424aa-d987-4ca7-b509-911cc95396d4","eClass":"papaya:GenericType","data":{"rawType":"papaya:Class efe8ed63-a04b-4469-a6aa-4c0d3e26ac8a#//@components.0/@packages.0/@types.9"}},"parameters":[{"id":"beef1de4-193c-4ebd-ad40-ebec4883341a","eClass":"papaya:Parameter","data":{"name":"featureID","type":{"id":"e129bb9c-acfd-4873-a61d-ba90bbb82779","eClass":"papaya:GenericType","data":{"rawType":"papaya:Class efe8ed63-a04b-4469-a6aa-4c0d3e26ac8a#//@components.0/@packages.0/@types.9"}}}},{"id":"6d7f3c76-3903-4c3d-8786-b13717bbd582","eClass":"papaya:Parameter","data":{"name":"newValue","type":{"id":"0fdca88a-e43a-464c-961c-cb53517974f4","eClass":"papaya:GenericType","data":{"rawType":"papaya:Class efe8ed63-a04b-4469-a6aa-4c0d3e26ac8a#//@components.0/@packages.0/@types.9"}}}}]}},{"id":"9d40dc18-f0f0-4fa7-bd2d-d032783360d5","eClass":"papaya:Operation","data":{"name":"eGet","type":{"id":"657382c8-46dd-40a8-9576-b4cad9168804","eClass":"papaya:GenericType","data":{"rawType":"papaya:Class efe8ed63-a04b-4469-a6aa-4c0d3e26ac8a#//@components.0/@packages.0/@types.9"}},"parameters":[{"id":"62d4bc22-6370-4832-9c4e-7530a3b12133","eClass":"papaya:Parameter","data":{"name":"featureID","type":{"id":"45914711-d6ea-42f9-abf3-b15afb30d38f","eClass":"papaya:GenericType","data":{"rawType":"papaya:Class efe8ed63-a04b-4469-a6aa-4c0d3e26ac8a#//@components.0/@packages.0/@types.9"}}}},{"id":"c643bfbd-94d0-4d57-ba0e-f99446b6dfd8","eClass":"papaya:Parameter","data":{"name":"resolve","type":{"id":"01e27ccb-93a1-4102-936c-8662b7c94e7f","eClass":"papaya:GenericType","data":{"rawType":"papaya:Class efe8ed63-a04b-4469-a6aa-4c0d3e26ac8a#//@components.0/@packages.0/@types.9"}}}},{"id":"e8c277d8-73a7-4741-a21b-30f666efcc54","eClass":"papaya:Parameter","data":{"name":"coreType","type":{"id":"556586ac-0527-4ae1-823d-c86f3ecbd40f","eClass":"papaya:GenericType","data":{"rawType":"papaya:Class efe8ed63-a04b-4469-a6aa-4c0d3e26ac8a#//@components.0/@packages.0/@types.9"}}}}]}},{"id":"a26ee3a0-392a-499e-bded-971397085c49","eClass":"papaya:Operation","data":{"name":"eIsSet","type":{"id":"b21dd3a4-ee2c-421f-8e6a-3c461a96214b","eClass":"papaya:GenericType","data":{"rawType":"papaya:Class efe8ed63-a04b-4469-a6aa-4c0d3e26ac8a#//@components.0/@packages.0/@types.9"}},"parameters":[{"id":"66169d6e-f7bf-42f5-8294-1f9dde7bc237","eClass":"papaya:Parameter","data":{"name":"featureID","type":{"id":"9c6df8dc-7d33-4709-91c1-daba66947bf9","eClass":"papaya:GenericType","data":{"rawType":"papaya:Class efe8ed63-a04b-4469-a6aa-4c0d3e26ac8a#//@components.0/@packages.0/@types.9"}}}}]}},{"id":"5ef9a75b-6944-492b-a899-4e815112a4a4","eClass":"papaya:Operation","data":{"name":"getTypes","type":{"id":"db6ec8c5-0bcf-4744-96b1-8d5a3ea7a200","eClass":"papaya:GenericType","data":{"rawType":"papaya:Interface ed732d5a-416c-4453-ab62-97778d205446#//@components.0/@packages.0/@packages.2/@types.14","typeArguments":[{"id":"21eb6f78-7b9a-46b1-8338-d020c58db3ae","eClass":"papaya:GenericType","data":{"rawType":"//@components.0/@packages.0/@types.4"}}]}}}}]}},{"id":"e22aa1b9-8e89-4880-9c44-5a3c9a40b296","eClass":"papaya:Class","data":{"name":"DomainPackageImpl","implements":["//@components.0/@packages.0/@types.3"],"extends":"papaya:Class ed732d5a-416c-4453-ab62-97778d205446#//@components.2/@packages.0/@packages.0/@types.16","constructors":[{"id":"c9533a33-70e6-41c4-978f-f8c97f5c4681","eClass":"papaya:Constructor","data":{"visibility":"PRIVATE"}}],"attributes":[{"id":"0d27f5bc-dec4-4e97-92e0-8c11e43e9899","eClass":"papaya:Attribute","data":{"name":"namedElementEClass","type":{"id":"b86d1b56-5965-4ecd-88cc-da5cba02ab75","eClass":"papaya:GenericType","data":{"rawType":"papaya:Interface ed732d5a-416c-4453-ab62-97778d205446#//@components.2/@packages.0/@types.3"}},"visibility":"PRIVATE"}},{"id":"17b0bda6-980f-40bf-ab24-f69adbe44548","eClass":"papaya:Attribute","data":{"name":"domainEClass","type":{"id":"6f4cdf2f-6933-4708-9d2a-3e630699527f","eClass":"papaya:GenericType","data":{"rawType":"papaya:Interface ed732d5a-416c-4453-ab62-97778d205446#//@components.2/@packages.0/@types.3"}},"visibility":"PRIVATE"}},{"id":"d1cee71e-dee7-4d67-a620-09cbdf69c14b","eClass":"papaya:Attribute","data":{"name":"entityEClass","type":{"id":"d9b94fd3-79c8-442c-95ad-2feaefdfff96","eClass":"papaya:GenericType","data":{"rawType":"papaya:Interface ed732d5a-416c-4453-ab62-97778d205446#//@components.2/@packages.0/@types.3"}},"visibility":"PRIVATE"}},{"id":"5cd419f0-58b2-4f23-be00-b32f63881621","eClass":"papaya:Attribute","data":{"name":"featureEClass","type":{"id":"43d12f6c-dc89-43c7-b2b0-ad31954cccd1","eClass":"papaya:GenericType","data":{"rawType":"papaya:Interface ed732d5a-416c-4453-ab62-97778d205446#//@components.2/@packages.0/@types.3"}},"visibility":"PRIVATE"}},{"id":"c36ab18f-8377-4800-add4-10f99ffb51f6","eClass":"papaya:Attribute","data":{"name":"attributeEClass","type":{"id":"8dd7b808-65a3-477b-bef8-6d60cba3e479","eClass":"papaya:GenericType","data":{"rawType":"papaya:Interface ed732d5a-416c-4453-ab62-97778d205446#//@components.2/@packages.0/@types.3"}},"visibility":"PRIVATE"}},{"id":"568ad143-df58-4563-82d9-32195b95d6f2","eClass":"papaya:Attribute","data":{"name":"relationEClass","type":{"id":"cdb18fe5-2935-4631-b71d-bf054ff8693a","eClass":"papaya:GenericType","data":{"rawType":"papaya:Interface ed732d5a-416c-4453-ab62-97778d205446#//@components.2/@packages.0/@types.3"}},"visibility":"PRIVATE"}},{"id":"08809cb9-59a5-4b3e-b55c-8cdbfa574e89","eClass":"papaya:Attribute","data":{"name":"dataTypeEEnum","type":{"id":"1e316404-7cf9-4366-811f-5c70bd3fb441","eClass":"papaya:GenericType","data":{"rawType":"papaya:Interface ed732d5a-416c-4453-ab62-97778d205446#//@components.2/@packages.0/@types.6"}},"visibility":"PRIVATE"}},{"id":"0f6fcf56-b86d-4e48-bb08-6ac6b62c1b6d","eClass":"papaya:Attribute","data":{"name":"isInited","type":{"id":"6bc583f1-252f-4735-9b5c-087f2a6345f4","eClass":"papaya:GenericType","data":{"rawType":"papaya:Class efe8ed63-a04b-4469-a6aa-4c0d3e26ac8a#//@components.0/@packages.0/@types.9"}},"visibility":"PRIVATE","static":true}},{"id":"b09becce-b4aa-487a-bd58-fd856b90f75b","eClass":"papaya:Attribute","data":{"name":"isCreated","type":{"id":"a0586522-f4a7-461c-b33b-a7f8fab34587","eClass":"papaya:GenericType","data":{"rawType":"papaya:Class efe8ed63-a04b-4469-a6aa-4c0d3e26ac8a#//@components.0/@packages.0/@types.9"}},"visibility":"PRIVATE"}},{"id":"eac48cbe-3cff-4b47-a602-4c57c9055ea3","eClass":"papaya:Attribute","data":{"name":"isInitialized","type":{"id":"fa6d4df1-5b69-423a-8ce3-2c935a90a5a3","eClass":"papaya:GenericType","data":{"rawType":"papaya:Class efe8ed63-a04b-4469-a6aa-4c0d3e26ac8a#//@components.0/@packages.0/@types.9"}},"visibility":"PRIVATE"}}],"operations":[{"id":"e56f8edc-ef86-449e-ab91-71aeca27a941","eClass":"papaya:Operation","data":{"name":"init","type":{"id":"9d4c1b28-b9fc-4aea-947c-463748fb3f80","eClass":"papaya:GenericType","data":{"rawType":"//@components.0/@packages.0/@types.3"}},"static":true}},{"id":"65160012-430c-4711-8455-ffaa18eb02ba","eClass":"papaya:Operation","data":{"name":"getAttribute","type":{"id":"e7dfe74a-9087-4eaf-96bb-2a17cbc01ca2","eClass":"papaya:GenericType","data":{"rawType":"papaya:Interface ed732d5a-416c-4453-ab62-97778d205446#//@components.2/@packages.0/@types.3"}}}},{"id":"c11c4726-b6f6-4702-8a43-fd94ff5c9143","eClass":"papaya:Operation","data":{"name":"createPackageContents","type":{"id":"984d3fbb-abc8-42e1-87b9-bac6ba5303f3","eClass":"papaya:GenericType","data":{"rawType":"papaya:Class efe8ed63-a04b-4469-a6aa-4c0d3e26ac8a#//@components.0/@packages.0/@types.9"}}}},{"id":"62c6064f-a946-4bf7-86d6-aef966c96be2","eClass":"papaya:Operation","data":{"name":"initializePackageContents","type":{"id":"e071784c-d198-4e29-a576-65959f8f2698","eClass":"papaya:GenericType","data":{"rawType":"papaya:Class efe8ed63-a04b-4469-a6aa-4c0d3e26ac8a#//@components.0/@packages.0/@types.9"}}}},{"id":"e3b66375-2f7f-4977-be32-ac17bef474c7","eClass":"papaya:Operation","data":{"name":"getNamedElement_Name","type":{"id":"0828567d-d803-4402-8625-436376c2feab","eClass":"papaya:GenericType","data":{"rawType":"papaya:Interface ed732d5a-416c-4453-ab62-97778d205446#//@components.2/@packages.0/@types.2"}}}},{"id":"23b1a890-45fd-40d0-ae17-389641fcdad5","eClass":"papaya:Operation","data":{"name":"getEntity_Attributes","type":{"id":"b5c51382-f79a-4487-b721-e56a585905a4","eClass":"papaya:GenericType","data":{"rawType":"papaya:Interface ed732d5a-416c-4453-ab62-97778d205446#//@components.2/@packages.0/@types.16"}}}},{"id":"34deb1f0-5933-4b36-8055-74b306fb15b7","eClass":"papaya:Operation","data":{"name":"getEntity_Relations","type":{"id":"6b2b1b40-81cc-440e-aade-cad3051a145e","eClass":"papaya:GenericType","data":{"rawType":"papaya:Interface ed732d5a-416c-4453-ab62-97778d205446#//@components.2/@packages.0/@types.16"}}}},{"id":"81dd1cf8-9304-4668-913e-c391dccf1128","eClass":"papaya:Operation","data":{"name":"getEntity_SuperTypes","type":{"id":"b07390ca-9956-466a-8105-b1078f434f14","eClass":"papaya:GenericType","data":{"rawType":"papaya:Interface ed732d5a-416c-4453-ab62-97778d205446#//@components.2/@packages.0/@types.16"}}}},{"id":"5125c0f4-4bc0-46a8-81c3-69cffb320c6f","eClass":"papaya:Operation","data":{"name":"getFeature_Optional","type":{"id":"3f6432a5-2336-4746-858b-aec0bfe2160d","eClass":"papaya:GenericType","data":{"rawType":"papaya:Interface ed732d5a-416c-4453-ab62-97778d205446#//@components.2/@packages.0/@types.2"}}}},{"id":"49ec5c09-7901-4817-9565-08c08376fb79","eClass":"papaya:Operation","data":{"name":"getRelation_Containment","type":{"id":"3f6adcc1-f34d-4abe-a847-4b565ca04368","eClass":"papaya:GenericType","data":{"rawType":"papaya:Interface ed732d5a-416c-4453-ab62-97778d205446#//@components.2/@packages.0/@types.2"}}}},{"id":"e30d93fb-1c08-4985-b138-f869b9a1a8cc","eClass":"papaya:Operation","data":{"name":"getRelation_TargetType","type":{"id":"d0959b29-cd0e-4c4f-8126-dda243bdcd36","eClass":"papaya:GenericType","data":{"rawType":"papaya:Interface ed732d5a-416c-4453-ab62-97778d205446#//@components.2/@packages.0/@types.16"}}}},{"id":"60af7669-30bd-4238-89af-54091acc3f8c","eClass":"papaya:Operation","data":{"name":"getNamedElement","type":{"id":"d72525ca-ab00-4bda-b41b-6c07a045a9b8","eClass":"papaya:GenericType","data":{"rawType":"papaya:Interface ed732d5a-416c-4453-ab62-97778d205446#//@components.2/@packages.0/@types.3"}}}},{"id":"9d13cde0-a89c-48fc-a888-cbfd199778aa","eClass":"papaya:Operation","data":{"name":"getDomain_Types","type":{"id":"9cd4dc0b-7b98-4a1d-a661-7a94a1c26aef","eClass":"papaya:GenericType","data":{"rawType":"papaya:Interface ed732d5a-416c-4453-ab62-97778d205446#//@components.2/@packages.0/@types.16"}}}},{"id":"385743bd-c5c1-40ca-a652-0a0a1034b7da","eClass":"papaya:Operation","data":{"name":"getEntity_Abstract","type":{"id":"8a5a22c3-c054-4901-8919-51bda94cead4","eClass":"papaya:GenericType","data":{"rawType":"papaya:Interface ed732d5a-416c-4453-ab62-97778d205446#//@components.2/@packages.0/@types.2"}}}},{"id":"8914dba9-9d37-43f4-afa5-70f6b2772174","eClass":"papaya:Operation","data":{"name":"getFeature_Many","type":{"id":"6cdede1c-f7a7-424c-bad6-bf02698b8bc0","eClass":"papaya:GenericType","data":{"rawType":"papaya:Interface ed732d5a-416c-4453-ab62-97778d205446#//@components.2/@packages.0/@types.2"}}}},{"id":"633b5fb9-0df1-4bd1-b395-86a337934639","eClass":"papaya:Operation","data":{"name":"getAttribute_Type","type":{"id":"d20f5a78-ad8e-4cfe-8abf-4f650965015f","eClass":"papaya:GenericType","data":{"rawType":"papaya:Interface ed732d5a-416c-4453-ab62-97778d205446#//@components.2/@packages.0/@types.2"}}}},{"id":"2967aee5-86f5-4059-b1d3-3132b1942ee0","eClass":"papaya:Operation","data":{"name":"getDomainFactory","type":{"id":"33f671de-ea1f-4a09-a985-3b25ee6bdd43","eClass":"papaya:GenericType","data":{"rawType":"//@components.0/@packages.0/@types.2"}}}},{"id":"15a5f824-d688-4181-b0b6-541852f66b1a","eClass":"papaya:Operation","data":{"name":"getRelation","type":{"id":"7e4bae09-9ac4-4310-9780-8908b8529118","eClass":"papaya:GenericType","data":{"rawType":"papaya:Interface ed732d5a-416c-4453-ab62-97778d205446#//@components.2/@packages.0/@types.3"}}}},{"id":"0e5dc94d-f7ce-40dc-9c99-ea7a96520995","eClass":"papaya:Operation","data":{"name":"getDataType","type":{"id":"2c0db0ba-d850-4bb0-ad82-9e550ac2f1ef","eClass":"papaya:GenericType","data":{"rawType":"papaya:Interface ed732d5a-416c-4453-ab62-97778d205446#//@components.2/@packages.0/@types.6"}}}},{"id":"1db2ff0b-ad9f-4989-a26a-1767adfd2a5b","eClass":"papaya:Operation","data":{"name":"getFeature","type":{"id":"c8623357-bbcf-4956-9a99-46b7848e3369","eClass":"papaya:GenericType","data":{"rawType":"papaya:Interface ed732d5a-416c-4453-ab62-97778d205446#//@components.2/@packages.0/@types.3"}}}},{"id":"12dafb49-fe7f-43d1-9235-1e636052ce69","eClass":"papaya:Operation","data":{"name":"getDomain","type":{"id":"3eef2925-c5e6-4d71-b14e-572157a3fe29","eClass":"papaya:GenericType","data":{"rawType":"papaya:Interface ed732d5a-416c-4453-ab62-97778d205446#//@components.2/@packages.0/@types.3"}}}},{"id":"d6d63648-ec83-4a6d-841f-294010e5e52a","eClass":"papaya:Operation","data":{"name":"getEntity","type":{"id":"27e02cdc-cd20-4078-a54d-e064d65b6d8a","eClass":"papaya:GenericType","data":{"rawType":"papaya:Interface ed732d5a-416c-4453-ab62-97778d205446#//@components.2/@packages.0/@types.3"}}}}]}},{"id":"d4424369-7b71-4e80-9806-7cd05603c05b","eClass":"papaya:Class","data":{"name":"EntityImpl","implements":["//@components.0/@packages.0/@types.4"],"extends":"//@components.0/@packages.0/@packages.0/@types.6","constructors":[{"id":"d527eb41-d5fb-48e6-9feb-d7c1030c2aa2","eClass":"papaya:Constructor","data":{"visibility":"PROTECTED"}}],"attributes":[{"id":"c4b0a2ff-9c80-4645-acd8-6b58710bb060","eClass":"papaya:Attribute","data":{"name":"attributes","type":{"id":"e0273ed2-d0e8-4dd8-8907-5ca9cd13b69a","eClass":"papaya:GenericType","data":{"rawType":"papaya:Interface ed732d5a-416c-4453-ab62-97778d205446#//@components.0/@packages.0/@packages.2/@types.14","typeArguments":[{"id":"4a28a676-83f2-41f2-b4f3-b2bb1c95cf24","eClass":"papaya:GenericType","data":{"rawType":"//@components.0/@packages.0/@types.0"}}]}},"visibility":"PROTECTED"}},{"id":"61830dcf-4ded-421a-b4d1-9b650e1537a3","eClass":"papaya:Attribute","data":{"name":"relations","type":{"id":"8bd13711-9726-4331-bf5e-eaba4d7de785","eClass":"papaya:GenericType","data":{"rawType":"papaya:Interface ed732d5a-416c-4453-ab62-97778d205446#//@components.0/@packages.0/@packages.2/@types.14","typeArguments":[{"id":"7340a664-034b-4016-9915-be4fe7e463ec","eClass":"papaya:GenericType","data":{"rawType":"//@components.0/@packages.0/@types.7"}}]}},"visibility":"PROTECTED"}},{"id":"8cd055ef-99db-4260-9a61-4511c979ff26","eClass":"papaya:Attribute","data":{"name":"superTypes","type":{"id":"28c07a4a-b7d2-4228-8de4-dae279272e66","eClass":"papaya:GenericType","data":{"rawType":"papaya:Interface ed732d5a-416c-4453-ab62-97778d205446#//@components.0/@packages.0/@packages.2/@types.14","typeArguments":[{"id":"c5121839-31a9-41ca-980e-a7981bc862d2","eClass":"papaya:GenericType","data":{"rawType":"//@components.0/@packages.0/@types.4"}}]}},"visibility":"PROTECTED"}},{"id":"193de82c-0afe-4096-9836-8fb2df465743","eClass":"papaya:Attribute","data":{"name":"ABSTRACT_EDEFAULT","type":{"id":"547cba3a-49e5-4402-bae9-7994862c6b9c","eClass":"papaya:GenericType","data":{"rawType":"papaya:Class efe8ed63-a04b-4469-a6aa-4c0d3e26ac8a#//@components.0/@packages.0/@types.9"}},"visibility":"PROTECTED","final":true,"static":true}},{"id":"0b9e4c27-e9f1-4ea1-8273-1a29a36b2429","eClass":"papaya:Attribute","data":{"name":"abstract_","type":{"id":"05129d69-bc54-41a7-9d9e-943ef181d07a","eClass":"papaya:GenericType","data":{"rawType":"papaya:Class efe8ed63-a04b-4469-a6aa-4c0d3e26ac8a#//@components.0/@packages.0/@types.9"}},"visibility":"PROTECTED"}}],"operations":[{"id":"63196bdd-ca45-4c32-bae2-89f4e5695f14","eClass":"papaya:Operation","data":{"name":"toString","type":{"id":"37859b8b-ca55-4a7a-826d-59eae7bf189a","eClass":"papaya:GenericType","data":{"rawType":"papaya:Class efe8ed63-a04b-4469-a6aa-4c0d3e26ac8a#//@components.0/@packages.0/@types.10"}}}},{"id":"ff748d83-ed8e-4564-9887-b7b36f516d2b","eClass":"papaya:Operation","data":{"name":"isAbstract","type":{"id":"3ad8e66b-4195-4124-b635-19e265601baf","eClass":"papaya:GenericType","data":{"rawType":"papaya:Class efe8ed63-a04b-4469-a6aa-4c0d3e26ac8a#//@components.0/@packages.0/@types.9"}}}},{"id":"eae4664f-add5-40fb-aa16-e82d577a435f","eClass":"papaya:Operation","data":{"name":"getAttributes","type":{"id":"1134d639-d593-4c92-9979-49ae8b1bbe3f","eClass":"papaya:GenericType","data":{"rawType":"papaya:Interface ed732d5a-416c-4453-ab62-97778d205446#//@components.0/@packages.0/@packages.2/@types.14","typeArguments":[{"id":"830a06b2-0083-4d57-98c0-5c11de8660e1","eClass":"papaya:GenericType","data":{"rawType":"//@components.0/@packages.0/@types.0"}}]}}}},{"id":"bf96c62d-a2f4-47e0-9e72-4c7e1e2a5760","eClass":"papaya:Operation","data":{"name":"eInverseRemove","type":{"id":"e63987b8-9548-4b9c-ac76-bae722fdf11b","eClass":"papaya:GenericType","data":{"rawType":"papaya:Interface ed732d5a-416c-4453-ab62-97778d205446#//@components.0/@packages.0/@packages.1/@types.3"}},"parameters":[{"id":"f3f47dba-0161-45fa-974d-3e9315e980a3","eClass":"papaya:Parameter","data":{"name":"otherEnd","type":{"id":"dff247e9-af4a-4a9e-bd0d-b6f982cb97b8","eClass":"papaya:GenericType","data":{"rawType":"papaya:Interface ed732d5a-416c-4453-ab62-97778d205446#//@components.2/@packages.0/@types.23"}}}},{"id":"8d2e24a6-d6e2-41a6-9276-2778f9170e26","eClass":"papaya:Parameter","data":{"name":"featureID","type":{"id":"c8b59110-d823-4f6a-84c6-8417df90d209","eClass":"papaya:GenericType","data":{"rawType":"papaya:Class efe8ed63-a04b-4469-a6aa-4c0d3e26ac8a#//@components.0/@packages.0/@types.9"}}}},{"id":"4ab9a8cc-f27e-40bf-97be-8898e010b69c","eClass":"papaya:Parameter","data":{"name":"msgs","type":{"id":"e635f6fa-1c42-437e-aceb-e4925fbab2d8","eClass":"papaya:GenericType","data":{"rawType":"papaya:Interface ed732d5a-416c-4453-ab62-97778d205446#//@components.0/@packages.0/@packages.1/@types.3"}}}}]}},{"id":"16071c8d-be0a-40ba-b3eb-0d7632cab86e","eClass":"papaya:Operation","data":{"name":"eStaticClass","type":{"id":"c064cb7a-3f8b-43b0-95a8-ee38991d6e5f","eClass":"papaya:GenericType","data":{"rawType":"papaya:Interface ed732d5a-416c-4453-ab62-97778d205446#//@components.2/@packages.0/@types.3"}},"visibility":"PROTECTED"}},{"id":"3d66f99a-70f3-4ed4-9b7c-9dfd40ceb12c","eClass":"papaya:Operation","data":{"name":"getSuperTypes","type":{"id":"fee68c8a-fd4b-4ec2-be9e-ecd4967922b5","eClass":"papaya:GenericType","data":{"rawType":"papaya:Interface ed732d5a-416c-4453-ab62-97778d205446#//@components.0/@packages.0/@packages.2/@types.14","typeArguments":[{"id":"9ef2cd79-80bf-4bb6-9b6c-7afd55d2efa3","eClass":"papaya:GenericType","data":{"rawType":"//@components.0/@packages.0/@types.4"}}]}}}},{"id":"95087c5d-a749-442e-89b9-5bc153b7efb6","eClass":"papaya:Operation","data":{"name":"eUnset","type":{"id":"04c19937-9f18-4575-bf62-36d90bf4ffb3","eClass":"papaya:GenericType","data":{"rawType":"papaya:Class efe8ed63-a04b-4469-a6aa-4c0d3e26ac8a#//@components.0/@packages.0/@types.9"}},"parameters":[{"id":"274bc655-e8d3-4676-96f4-f95c437c905e","eClass":"papaya:Parameter","data":{"name":"featureID","type":{"id":"085d9789-b8ea-4e8f-8530-dbf23deb23aa","eClass":"papaya:GenericType","data":{"rawType":"papaya:Class efe8ed63-a04b-4469-a6aa-4c0d3e26ac8a#//@components.0/@packages.0/@types.9"}}}}]}},{"id":"69514bce-cad7-4ff0-9ef3-a8fed87bdae2","eClass":"papaya:Operation","data":{"name":"eSet","type":{"id":"7b40c2c4-505c-48d8-a891-add86fa7ae6f","eClass":"papaya:GenericType","data":{"rawType":"papaya:Class efe8ed63-a04b-4469-a6aa-4c0d3e26ac8a#//@components.0/@packages.0/@types.9"}},"parameters":[{"id":"348ee882-f8d7-44be-aeef-b30936766caf","eClass":"papaya:Parameter","data":{"name":"featureID","type":{"id":"703ca631-ed24-4c07-81c3-f4381ec51622","eClass":"papaya:GenericType","data":{"rawType":"papaya:Class efe8ed63-a04b-4469-a6aa-4c0d3e26ac8a#//@components.0/@packages.0/@types.9"}}}},{"id":"8ad2ea45-0b7e-47da-9ebe-3b6efc156c4a","eClass":"papaya:Parameter","data":{"name":"newValue","type":{"id":"a7c62285-fd37-470a-b783-4fd6bb476258","eClass":"papaya:GenericType","data":{"rawType":"papaya:Class efe8ed63-a04b-4469-a6aa-4c0d3e26ac8a#//@components.0/@packages.0/@types.9"}}}}]}},{"id":"223a818a-c6b8-4bdd-adce-4ff1f6c8ec93","eClass":"papaya:Operation","data":{"name":"getRelations","type":{"id":"68a0657f-9641-4d79-8222-9d5dac8f17b1","eClass":"papaya:GenericType","data":{"rawType":"papaya:Interface ed732d5a-416c-4453-ab62-97778d205446#//@components.0/@packages.0/@packages.2/@types.14","typeArguments":[{"id":"d49c8c03-75fa-40ad-99d5-179132dbb41d","eClass":"papaya:GenericType","data":{"rawType":"//@components.0/@packages.0/@types.7"}}]}}}},{"id":"3653f1eb-b4ac-479a-8cb3-7dd3e3ddf3e7","eClass":"papaya:Operation","data":{"name":"eGet","type":{"id":"92f8ca7b-8c14-4819-ad4e-075943bed07e","eClass":"papaya:GenericType","data":{"rawType":"papaya:Class efe8ed63-a04b-4469-a6aa-4c0d3e26ac8a#//@components.0/@packages.0/@types.9"}},"parameters":[{"id":"8fc9035e-bde1-4ae4-8d4c-8b16b9347fe7","eClass":"papaya:Parameter","data":{"name":"featureID","type":{"id":"01d25828-875e-497e-a37a-e0f0f85f81e4","eClass":"papaya:GenericType","data":{"rawType":"papaya:Class efe8ed63-a04b-4469-a6aa-4c0d3e26ac8a#//@components.0/@packages.0/@types.9"}}}},{"id":"7bf388b5-d5fd-46a1-a882-8cfa596faaf7","eClass":"papaya:Parameter","data":{"name":"resolve","type":{"id":"c5b0edcf-d6e6-44bf-b683-7e4a117b208b","eClass":"papaya:GenericType","data":{"rawType":"papaya:Class efe8ed63-a04b-4469-a6aa-4c0d3e26ac8a#//@components.0/@packages.0/@types.9"}}}},{"id":"ad4b9472-5597-45ac-a244-9bd3eedbd32d","eClass":"papaya:Parameter","data":{"name":"coreType","type":{"id":"c50dc99a-038a-4fe0-8a39-c8045010e87a","eClass":"papaya:GenericType","data":{"rawType":"papaya:Class efe8ed63-a04b-4469-a6aa-4c0d3e26ac8a#//@components.0/@packages.0/@types.9"}}}}]}},{"id":"1eca3807-60c7-42cc-8c01-26b53b1fc88f","eClass":"papaya:Operation","data":{"name":"eIsSet","type":{"id":"c5b51c27-7852-43cc-acd0-b26e0f8a2c79","eClass":"papaya:GenericType","data":{"rawType":"papaya:Class efe8ed63-a04b-4469-a6aa-4c0d3e26ac8a#//@components.0/@packages.0/@types.9"}},"parameters":[{"id":"fc425e1f-c847-4d6d-b816-ed507a0fc7a9","eClass":"papaya:Parameter","data":{"name":"featureID","type":{"id":"3e659143-8c0b-4f9f-aff5-8c52c45156ca","eClass":"papaya:GenericType","data":{"rawType":"papaya:Class efe8ed63-a04b-4469-a6aa-4c0d3e26ac8a#//@components.0/@packages.0/@types.9"}}}}]}},{"id":"50b42635-044d-48a0-8796-6b412b0fc202","eClass":"papaya:Operation","data":{"name":"setAbstract","type":{"id":"d7d454c0-ffaf-420d-9ba8-dd179aad970b","eClass":"papaya:GenericType","data":{"rawType":"papaya:Class efe8ed63-a04b-4469-a6aa-4c0d3e26ac8a#//@components.0/@packages.0/@types.9"}},"parameters":[{"id":"fbf19b9b-9d04-4a31-88fc-5b0383c08d2e","eClass":"papaya:Parameter","data":{"name":"newAbstract","type":{"id":"916fad79-c524-4361-b7ee-2e652585c4e4","eClass":"papaya:GenericType","data":{"rawType":"papaya:Class efe8ed63-a04b-4469-a6aa-4c0d3e26ac8a#//@components.0/@packages.0/@types.9"}}}}]}}]}},{"id":"7ac4f33c-91ba-4f90-831e-5a0a7020623b","eClass":"papaya:Class","data":{"name":"FeatureImpl","implements":["//@components.0/@packages.0/@types.5"],"abstract":true,"extends":"//@components.0/@packages.0/@packages.0/@types.6","extendedBy":["//@components.0/@packages.0/@packages.0/@types.0","//@components.0/@packages.0/@packages.0/@types.7"],"constructors":[{"id":"eb32580d-adb0-42b9-abb0-53aed11b3ef5","eClass":"papaya:Constructor","data":{"visibility":"PROTECTED"}}],"attributes":[{"id":"0d103b25-4454-4120-bc2d-59deee6accb0","eClass":"papaya:Attribute","data":{"name":"OPTIONAL_EDEFAULT","type":{"id":"67f79605-c2fa-4650-903b-69228cdaeb37","eClass":"papaya:GenericType","data":{"rawType":"papaya:Class efe8ed63-a04b-4469-a6aa-4c0d3e26ac8a#//@components.0/@packages.0/@types.9"}},"visibility":"PROTECTED","final":true,"static":true}},{"id":"06bdc886-838f-4c9f-acf7-3a96cf894b07","eClass":"papaya:Attribute","data":{"name":"optional","type":{"id":"3cd5ddbb-8ade-4a40-b72a-5dde965d3b14","eClass":"papaya:GenericType","data":{"rawType":"papaya:Class efe8ed63-a04b-4469-a6aa-4c0d3e26ac8a#//@components.0/@packages.0/@types.9"}},"visibility":"PROTECTED"}},{"id":"64e933b4-0990-4345-958c-32f01a32feb2","eClass":"papaya:Attribute","data":{"name":"MANY_EDEFAULT","type":{"id":"de07499b-ffb8-4718-87e9-05d585f80325","eClass":"papaya:GenericType","data":{"rawType":"papaya:Class efe8ed63-a04b-4469-a6aa-4c0d3e26ac8a#//@components.0/@packages.0/@types.9"}},"visibility":"PROTECTED","final":true,"static":true}},{"id":"d3288c44-46f0-4480-88bd-715eb7b1a920","eClass":"papaya:Attribute","data":{"name":"many","type":{"id":"98885c0b-a14b-4f07-8d21-34c8cd2cb2b6","eClass":"papaya:GenericType","data":{"rawType":"papaya:Class efe8ed63-a04b-4469-a6aa-4c0d3e26ac8a#//@components.0/@packages.0/@types.9"}},"visibility":"PROTECTED"}}],"operations":[{"id":"3de0b465-dbf6-4585-9f32-c647283c355a","eClass":"papaya:Operation","data":{"name":"toString","type":{"id":"9ce87cf6-6e8f-4bc0-9e39-64888bdcff03","eClass":"papaya:GenericType","data":{"rawType":"papaya:Class efe8ed63-a04b-4469-a6aa-4c0d3e26ac8a#//@components.0/@packages.0/@types.10"}}}},{"id":"ae346d43-aea2-4cec-86f6-f152e110f0d2","eClass":"papaya:Operation","data":{"name":"eStaticClass","type":{"id":"53d38ace-b0a3-449d-b7fb-5af7205f071d","eClass":"papaya:GenericType","data":{"rawType":"papaya:Interface ed732d5a-416c-4453-ab62-97778d205446#//@components.2/@packages.0/@types.3"}},"visibility":"PROTECTED"}},{"id":"977b87a2-7e15-4cee-9533-fd63a9a326ce","eClass":"papaya:Operation","data":{"name":"eUnset","type":{"id":"c58a9187-1248-498e-acb2-c7703c46dfd0","eClass":"papaya:GenericType","data":{"rawType":"papaya:Class efe8ed63-a04b-4469-a6aa-4c0d3e26ac8a#//@components.0/@packages.0/@types.9"}},"parameters":[{"id":"47d1965f-4998-4f77-8f70-680ea0f8ddd4","eClass":"papaya:Parameter","data":{"name":"featureID","type":{"id":"9021a891-2c4d-4006-a08c-a7750dfe2442","eClass":"papaya:GenericType","data":{"rawType":"papaya:Class efe8ed63-a04b-4469-a6aa-4c0d3e26ac8a#//@components.0/@packages.0/@types.9"}}}}]}},{"id":"75e39ce2-f2a1-4309-87e9-bdf2e8d35465","eClass":"papaya:Operation","data":{"name":"eSet","type":{"id":"13814ba9-59bd-425d-ba9b-4751708750de","eClass":"papaya:GenericType","data":{"rawType":"papaya:Class efe8ed63-a04b-4469-a6aa-4c0d3e26ac8a#//@components.0/@packages.0/@types.9"}},"parameters":[{"id":"90eda6d7-c6b8-4080-9b29-b20a0f589b18","eClass":"papaya:Parameter","data":{"name":"featureID","type":{"id":"9edb8d64-c9a7-428b-b225-5c3ebb823060","eClass":"papaya:GenericType","data":{"rawType":"papaya:Class efe8ed63-a04b-4469-a6aa-4c0d3e26ac8a#//@components.0/@packages.0/@types.9"}}}},{"id":"d5af8d96-3cac-4c73-9cab-384e07192515","eClass":"papaya:Parameter","data":{"name":"newValue","type":{"id":"ebe5d22f-f386-44df-b56b-290db756689e","eClass":"papaya:GenericType","data":{"rawType":"papaya:Class efe8ed63-a04b-4469-a6aa-4c0d3e26ac8a#//@components.0/@packages.0/@types.9"}}}}]}},{"id":"150a9317-6566-4801-a7b5-83cdc0a44960","eClass":"papaya:Operation","data":{"name":"setMany","type":{"id":"8364a93a-3a1c-4180-b8c7-8e6ec6e86dbb","eClass":"papaya:GenericType","data":{"rawType":"papaya:Class efe8ed63-a04b-4469-a6aa-4c0d3e26ac8a#//@components.0/@packages.0/@types.9"}},"parameters":[{"id":"4f56ae8b-b284-4e3a-8825-be865df3a83d","eClass":"papaya:Parameter","data":{"name":"newMany","type":{"id":"f9cb9284-0293-441c-99aa-e48e1c7913f7","eClass":"papaya:GenericType","data":{"rawType":"papaya:Class efe8ed63-a04b-4469-a6aa-4c0d3e26ac8a#//@components.0/@packages.0/@types.9"}}}}]}},{"id":"d8f4ce39-6b6c-424c-9da5-46be3c7a2408","eClass":"papaya:Operation","data":{"name":"eGet","type":{"id":"0242b828-6046-4310-a18f-7caeb60b8628","eClass":"papaya:GenericType","data":{"rawType":"papaya:Class efe8ed63-a04b-4469-a6aa-4c0d3e26ac8a#//@components.0/@packages.0/@types.9"}},"parameters":[{"id":"ddb12424-f0be-4ef7-85a4-cd8bffab7688","eClass":"papaya:Parameter","data":{"name":"featureID","type":{"id":"3be0b17c-428a-4264-b976-60e1da4c137f","eClass":"papaya:GenericType","data":{"rawType":"papaya:Class efe8ed63-a04b-4469-a6aa-4c0d3e26ac8a#//@components.0/@packages.0/@types.9"}}}},{"id":"9bac02c4-568e-444c-9a3f-d8783550c518","eClass":"papaya:Parameter","data":{"name":"resolve","type":{"id":"5164a892-101b-4bdb-82dc-72f569d014b5","eClass":"papaya:GenericType","data":{"rawType":"papaya:Class efe8ed63-a04b-4469-a6aa-4c0d3e26ac8a#//@components.0/@packages.0/@types.9"}}}},{"id":"c789ecf3-cded-406c-ae53-6085ab2086b8","eClass":"papaya:Parameter","data":{"name":"coreType","type":{"id":"ad78a1e5-26ab-415a-aebf-e9ee9e671107","eClass":"papaya:GenericType","data":{"rawType":"papaya:Class efe8ed63-a04b-4469-a6aa-4c0d3e26ac8a#//@components.0/@packages.0/@types.9"}}}}]}},{"id":"809ef524-326d-4886-aa33-e925afc8aaf7","eClass":"papaya:Operation","data":{"name":"isMany","type":{"id":"b8bb98fe-3c1d-477b-b4a1-461400b9aa24","eClass":"papaya:GenericType","data":{"rawType":"papaya:Class efe8ed63-a04b-4469-a6aa-4c0d3e26ac8a#//@components.0/@packages.0/@types.9"}}}},{"id":"d7e42670-b04f-4d9b-9e21-f9ef075ad800","eClass":"papaya:Operation","data":{"name":"eIsSet","type":{"id":"590c0fee-fe57-414e-b6ed-dbde3b9546a0","eClass":"papaya:GenericType","data":{"rawType":"papaya:Class efe8ed63-a04b-4469-a6aa-4c0d3e26ac8a#//@components.0/@packages.0/@types.9"}},"parameters":[{"id":"390dcad7-030f-4a8f-943e-e59b4e9bc397","eClass":"papaya:Parameter","data":{"name":"featureID","type":{"id":"0b3491ca-c9b9-49e1-a6ac-3506a220e45e","eClass":"papaya:GenericType","data":{"rawType":"papaya:Class efe8ed63-a04b-4469-a6aa-4c0d3e26ac8a#//@components.0/@packages.0/@types.9"}}}}]}},{"id":"08cd0566-6cf4-4c5c-9527-d92fe0fbb0ad","eClass":"papaya:Operation","data":{"name":"setOptional","type":{"id":"a6b37b62-d2f9-461c-b61c-9470512c77b9","eClass":"papaya:GenericType","data":{"rawType":"papaya:Class efe8ed63-a04b-4469-a6aa-4c0d3e26ac8a#//@components.0/@packages.0/@types.9"}},"parameters":[{"id":"9bc012de-9f3a-42f1-a073-7e089e3c5967","eClass":"papaya:Parameter","data":{"name":"newOptional","type":{"id":"62a5e01d-fb24-4c25-8ed3-ac2adbfef0eb","eClass":"papaya:GenericType","data":{"rawType":"papaya:Class efe8ed63-a04b-4469-a6aa-4c0d3e26ac8a#//@components.0/@packages.0/@types.9"}}}}]}},{"id":"79a18e5c-2ca7-499c-9de4-8500ada14a87","eClass":"papaya:Operation","data":{"name":"isOptional","type":{"id":"ffc64207-bb84-4e5b-884a-0e5f798672dd","eClass":"papaya:GenericType","data":{"rawType":"papaya:Class efe8ed63-a04b-4469-a6aa-4c0d3e26ac8a#//@components.0/@packages.0/@types.9"}}}}]}},{"id":"ddacb462-249e-409f-afc1-5e826111b1f1","eClass":"papaya:Class","data":{"name":"NamedElementImpl","implements":["//@components.0/@packages.0/@types.6"],"abstract":true,"extends":"papaya:Class ed732d5a-416c-4453-ab62-97778d205446#//@components.2/@packages.0/@packages.0/@types.29/@types.0","extendedBy":["//@components.0/@packages.0/@packages.0/@types.2","//@components.0/@packages.0/@packages.0/@types.4","//@components.0/@packages.0/@packages.0/@types.5"],"constructors":[{"id":"186c4ee1-8be4-462d-8664-0ecf6a1cf774","eClass":"papaya:Constructor","data":{"visibility":"PROTECTED"}}],"attributes":[{"id":"f4130576-9a8e-45d9-b5b2-be4e6fb412b3","eClass":"papaya:Attribute","data":{"name":"NAME_EDEFAULT","type":{"id":"d2e5c8cf-8d09-4a01-be5c-e32efc56db0a","eClass":"papaya:GenericType","data":{"rawType":"papaya:Class efe8ed63-a04b-4469-a6aa-4c0d3e26ac8a#//@components.0/@packages.0/@types.10"}},"visibility":"PROTECTED","final":true,"static":true}},{"id":"fd92633f-9eef-4eff-8c57-6dbf161e60f1","eClass":"papaya:Attribute","data":{"name":"name","type":{"id":"9a8e4ef4-c7dd-4481-8172-d2e6791d8be3","eClass":"papaya:GenericType","data":{"rawType":"papaya:Class efe8ed63-a04b-4469-a6aa-4c0d3e26ac8a#//@components.0/@packages.0/@types.10"}},"visibility":"PROTECTED"}}],"operations":[{"id":"48a0c8af-6e9a-4a48-87ad-f7b01bcbb8ea","eClass":"papaya:Operation","data":{"name":"getName","type":{"id":"694d96b6-b75e-4603-a343-21b69bce6e75","eClass":"papaya:GenericType","data":{"rawType":"papaya:Class efe8ed63-a04b-4469-a6aa-4c0d3e26ac8a#//@components.0/@packages.0/@types.10"}}}},{"id":"2d47e1e3-2f02-4a98-ae01-8712250df38d","eClass":"papaya:Operation","data":{"name":"toString","type":{"id":"7a72e9e0-2785-496d-bfeb-c631eaa4f53e","eClass":"papaya:GenericType","data":{"rawType":"papaya:Class efe8ed63-a04b-4469-a6aa-4c0d3e26ac8a#//@components.0/@packages.0/@types.10"}}}},{"id":"3ead4934-89b3-4855-a373-860ccd73e77d","eClass":"papaya:Operation","data":{"name":"setName","type":{"id":"bb99c58c-4c11-4382-9d7a-df3dfb9cdb9e","eClass":"papaya:GenericType","data":{"rawType":"papaya:Class efe8ed63-a04b-4469-a6aa-4c0d3e26ac8a#//@components.0/@packages.0/@types.9"}},"parameters":[{"id":"0a40e15d-6116-4fe5-bd69-6d3c0e72eced","eClass":"papaya:Parameter","data":{"name":"newName","type":{"id":"566465a7-df34-425a-9c0f-b2c76179916e","eClass":"papaya:GenericType","data":{"rawType":"papaya:Class efe8ed63-a04b-4469-a6aa-4c0d3e26ac8a#//@components.0/@packages.0/@types.10"}}}}]}},{"id":"075daa2a-607c-4e1e-93c9-8a979a737f55","eClass":"papaya:Operation","data":{"name":"eStaticClass","type":{"id":"bb1a39ab-4b3d-4bea-a082-c42d0bc124b0","eClass":"papaya:GenericType","data":{"rawType":"papaya:Interface ed732d5a-416c-4453-ab62-97778d205446#//@components.2/@packages.0/@types.3"}},"visibility":"PROTECTED"}},{"id":"004cb21c-9e2b-4f21-8727-2bca5a685c27","eClass":"papaya:Operation","data":{"name":"eUnset","type":{"id":"f0715d8a-0f6f-486d-9fd3-fcee2c31bc14","eClass":"papaya:GenericType","data":{"rawType":"papaya:Class efe8ed63-a04b-4469-a6aa-4c0d3e26ac8a#//@components.0/@packages.0/@types.9"}},"parameters":[{"id":"41d6e020-425e-45a5-a409-c69788b39f74","eClass":"papaya:Parameter","data":{"name":"featureID","type":{"id":"612c131f-711a-4ee0-9622-99c1829b4101","eClass":"papaya:GenericType","data":{"rawType":"papaya:Class efe8ed63-a04b-4469-a6aa-4c0d3e26ac8a#//@components.0/@packages.0/@types.9"}}}}]}},{"id":"d510f0d0-0ff5-4911-a321-d85d336ee315","eClass":"papaya:Operation","data":{"name":"eSet","type":{"id":"284518b0-8497-45a2-b86e-f54669c64e3a","eClass":"papaya:GenericType","data":{"rawType":"papaya:Class efe8ed63-a04b-4469-a6aa-4c0d3e26ac8a#//@components.0/@packages.0/@types.9"}},"parameters":[{"id":"789fe8a0-f02c-4601-a81e-5860acf2afa7","eClass":"papaya:Parameter","data":{"name":"featureID","type":{"id":"2b2cfd68-f015-4aec-89dd-e6f1258dd440","eClass":"papaya:GenericType","data":{"rawType":"papaya:Class efe8ed63-a04b-4469-a6aa-4c0d3e26ac8a#//@components.0/@packages.0/@types.9"}}}},{"id":"d3d61c24-0ff5-4c5c-8db4-7a440bb18ad3","eClass":"papaya:Parameter","data":{"name":"newValue","type":{"id":"8682b289-4ad5-4228-80f0-9645a2e814bb","eClass":"papaya:GenericType","data":{"rawType":"papaya:Class efe8ed63-a04b-4469-a6aa-4c0d3e26ac8a#//@components.0/@packages.0/@types.9"}}}}]}},{"id":"ad024ace-17db-402e-8cf3-94f38d085cf9","eClass":"papaya:Operation","data":{"name":"eGet","type":{"id":"597c2de0-81e4-4ad8-bfd6-050e052da95e","eClass":"papaya:GenericType","data":{"rawType":"papaya:Class efe8ed63-a04b-4469-a6aa-4c0d3e26ac8a#//@components.0/@packages.0/@types.9"}},"parameters":[{"id":"0a7f269a-63e3-4701-8c44-8bb7c30d541e","eClass":"papaya:Parameter","data":{"name":"featureID","type":{"id":"a34363cb-c129-4c82-bb2e-c437883a23b1","eClass":"papaya:GenericType","data":{"rawType":"papaya:Class efe8ed63-a04b-4469-a6aa-4c0d3e26ac8a#//@components.0/@packages.0/@types.9"}}}},{"id":"32f07666-e8a5-4fbb-9410-26d3266574a2","eClass":"papaya:Parameter","data":{"name":"resolve","type":{"id":"86fe71a8-820e-45e0-b2db-d5ed5915d320","eClass":"papaya:GenericType","data":{"rawType":"papaya:Class efe8ed63-a04b-4469-a6aa-4c0d3e26ac8a#//@components.0/@packages.0/@types.9"}}}},{"id":"90bbbafa-6778-42f7-850f-9a0bf8c5ccbd","eClass":"papaya:Parameter","data":{"name":"coreType","type":{"id":"a1ac0c58-917a-4511-8ad2-6d84138224a6","eClass":"papaya:GenericType","data":{"rawType":"papaya:Class efe8ed63-a04b-4469-a6aa-4c0d3e26ac8a#//@components.0/@packages.0/@types.9"}}}}]}},{"id":"8357dda7-7c6e-4e98-9599-e8d775c38bd9","eClass":"papaya:Operation","data":{"name":"eIsSet","type":{"id":"54f0795c-6840-4371-bb3b-9c49ea7e1332","eClass":"papaya:GenericType","data":{"rawType":"papaya:Class efe8ed63-a04b-4469-a6aa-4c0d3e26ac8a#//@components.0/@packages.0/@types.9"}},"parameters":[{"id":"c86b4d0c-ea7a-46d3-a2c5-d9ff5cf3c5c5","eClass":"papaya:Parameter","data":{"name":"featureID","type":{"id":"ddeba043-1378-4dd7-830e-134a1fc88960","eClass":"papaya:GenericType","data":{"rawType":"papaya:Class efe8ed63-a04b-4469-a6aa-4c0d3e26ac8a#//@components.0/@packages.0/@types.9"}}}}]}}]}},{"id":"deab09a3-5374-493f-955e-f576f456e532","eClass":"papaya:Class","data":{"name":"RelationImpl","implements":["//@components.0/@packages.0/@types.7"],"extends":"//@components.0/@packages.0/@packages.0/@types.5","constructors":[{"id":"ca8a5b68-5cd3-4d4a-aeaa-8fce9e01af33","eClass":"papaya:Constructor","data":{"visibility":"PROTECTED"}}],"attributes":[{"id":"cb2a4132-f66a-4387-8958-e24e5280974e","eClass":"papaya:Attribute","data":{"name":"CONTAINMENT_EDEFAULT","type":{"id":"afc4c690-ffdd-4770-879e-fbee6c537548","eClass":"papaya:GenericType","data":{"rawType":"papaya:Class efe8ed63-a04b-4469-a6aa-4c0d3e26ac8a#//@components.0/@packages.0/@types.9"}},"visibility":"PROTECTED","final":true,"static":true}},{"id":"9d0df30a-cb9a-402b-a063-87789579f52d","eClass":"papaya:Attribute","data":{"name":"containment","type":{"id":"5c38b462-1011-46e2-8c16-f0afa7482a17","eClass":"papaya:GenericType","data":{"rawType":"papaya:Class efe8ed63-a04b-4469-a6aa-4c0d3e26ac8a#//@components.0/@packages.0/@types.9"}},"visibility":"PROTECTED"}},{"id":"93fc0bbf-cc06-4356-aeee-b0b68ffbc9c7","eClass":"papaya:Attribute","data":{"name":"targetType","type":{"id":"11076f69-8b9e-4c5b-9769-99346c8e1a4f","eClass":"papaya:GenericType","data":{"rawType":"//@components.0/@packages.0/@types.4"}},"visibility":"PROTECTED"}}],"operations":[{"id":"e33907c4-3eba-4304-8bd4-4236d734322b","eClass":"papaya:Operation","data":{"name":"toString","type":{"id":"c39ec784-62b0-4278-a19e-f35d7e76b904","eClass":"papaya:GenericType","data":{"rawType":"papaya:Class efe8ed63-a04b-4469-a6aa-4c0d3e26ac8a#//@components.0/@packages.0/@types.10"}}}},{"id":"f1175aba-b065-4a66-a1ba-7ee3e9967123","eClass":"papaya:Operation","data":{"name":"eStaticClass","type":{"id":"6bc248b7-efef-44f9-a79e-ccfc0133eae7","eClass":"papaya:GenericType","data":{"rawType":"papaya:Interface ed732d5a-416c-4453-ab62-97778d205446#//@components.2/@packages.0/@types.3"}},"visibility":"PROTECTED"}},{"id":"23998333-38f4-4459-a52e-3a23c8079e34","eClass":"papaya:Operation","data":{"name":"eUnset","type":{"id":"b58c83e8-5134-409e-b1d0-0554d073f156","eClass":"papaya:GenericType","data":{"rawType":"papaya:Class efe8ed63-a04b-4469-a6aa-4c0d3e26ac8a#//@components.0/@packages.0/@types.9"}},"parameters":[{"id":"ca0b7c98-cd1f-4141-9f1b-501950798ae9","eClass":"papaya:Parameter","data":{"name":"featureID","type":{"id":"2c9332e0-bd7f-491b-9984-12ef27d00ba5","eClass":"papaya:GenericType","data":{"rawType":"papaya:Class efe8ed63-a04b-4469-a6aa-4c0d3e26ac8a#//@components.0/@packages.0/@types.9"}}}}]}},{"id":"c8ee2ea8-abdd-4719-b2fa-8a382787ec43","eClass":"papaya:Operation","data":{"name":"eSet","type":{"id":"1e79ca12-9ed4-4207-9142-76de93bdec4b","eClass":"papaya:GenericType","data":{"rawType":"papaya:Class efe8ed63-a04b-4469-a6aa-4c0d3e26ac8a#//@components.0/@packages.0/@types.9"}},"parameters":[{"id":"a01d3925-a484-4f52-9ff0-87d06c4489fb","eClass":"papaya:Parameter","data":{"name":"featureID","type":{"id":"0b1ff12c-9751-4add-8163-f26f7a695adc","eClass":"papaya:GenericType","data":{"rawType":"papaya:Class efe8ed63-a04b-4469-a6aa-4c0d3e26ac8a#//@components.0/@packages.0/@types.9"}}}},{"id":"8f33436c-2de0-4f90-855f-b19e45396947","eClass":"papaya:Parameter","data":{"name":"newValue","type":{"id":"1c91c3fd-9f81-4bd3-9b80-c09d81b59ea3","eClass":"papaya:GenericType","data":{"rawType":"papaya:Class efe8ed63-a04b-4469-a6aa-4c0d3e26ac8a#//@components.0/@packages.0/@types.9"}}}}]}},{"id":"ccc3d7fb-6692-4e33-8978-a0319c803036","eClass":"papaya:Operation","data":{"name":"basicGetTargetType","type":{"id":"538ab9a5-0ee1-4a71-8889-d82454dd0ccd","eClass":"papaya:GenericType","data":{"rawType":"//@components.0/@packages.0/@types.4"}}}},{"id":"0264f999-7a63-4739-b54c-c742cf2b906e","eClass":"papaya:Operation","data":{"name":"setContainment","type":{"id":"c883356e-e17d-45ac-a489-e9ddcc2eefe6","eClass":"papaya:GenericType","data":{"rawType":"papaya:Class efe8ed63-a04b-4469-a6aa-4c0d3e26ac8a#//@components.0/@packages.0/@types.9"}},"parameters":[{"id":"17af78d4-9691-4e21-937e-017a32c068bb","eClass":"papaya:Parameter","data":{"name":"newContainment","type":{"id":"83bb96ac-fac9-47a2-9563-4db864d12d5a","eClass":"papaya:GenericType","data":{"rawType":"papaya:Class efe8ed63-a04b-4469-a6aa-4c0d3e26ac8a#//@components.0/@packages.0/@types.9"}}}}]}},{"id":"eac51656-0685-4ba6-932b-d4c925a27816","eClass":"papaya:Operation","data":{"name":"eGet","type":{"id":"080fcd3e-1ff8-446a-8886-d407c509f988","eClass":"papaya:GenericType","data":{"rawType":"papaya:Class efe8ed63-a04b-4469-a6aa-4c0d3e26ac8a#//@components.0/@packages.0/@types.9"}},"parameters":[{"id":"d9f3a132-3db1-4b5c-a881-7eb04efb1650","eClass":"papaya:Parameter","data":{"name":"featureID","type":{"id":"92575e7a-9f8a-4f5a-9e21-e50161061d4c","eClass":"papaya:GenericType","data":{"rawType":"papaya:Class efe8ed63-a04b-4469-a6aa-4c0d3e26ac8a#//@components.0/@packages.0/@types.9"}}}},{"id":"738ecab5-579c-4255-985c-05e488fba7d4","eClass":"papaya:Parameter","data":{"name":"resolve","type":{"id":"ec3d8898-f70b-4fae-9bb1-f815988ee9df","eClass":"papaya:GenericType","data":{"rawType":"papaya:Class efe8ed63-a04b-4469-a6aa-4c0d3e26ac8a#//@components.0/@packages.0/@types.9"}}}},{"id":"cf210401-ca25-4712-86da-5936c50c8aa1","eClass":"papaya:Parameter","data":{"name":"coreType","type":{"id":"fa8d2e2b-4b51-420c-a9a0-6a221576a1eb","eClass":"papaya:GenericType","data":{"rawType":"papaya:Class efe8ed63-a04b-4469-a6aa-4c0d3e26ac8a#//@components.0/@packages.0/@types.9"}}}}]}},{"id":"af7f473e-bb57-43de-a861-a6650c1419cc","eClass":"papaya:Operation","data":{"name":"isContainment","type":{"id":"89c97b3c-32c0-4b09-b11c-8af72d791cc7","eClass":"papaya:GenericType","data":{"rawType":"papaya:Class efe8ed63-a04b-4469-a6aa-4c0d3e26ac8a#//@components.0/@packages.0/@types.9"}}}},{"id":"8e522ce3-de55-490a-a5f8-6409a92b0c3f","eClass":"papaya:Operation","data":{"name":"eIsSet","type":{"id":"a2a802f4-71a6-42ce-ad8c-62cf990062c3","eClass":"papaya:GenericType","data":{"rawType":"papaya:Class efe8ed63-a04b-4469-a6aa-4c0d3e26ac8a#//@components.0/@packages.0/@types.9"}},"parameters":[{"id":"f1ef1ddf-8398-46cb-8ef4-37366f8ec408","eClass":"papaya:Parameter","data":{"name":"featureID","type":{"id":"c42fb8fd-0868-4bb6-a602-88e39f931306","eClass":"papaya:GenericType","data":{"rawType":"papaya:Class efe8ed63-a04b-4469-a6aa-4c0d3e26ac8a#//@components.0/@packages.0/@types.9"}}}}]}},{"id":"ded0100c-86c6-4f14-bb26-c0f3dbff6ac9","eClass":"papaya:Operation","data":{"name":"setTargetType","type":{"id":"c7e1dfad-0d13-4ea3-bd2d-cc11d97a9667","eClass":"papaya:GenericType","data":{"rawType":"papaya:Class efe8ed63-a04b-4469-a6aa-4c0d3e26ac8a#//@components.0/@packages.0/@types.9"}},"parameters":[{"id":"265538fd-2999-4147-9b77-b9bd837c2c28","eClass":"papaya:Parameter","data":{"name":"newTargetType","type":{"id":"05ff8d59-ae9e-4b84-8019-0b6dace0611a","eClass":"papaya:GenericType","data":{"rawType":"//@components.0/@packages.0/@types.4"}}}}]}},{"id":"d5e6f86c-fc08-4d47-a053-efe87c838928","eClass":"papaya:Operation","data":{"name":"getTargetType","type":{"id":"74e6b1b5-a456-4596-8ed6-9bbb1650a3b3","eClass":"papaya:GenericType","data":{"rawType":"//@components.0/@packages.0/@types.4"}}}}]}}]}}]}}]}},{"id":"87837a81-9e5c-4459-8960-88d85d5dc8dd","eClass":"papaya:Component","data":{"name":"sirius-components-domain-edit","dependencies":["//@components.0"],"usedAsDependencyBy":["papaya:Component b1ad1ed8-7317-4e47-adec-9af603dade82#//@components.1"],"packages":[{"id":"09a11d35-1597-4ad8-a470-4aa2b587e83b","eClass":"papaya:Package","data":{"name":"org.eclipse.sirius.components.domain.provider"}}]}},{"id":"582d51fb-af9f-4232-991f-5534a5e3c3ce","eClass":"papaya:Component","data":{"name":"sirius-components-domain-emf","dependencies":["papaya:Component fa2abd70-0e95-465d-8734-431ee356f0e8#//@components.0","papaya:Component #//@components.0"],"usedAsDependencyBy":["papaya:Component b1ad1ed8-7317-4e47-adec-9af603dade82#//@components.1"],"packages":[{"id":"32393ca5-9498-4fc9-96a2-6adf31671c60","eClass":"papaya:Package","data":{"name":"org.eclipse.sirius.components.domain.emf","types":[{"id":"e146aa04-81ae-40cb-9d68-0e53f887eb33","eClass":"papaya:Class","data":{"name":"DomainConverter","extends":"papaya:Class efe8ed63-a04b-4469-a6aa-4c0d3e26ac8a#//@components.0/@packages.0/@types.9","constructors":[{"id":"33de4051-c09c-46a9-8011-e0f00bbdd385","eClass":"papaya:Constructor"}],"attributes":[{"id":"9fa7c589-28e8-40e7-9919-38fb60cb6307","eClass":"papaya:Attribute","data":{"name":"DOMAIN_SCHEME","type":{"id":"de0f8412-08f3-428f-825c-d95fe53bd378","eClass":"papaya:GenericType","data":{"rawType":"papaya:Class efe8ed63-a04b-4469-a6aa-4c0d3e26ac8a#//@components.0/@packages.0/@types.10"}},"final":true,"static":true}}],"operations":[{"id":"c3badd7b-bd9f-4f84-9956-fd3c5083098c","eClass":"papaya:Operation","data":{"name":"convert","type":{"id":"2f1d583f-0ece-4716-b401-b521bf38f894","eClass":"papaya:GenericType","data":{"rawType":"papaya:Interface efe8ed63-a04b-4469-a6aa-4c0d3e26ac8a#//@components.0/@packages.4/@packages.2/@types.1","typeArguments":[{"id":"fa4d72d6-d6fa-4be9-a9d5-0760ace30a41","eClass":"papaya:GenericType","data":{"rawType":"papaya:Interface ed732d5a-416c-4453-ab62-97778d205446#//@components.2/@packages.0/@types.14"}}]}},"parameters":[{"id":"8d0d4660-7ae3-4df2-86cc-c13747538dfc","eClass":"papaya:Parameter","data":{"name":"domains","type":{"id":"71186c15-72ea-42b6-a30d-98412a1a1286","eClass":"papaya:GenericType","data":{"rawType":"papaya:Interface efe8ed63-a04b-4469-a6aa-4c0d3e26ac8a#//@components.0/@packages.4/@types.2"}}}}]}},{"id":"156ab5a8-5eda-43c1-b94c-97f74c4d5dea","eClass":"papaya:Operation","data":{"name":"convertEntity","type":{"id":"6480b1a7-ff81-4c24-879b-77632447633f","eClass":"papaya:GenericType","data":{"rawType":"papaya:Interface ed732d5a-416c-4453-ab62-97778d205446#//@components.2/@packages.0/@types.3"}},"visibility":"PRIVATE","parameters":[{"id":"5371726b-a76f-4778-98c5-b68e1137a6f2","eClass":"papaya:Parameter","data":{"name":"entity","type":{"id":"56a593e1-aec5-4490-84cb-2d4760c3910c","eClass":"papaya:GenericType","data":{"rawType":"//@components.0/@packages.0/@types.4"}}}}]}},{"id":"1a39b997-5145-4ebc-a5e9-eab87e56a561","eClass":"papaya:Operation","data":{"name":"convertRelation","type":{"id":"f2ef694e-f0f0-4a43-8f15-052c9df2ec10","eClass":"papaya:GenericType","data":{"rawType":"papaya:Interface ed732d5a-416c-4453-ab62-97778d205446#//@components.2/@packages.0/@types.16"}},"visibility":"PRIVATE","parameters":[{"id":"fa390aad-5aa3-411e-b1ae-10bb90c791ef","eClass":"papaya:Parameter","data":{"name":"relation","type":{"id":"db95c1b0-f54d-4ff5-aa67-2bb5f2cb9a42","eClass":"papaya:GenericType","data":{"rawType":"//@components.0/@packages.0/@types.7"}}}},{"id":"b048d94c-ba97-4f7c-8470-c1de8851f746","eClass":"papaya:Parameter","data":{"name":"convertedTypes","type":{"id":"490a8993-8792-43f8-acb4-b8f1748cc970","eClass":"papaya:GenericType","data":{"rawType":"papaya:Interface efe8ed63-a04b-4469-a6aa-4c0d3e26ac8a#//@components.0/@packages.4/@types.4"}}}}]}},{"id":"c97addac-6576-42d4-b25f-71939671edc0","eClass":"papaya:Operation","data":{"name":"convertCardinality","type":{"id":"c0941aa1-5e22-4513-984c-87c9d84e2608","eClass":"papaya:GenericType","data":{"rawType":"papaya:Class efe8ed63-a04b-4469-a6aa-4c0d3e26ac8a#//@components.0/@packages.0/@types.9"}},"visibility":"PRIVATE","parameters":[{"id":"fd27a91a-39b7-40ef-b4ea-5eb798d5f7c7","eClass":"papaya:Parameter","data":{"name":"feature","type":{"id":"54f4b465-f675-4a47-92cf-8493361d6560","eClass":"papaya:GenericType","data":{"rawType":"//@components.0/@packages.0/@types.5"}}}},{"id":"13372282-a1fc-45d8-ae09-90d303f1d100","eClass":"papaya:Parameter","data":{"name":"eStructuralFeature","type":{"id":"50017e51-e306-4450-8487-8a399e14c477","eClass":"papaya:GenericType","data":{"rawType":"papaya:Interface ed732d5a-416c-4453-ab62-97778d205446#//@components.2/@packages.0/@types.17"}}}}]}},{"id":"99d70edc-cb81-4c27-8011-60ddfa4ab74c","eClass":"papaya:Operation","data":{"name":"convertDataType","type":{"id":"287e2217-62dc-49b9-9f4f-b613c8354cc7","eClass":"papaya:GenericType","data":{"rawType":"papaya:Interface ed732d5a-416c-4453-ab62-97778d205446#//@components.2/@packages.0/@types.5"}},"visibility":"PRIVATE","parameters":[{"id":"3d0a6187-3f3e-483e-8a76-6820d53cb2e9","eClass":"papaya:Parameter","data":{"name":"dataType","type":{"id":"7886e5b7-07e2-4603-9a23-98ac5c5e401f","eClass":"papaya:GenericType","data":{"rawType":"papaya:Class efe8ed63-a04b-4469-a6aa-4c0d3e26ac8a#//@components.0/@packages.0/@types.9"}}}}]}},{"id":"7279f388-185e-49f4-afc4-486be09653f7","eClass":"papaya:Operation","data":{"name":"convertAttribute","type":{"id":"ab38c715-2c8d-45af-a6d3-c49e20d4add1","eClass":"papaya:GenericType","data":{"rawType":"papaya:Interface ed732d5a-416c-4453-ab62-97778d205446#//@components.2/@packages.0/@types.2"}},"visibility":"PRIVATE","parameters":[{"id":"72abd698-60ae-43ab-a7fb-1f4ed308ed04","eClass":"papaya:Parameter","data":{"name":"attribute","type":{"id":"89986e80-3975-4f31-9203-d4c2c44bf685","eClass":"papaya:GenericType","data":{"rawType":"//@components.0/@packages.0/@types.0"}}}}]}}]}},{"id":"d2721fec-dc8f-4957-8f76-0c28e48c7eec","eClass":"papaya:Class","data":{"name":"DomainValidator","implements":["papaya:Interface ed732d5a-416c-4453-ab62-97778d205446#//@components.2/@packages.0/@types.20"],"extends":"papaya:Class efe8ed63-a04b-4469-a6aa-4c0d3e26ac8a#//@components.0/@packages.0/@types.9","constructors":[{"id":"df5d286e-80ef-4358-a3e8-35ab39dfe194","eClass":"papaya:Constructor"}],"attributes":[{"id":"f557e625-2f93-4156-8009-80b23c37e708","eClass":"papaya:Attribute","data":{"name":"INVALID_NAME_ERROR_MESSAGE","type":{"id":"93937bff-dae4-4849-a8a4-4c12a3408f23","eClass":"papaya:GenericType","data":{"rawType":"papaya:Class efe8ed63-a04b-4469-a6aa-4c0d3e26ac8a#//@components.0/@packages.0/@types.10"}},"final":true,"static":true}},{"id":"270b7b2a-a53b-4f58-87a3-f9046f460b98","eClass":"papaya:Attribute","data":{"name":"ENTITY_DISTINCT_NAME_ERROR_MESSAGE","type":{"id":"749c2723-3d77-42b3-8370-e3cbaa159413","eClass":"papaya:GenericType","data":{"rawType":"papaya:Class efe8ed63-a04b-4469-a6aa-4c0d3e26ac8a#//@components.0/@packages.0/@types.10"}},"final":true,"static":true}},{"id":"ba669845-fea1-41af-824e-2f0af9343e38","eClass":"papaya:Attribute","data":{"name":"FEATURE_DISTINCT_NAME_ERROR_MESSAGE","type":{"id":"acf98e53-2ab0-48cb-b0ea-aca0a77204ed","eClass":"papaya:GenericType","data":{"rawType":"papaya:Class efe8ed63-a04b-4469-a6aa-4c0d3e26ac8a#//@components.0/@packages.0/@types.10"}},"final":true,"static":true}},{"id":"93ce2085-a69b-45cd-8193-28b69aaa0508","eClass":"papaya:Attribute","data":{"name":"SIRIUS_COMPONENTS_EMF_PACKAGE","type":{"id":"2479db48-a1d2-4366-953a-020b4f2f98a9","eClass":"papaya:GenericType","data":{"rawType":"papaya:Class efe8ed63-a04b-4469-a6aa-4c0d3e26ac8a#//@components.0/@packages.0/@types.10"}},"final":true,"static":true}}],"operations":[{"id":"93af1915-47c7-4486-b66a-a19f977824e9","eClass":"papaya:Operation","data":{"name":"validate","type":{"id":"209ca445-4517-47b2-9ca4-d6363a7cef88","eClass":"papaya:GenericType","data":{"rawType":"papaya:Class efe8ed63-a04b-4469-a6aa-4c0d3e26ac8a#//@components.0/@packages.0/@types.9"}},"parameters":[{"id":"b2bf5728-7d73-40d4-b418-9e3e5f2bf745","eClass":"papaya:Parameter","data":{"name":"eObject","type":{"id":"a9ee238b-4dfd-431b-8214-64b0c8027f46","eClass":"papaya:GenericType","data":{"rawType":"papaya:Interface ed732d5a-416c-4453-ab62-97778d205446#//@components.2/@packages.0/@types.12"}}}},{"id":"e736fd6d-6336-4925-b553-580948951d69","eClass":"papaya:Parameter","data":{"name":"diagnostics","type":{"id":"fa7e1a2a-c8c9-4c9b-8666-7778dcce0dc0","eClass":"papaya:GenericType","data":{"rawType":"papaya:Interface ed732d5a-416c-4453-ab62-97778d205446#//@components.0/@packages.0/@packages.2/@types.12"}}}},{"id":"01f3ddf4-2ce2-4163-98b6-aa0dbf20378c","eClass":"papaya:Parameter","data":{"name":"context","type":{"id":"1b702df0-752a-40cb-93a3-8a83a27a65c7","eClass":"papaya:GenericType","data":{"rawType":"papaya:Interface efe8ed63-a04b-4469-a6aa-4c0d3e26ac8a#//@components.0/@packages.4/@types.4"}}}}]}},{"id":"1303dded-c34e-49e0-8f58-987cb27239b2","eClass":"papaya:Operation","data":{"name":"validate","type":{"id":"0d99f734-2181-4c1c-9a92-577495d55e3a","eClass":"papaya:GenericType","data":{"rawType":"papaya:Class efe8ed63-a04b-4469-a6aa-4c0d3e26ac8a#//@components.0/@packages.0/@types.9"}},"parameters":[{"id":"1cd26679-3b76-46cd-ad1f-372115f73644","eClass":"papaya:Parameter","data":{"name":"eClass","type":{"id":"9aa65160-2f46-4842-9124-390ebb87f5a3","eClass":"papaya:GenericType","data":{"rawType":"papaya:Interface ed732d5a-416c-4453-ab62-97778d205446#//@components.2/@packages.0/@types.3"}}}},{"id":"c01f7b5a-9235-4f79-baa0-bd9335945029","eClass":"papaya:Parameter","data":{"name":"eObject","type":{"id":"4704398f-d474-4426-bde7-aea272e8f39a","eClass":"papaya:GenericType","data":{"rawType":"papaya:Interface ed732d5a-416c-4453-ab62-97778d205446#//@components.2/@packages.0/@types.12"}}}},{"id":"cadd6e4e-6241-4e3d-964e-e59270bcb5c2","eClass":"papaya:Parameter","data":{"name":"diagnostics","type":{"id":"a4d60eb2-6c32-44f4-9853-27b8e541a25f","eClass":"papaya:GenericType","data":{"rawType":"papaya:Interface ed732d5a-416c-4453-ab62-97778d205446#//@components.0/@packages.0/@packages.2/@types.12"}}}},{"id":"b031a26a-5985-41ca-900d-a48a56548c26","eClass":"papaya:Parameter","data":{"name":"context","type":{"id":"b64784f1-b81a-449c-9f48-44c7636f5062","eClass":"papaya:GenericType","data":{"rawType":"papaya:Interface efe8ed63-a04b-4469-a6aa-4c0d3e26ac8a#//@components.0/@packages.4/@types.4"}}}}]}},{"id":"2c76f3e3-36c9-4fec-9572-c0e42ed08db6","eClass":"papaya:Operation","data":{"name":"validate","type":{"id":"18f87a6a-b26a-441b-a53f-d7a51e2464a2","eClass":"papaya:GenericType","data":{"rawType":"papaya:Class efe8ed63-a04b-4469-a6aa-4c0d3e26ac8a#//@components.0/@packages.0/@types.9"}},"parameters":[{"id":"6e790a3b-16d9-4abb-ba96-cd957c113395","eClass":"papaya:Parameter","data":{"name":"eDataType","type":{"id":"557fbe68-0068-4cd4-b599-056587268426","eClass":"papaya:GenericType","data":{"rawType":"papaya:Interface ed732d5a-416c-4453-ab62-97778d205446#//@components.2/@packages.0/@types.5"}}}},{"id":"90001d4f-9ace-4e72-b354-0c96c0c8df7a","eClass":"papaya:Parameter","data":{"name":"value","type":{"id":"d0fcebd9-5b48-465d-aea9-d62a6f111329","eClass":"papaya:GenericType","data":{"rawType":"papaya:Class efe8ed63-a04b-4469-a6aa-4c0d3e26ac8a#//@components.0/@packages.0/@types.9"}}}},{"id":"b3da9352-1246-4bc5-a8bb-ab7ea29621c5","eClass":"papaya:Parameter","data":{"name":"diagnostics","type":{"id":"5c8c77bf-ac08-46ee-83f7-8f45030e353a","eClass":"papaya:GenericType","data":{"rawType":"papaya:Interface ed732d5a-416c-4453-ab62-97778d205446#//@components.0/@packages.0/@packages.2/@types.12"}}}},{"id":"1d747f1a-190b-4ecf-9483-7e0594171121","eClass":"papaya:Parameter","data":{"name":"context","type":{"id":"f76d903b-0d6f-4af6-9754-628b8d3eb6b9","eClass":"papaya:GenericType","data":{"rawType":"papaya:Interface efe8ed63-a04b-4469-a6aa-4c0d3e26ac8a#//@components.0/@packages.4/@types.4"}}}}]}},{"id":"1bef770e-57a4-434b-beb3-d162dfa415ca","eClass":"papaya:Operation","data":{"name":"nameIsWellFormedValidate","type":{"id":"2006c04d-f434-44c0-b0c4-b23e9982daf9","eClass":"papaya:GenericType","data":{"rawType":"papaya:Class efe8ed63-a04b-4469-a6aa-4c0d3e26ac8a#//@components.0/@packages.0/@types.9"}},"visibility":"PRIVATE","parameters":[{"id":"5000b3c0-c339-49ca-9cac-ba2e60d407cb","eClass":"papaya:Parameter","data":{"name":"namedElement","type":{"id":"74a5f875-1587-4aca-b5d1-acce04151310","eClass":"papaya:GenericType","data":{"rawType":"//@components.0/@packages.0/@types.6"}}}},{"id":"02cdf408-71fb-4f9d-82f3-f5318956f940","eClass":"papaya:Parameter","data":{"name":"diagnostics","type":{"id":"c7bbf8d3-2918-4607-9986-0936074832c3","eClass":"papaya:GenericType","data":{"rawType":"papaya:Interface ed732d5a-416c-4453-ab62-97778d205446#//@components.0/@packages.0/@packages.2/@types.12"}}}}]}},{"id":"0f422567-c8b1-4345-9dc9-bb873172ce3f","eClass":"papaya:Operation","data":{"name":"nameIsNotUsedByOtherEntity","type":{"id":"7fed6c73-eb05-470e-a54a-fdea0542b4cb","eClass":"papaya:GenericType","data":{"rawType":"papaya:Class efe8ed63-a04b-4469-a6aa-4c0d3e26ac8a#//@components.0/@packages.0/@types.9"}},"visibility":"PRIVATE","parameters":[{"id":"d50ab292-3172-419b-bced-0d0aa09b4daa","eClass":"papaya:Parameter","data":{"name":"entity","type":{"id":"6490be9e-8e22-4831-8784-b85e7856bac8","eClass":"papaya:GenericType","data":{"rawType":"//@components.0/@packages.0/@types.4"}}}},{"id":"70385024-89c7-455d-bd7a-3c67847c4689","eClass":"papaya:Parameter","data":{"name":"diagnostics","type":{"id":"f658468b-32e7-4867-bb9c-5894f611ca2b","eClass":"papaya:GenericType","data":{"rawType":"papaya:Interface ed732d5a-416c-4453-ab62-97778d205446#//@components.0/@packages.0/@packages.2/@types.12"}}}}]}},{"id":"7bdb754c-5487-4f62-91f3-b0956691297c","eClass":"papaya:Operation","data":{"name":"nameIsUniqueAmongOtherFeatures","type":{"id":"4db2ff35-789f-4c75-9183-ad47a3d4b7a9","eClass":"papaya:GenericType","data":{"rawType":"papaya:Class efe8ed63-a04b-4469-a6aa-4c0d3e26ac8a#//@components.0/@packages.0/@types.9"}},"visibility":"PRIVATE","parameters":[{"id":"5b73fb94-b1b6-474c-b928-ee4c9b81f5fe","eClass":"papaya:Parameter","data":{"name":"feature","type":{"id":"8321ecd1-ca0e-4d0b-ad40-e70125d08df0","eClass":"papaya:GenericType","data":{"rawType":"//@components.0/@packages.0/@types.5"}}}},{"id":"4f62e644-9024-4446-b1f2-e6d0d619da1e","eClass":"papaya:Parameter","data":{"name":"diagnostics","type":{"id":"9fdf2d7f-f11d-41cc-a6a4-a786121cc324","eClass":"papaya:GenericType","data":{"rawType":"papaya:Interface ed732d5a-416c-4453-ab62-97778d205446#//@components.0/@packages.0/@packages.2/@types.12"}}}}]}}]}}],"packages":[{"id":"1dcce469-b7a1-4237-80a4-81c824bf9e87","eClass":"papaya:Package","data":{"name":"configuration","types":[{"id":"9f38a21d-11ae-4833-bc5f-c4aa46c3fb53","eClass":"papaya:Class","data":{"name":"DomainEMFConfiguration","extends":"papaya:Class efe8ed63-a04b-4469-a6aa-4c0d3e26ac8a#//@components.0/@packages.0/@types.9","constructors":[{"id":"1cd32c0e-abfb-4351-a19b-d0e193a379f5","eClass":"papaya:Constructor","data":{"parameters":[{"id":"18b45f9d-bd74-444c-b6a0-3e6a384bd60a","eClass":"papaya:Parameter","data":{"name":"eValidatorRegistry","type":{"id":"45d87a8c-39aa-4ad1-8927-65312c4f9d23","eClass":"papaya:GenericType","data":{"rawType":"papaya:Interface ed732d5a-416c-4453-ab62-97778d205446#//@components.2/@packages.0/@types.20/@types.2"}}}}]}}],"attributes":[{"id":"b5c96ae0-205b-4320-af4e-a66da5d9b9b1","eClass":"papaya:Attribute","data":{"name":"eValidatorRegistry","type":{"id":"f702ffad-f3cd-4424-b1f0-e915841fb821","eClass":"papaya:GenericType","data":{"rawType":"papaya:Interface ed732d5a-416c-4453-ab62-97778d205446#//@components.2/@packages.0/@types.20/@types.2"}},"visibility":"PRIVATE","final":true}}],"operations":[{"id":"f177db13-c487-4717-9734-e39f0405f238","eClass":"papaya:Operation","data":{"name":"registerDomainValidator","type":{"id":"ae1d9ef4-f968-4056-9820-65a489f25270","eClass":"papaya:GenericType","data":{"rawType":"papaya:Class efe8ed63-a04b-4469-a6aa-4c0d3e26ac8a#//@components.0/@packages.0/@types.9"}}}}]}}]}}]}}]}}]}}]}