{"json":{"version":"1.0","encoding":"utf-8"},"ns":{"papaya":"https://www.eclipse.org/sirius-web/papaya"},"content":[{"id":"57f210b0-c97f-4d66-bd6b-fa4a1f5117d4","eClass":"papaya:Project","data":{"name":"backend","components":[{"id":"083e784e-a93f-4d6c-9e67-b9f8f52f9da7","eClass":"papaya:Component","data":{"name":"sirius-components-validation","dependencies":["papaya:Component 5ae54267-d150-415f-8cca-6429a3a3bb82#//@components.5"],"usedAsDependencyBy":["//@components.1"],"packages":[{"id":"febaba40-1dce-469b-96ea-e687a6e26011","eClass":"papaya:Package","data":{"name":"org.eclipse.sirius.components.validation","types":[{"id":"8acfb0b8-9104-466f-8476-dcb182e6ee55","eClass":"papaya:Class","data":{"name":"Diagnostic","types":[{"id":"f4700a62-f3ff-42dc-871c-c3ad4ccdcab3","eClass":"papaya:Class","data":{"name":"Builder","final":true,"static":true,"extends":"papaya:Class efe8ed63-a04b-4469-a6aa-4c0d3e26ac8a#//@components.0/@packages.0/@types.9","constructors":[{"id":"92a67ae3-68ac-4426-9790-bd9e305ebfa0","eClass":"papaya:Constructor","data":{"parameters":[{"id":"a8540ab8-ad53-4080-bf7f-9e4585d7699b","eClass":"papaya:Parameter","data":{"name":"id","type":{"id":"f21aea2e-045a-4ad1-88eb-c943eb46baa1","eClass":"papaya:GenericType","data":{"rawType":"papaya:Class efe8ed63-a04b-4469-a6aa-4c0d3e26ac8a#//@components.0/@packages.4/@types.0"}}}}]}}],"attributes":[{"id":"67fee607-a5a6-40f3-9c8c-9dc7f6391599","eClass":"papaya:Attribute","data":{"name":"id","type":{"id":"0c436e18-7005-474a-a39b-b048d890275f","eClass":"papaya:GenericType","data":{"rawType":"papaya:Class efe8ed63-a04b-4469-a6aa-4c0d3e26ac8a#//@components.0/@packages.4/@types.0"}},"visibility":"PRIVATE"}},{"id":"37ddc011-066d-4771-8eca-08945818f6fb","eClass":"papaya:Attribute","data":{"name":"kind","type":{"id":"7cca070c-d01f-4b7a-ad9e-7469d0733161","eClass":"papaya:GenericType","data":{"rawType":"papaya:Class efe8ed63-a04b-4469-a6aa-4c0d3e26ac8a#//@components.0/@packages.0/@types.10"}},"visibility":"PRIVATE"}},{"id":"85162c38-e96a-4c11-8a1c-49998434e053","eClass":"papaya:Attribute","data":{"name":"message","type":{"id":"082eec7a-98b6-4387-b641-348c28f613b9","eClass":"papaya:GenericType","data":{"rawType":"papaya:Class efe8ed63-a04b-4469-a6aa-4c0d3e26ac8a#//@components.0/@packages.0/@types.10"}},"visibility":"PRIVATE"}}],"operations":[{"id":"b2d36e1d-4c28-42c8-a7ce-34133a230976","eClass":"papaya:Operation","data":{"name":"message","type":{"id":"25f125ba-b4e0-4acc-b80f-b82da08d210a","eClass":"papaya:GenericType","data":{"rawType":"//@components.0/@packages.0/@types.0/@types.0"}},"parameters":[{"id":"9280b19d-c430-4e30-98a6-6ef7551d3855","eClass":"papaya:Parameter","data":{"name":"message","type":{"id":"8dc9ec2c-f32b-4bc3-8fb7-80a38347b114","eClass":"papaya:GenericType","data":{"rawType":"papaya:Class efe8ed63-a04b-4469-a6aa-4c0d3e26ac8a#//@components.0/@packages.0/@types.10"}}}}]}},{"id":"055366c8-04e2-43ff-9602-9dd802afbde1","eClass":"papaya:Operation","data":{"name":"kind","type":{"id":"6d2a2efd-632b-45bd-bd9c-50316284f7cf","eClass":"papaya:GenericType","data":{"rawType":"//@components.0/@packages.0/@types.0/@types.0"}},"parameters":[{"id":"17a00760-9ba3-4787-b432-5c60e15eec33","eClass":"papaya:Parameter","data":{"name":"kind","type":{"id":"6928df32-a0d1-4ed2-b8be-01fe2d3af73b","eClass":"papaya:GenericType","data":{"rawType":"papaya:Class efe8ed63-a04b-4469-a6aa-4c0d3e26ac8a#//@components.0/@packages.0/@types.10"}}}}]}},{"id":"8d2df892-4bda-43f2-b9ea-4b68132a214c","eClass":"papaya:Operation","data":{"name":"build","type":{"id":"821986e5-c171-436e-8854-e400397d08a1","eClass":"papaya:GenericType","data":{"rawType":"//@components.0/@packages.0/@types.0"}}}}]}}],"final":true,"extends":"papaya:Class efe8ed63-a04b-4469-a6aa-4c0d3e26ac8a#//@components.0/@packages.0/@types.9","constructors":[{"id":"991e6d0a-6b97-4030-87a2-0a56b7d081f4","eClass":"papaya:Constructor","data":{"visibility":"PRIVATE"}}],"attributes":[{"id":"24ce1e5f-850a-40da-b282-10fae872fe62","eClass":"papaya:Attribute","data":{"name":"id","type":{"id":"535cf3de-f9a9-4216-b5d1-00a016b965f8","eClass":"papaya:GenericType","data":{"rawType":"papaya:Class efe8ed63-a04b-4469-a6aa-4c0d3e26ac8a#//@components.0/@packages.4/@types.0"}},"visibility":"PRIVATE"}},{"id":"63443bee-4b15-42db-8bf0-207480fcdddc","eClass":"papaya:Attribute","data":{"name":"kind","type":{"id":"60c444ba-35d0-4509-86bb-6d74685cd039","eClass":"papaya:GenericType","data":{"rawType":"papaya:Class efe8ed63-a04b-4469-a6aa-4c0d3e26ac8a#//@components.0/@packages.0/@types.10"}},"visibility":"PRIVATE"}},{"id":"c49a8d1c-3047-4ac4-b870-5814b8189fc4","eClass":"papaya:Attribute","data":{"name":"message","type":{"id":"d8006e05-af83-4b8f-bd5c-378ae38862e2","eClass":"papaya:GenericType","data":{"rawType":"papaya:Class efe8ed63-a04b-4469-a6aa-4c0d3e26ac8a#//@components.0/@packages.0/@types.10"}},"visibility":"PRIVATE"}}],"operations":[{"id":"5a95c3d2-2071-48de-9d55-833f326aff76","eClass":"papaya:Operation","data":{"name":"getMessage","type":{"id":"20982348-a50d-4600-a970-20083c48c518","eClass":"papaya:GenericType","data":{"rawType":"papaya:Class efe8ed63-a04b-4469-a6aa-4c0d3e26ac8a#//@components.0/@packages.0/@types.10"}}}},{"id":"7a961d6a-38a0-421a-aa94-d27baa4e2207","eClass":"papaya:Operation","data":{"name":"getId","type":{"id":"caf3ab98-8258-4e62-8338-ce2a585a00e0","eClass":"papaya:GenericType","data":{"rawType":"papaya:Class efe8ed63-a04b-4469-a6aa-4c0d3e26ac8a#//@components.0/@packages.4/@types.0"}}}},{"id":"979e36bb-3edd-4565-b22f-d27be671bf18","eClass":"papaya:Operation","data":{"name":"newDiagnostic","type":{"id":"33678790-750b-472e-bb1e-310aaae3bc42","eClass":"papaya:GenericType","data":{"rawType":"//@components.0/@packages.0/@types.0/@types.0"}},"static":true,"parameters":[{"id":"ec10e3be-02e5-4878-8817-d52e5bf8b6cb","eClass":"papaya:Parameter","data":{"name":"id","type":{"id":"1b29de72-5de7-44a6-90f5-fc6dacee2031","eClass":"papaya:GenericType","data":{"rawType":"papaya:Class efe8ed63-a04b-4469-a6aa-4c0d3e26ac8a#//@components.0/@packages.4/@types.0"}}}}]}},{"id":"80fb58c8-cf45-49ff-866f-dc6d077920bc","eClass":"papaya:Operation","data":{"name":"getKind","type":{"id":"8391f747-d9dd-44e7-95ce-b4272be49bc1","eClass":"papaya:GenericType","data":{"rawType":"papaya:Class efe8ed63-a04b-4469-a6aa-4c0d3e26ac8a#//@components.0/@packages.0/@types.10"}}}}]}},{"id":"ef91f0e7-aa53-4c9f-b2c2-560ff9e783cc","eClass":"papaya:Class","data":{"name":"Validation","types":[{"id":"539ffcb7-dc2c-4a8c-9b5b-6fb1c2c74e0d","eClass":"papaya:Class","data":{"name":"Builder","final":true,"static":true,"extends":"papaya:Class efe8ed63-a04b-4469-a6aa-4c0d3e26ac8a#//@components.0/@packages.0/@types.9","constructors":[{"id":"b645eade-3947-488a-b123-4451748a3805","eClass":"papaya:Constructor","data":{"parameters":[{"id":"bae69b20-c804-4438-98b3-12b2d8f1ed3b","eClass":"papaya:Parameter","data":{"name":"id","type":{"id":"b4377e55-05f8-4a5d-9590-fc439688cf56","eClass":"papaya:GenericType","data":{"rawType":"papaya:Class efe8ed63-a04b-4469-a6aa-4c0d3e26ac8a#//@components.0/@packages.0/@types.10"}}}}],"visibility":"PRIVATE"}}],"attributes":[{"id":"b387343f-94e2-42b6-b197-71a273aaf6cb","eClass":"papaya:Attribute","data":{"name":"id","type":{"id":"4098a940-bf21-45ad-9819-e4452df06935","eClass":"papaya:GenericType","data":{"rawType":"papaya:Class efe8ed63-a04b-4469-a6aa-4c0d3e26ac8a#//@components.0/@packages.0/@types.10"}},"visibility":"PRIVATE"}},{"id":"e7803c75-8bd1-4942-8fcc-7afea1e616a9","eClass":"papaya:Attribute","data":{"name":"kind","type":{"id":"d22c96fd-f9a8-4a1b-b2a1-f0f0b7f05d5d","eClass":"papaya:GenericType","data":{"rawType":"papaya:Class efe8ed63-a04b-4469-a6aa-4c0d3e26ac8a#//@components.0/@packages.0/@types.10"}},"visibility":"PRIVATE"}},{"id":"6a08eb8e-adda-4233-9ec0-20aba7af37d8","eClass":"papaya:Attribute","data":{"name":"label","type":{"id":"160b51d9-c793-40d9-a63a-3d280552d955","eClass":"papaya:GenericType","data":{"rawType":"papaya:Class efe8ed63-a04b-4469-a6aa-4c0d3e26ac8a#//@components.0/@packages.0/@types.10"}},"visibility":"PRIVATE"}},{"id":"36dac46c-b8b5-4650-b483-337b16a263c5","eClass":"papaya:Attribute","data":{"name":"descriptionId","type":{"id":"a16c0bc0-c475-4bf1-b94a-540ea5edd0b7","eClass":"papaya:GenericType","data":{"rawType":"papaya:Class efe8ed63-a04b-4469-a6aa-4c0d3e26ac8a#//@components.0/@packages.0/@types.10"}},"visibility":"PRIVATE"}},{"id":"1034d4e1-14d5-44b0-9f94-99708236a91a","eClass":"papaya:Attribute","data":{"name":"targetObjectId","type":{"id":"e137a87f-7efe-4293-8a6e-57826d6070cc","eClass":"papaya:GenericType","data":{"rawType":"papaya:Class efe8ed63-a04b-4469-a6aa-4c0d3e26ac8a#//@components.0/@packages.0/@types.10"}},"visibility":"PRIVATE"}},{"id":"46837f3c-86c7-4916-9bc9-74b96641a2cc","eClass":"papaya:Attribute","data":{"name":"diagnostics","type":{"id":"66c56c9b-737b-4733-aa33-c7e279424d33","eClass":"papaya:GenericType","data":{"rawType":"papaya:Interface efe8ed63-a04b-4469-a6aa-4c0d3e26ac8a#//@components.0/@packages.4/@types.2","typeArguments":[{"id":"8a97f9a3-d40d-4b0b-af1c-c186d98d95bf","eClass":"papaya:GenericType","data":{"rawType":"//@components.0/@packages.0/@types.0"}}]}},"visibility":"PRIVATE"}}],"operations":[{"id":"eb81bd0a-8362-4a58-8627-533f4ebd7e76","eClass":"papaya:Operation","data":{"name":"build","type":{"id":"d80d8c6c-e418-41ce-8db6-6ecbc3f9bb02","eClass":"papaya:GenericType","data":{"rawType":"//@components.0/@packages.0/@types.1"}}}},{"id":"0fb9a386-907f-4201-b26b-1e7dbeb84ad7","eClass":"papaya:Operation","data":{"name":"label","type":{"id":"245a7c25-d951-4a75-9101-22643afd6ba1","eClass":"papaya:GenericType","data":{"rawType":"//@components.0/@packages.0/@types.1/@types.0"}},"parameters":[{"id":"c53a50a1-b65c-42cf-be10-c7b53c09cf38","eClass":"papaya:Parameter","data":{"name":"label","type":{"id":"d4699357-f3ab-4d0c-bc67-ebd647d702e3","eClass":"papaya:GenericType","data":{"rawType":"papaya:Class efe8ed63-a04b-4469-a6aa-4c0d3e26ac8a#//@components.0/@packages.0/@types.10"}}}}]}},{"id":"fac17e3e-d1c1-47e2-86e8-b60f3eab8e6b","eClass":"papaya:Operation","data":{"name":"diagnostics","type":{"id":"f8e9836b-e480-4c9e-ae85-445fc01d220a","eClass":"papaya:GenericType","data":{"rawType":"//@components.0/@packages.0/@types.1/@types.0"}},"parameters":[{"id":"d53d2923-29e2-464f-8404-339d6407024a","eClass":"papaya:Parameter","data":{"name":"diagnostics","type":{"id":"86b6f5fa-e669-4d32-8b0b-2bf151edc3a9","eClass":"papaya:GenericType","data":{"rawType":"papaya:Interface efe8ed63-a04b-4469-a6aa-4c0d3e26ac8a#//@components.0/@packages.4/@types.2"}}}}]}},{"id":"c2f6802f-065b-4a1e-903d-b4e649213600","eClass":"papaya:Operation","data":{"name":"descriptionId","type":{"id":"e1b24efc-e111-446a-baad-af2f881230a5","eClass":"papaya:GenericType","data":{"rawType":"//@components.0/@packages.0/@types.1/@types.0"}},"parameters":[{"id":"f6be11d9-8b48-4709-a1bd-262d1eb413c5","eClass":"papaya:Parameter","data":{"name":"descriptionId","type":{"id":"0776af08-1ad8-43be-bdf3-424c4323d54f","eClass":"papaya:GenericType","data":{"rawType":"papaya:Class efe8ed63-a04b-4469-a6aa-4c0d3e26ac8a#//@components.0/@packages.0/@types.10"}}}}]}},{"id":"654925b3-d1e0-49ab-a558-f1e49159da89","eClass":"papaya:Operation","data":{"name":"targetObjectId","type":{"id":"dd08e9b1-faf3-4b44-8398-0dadedc33539","eClass":"papaya:GenericType","data":{"rawType":"//@components.0/@packages.0/@types.1/@types.0"}},"parameters":[{"id":"6bea70b5-68d9-4b66-9a39-989b3d44f890","eClass":"papaya:Parameter","data":{"name":"targetObjectId","type":{"id":"65c9d36d-3a59-4021-aea7-eb6de4dfa859","eClass":"papaya:GenericType","data":{"rawType":"papaya:Class efe8ed63-a04b-4469-a6aa-4c0d3e26ac8a#//@components.0/@packages.0/@types.10"}}}}]}}]}}],"implements":["papaya:Interface 5ae54267-d150-415f-8cca-6429a3a3bb82#//@components.5/@packages.0/@types.12"],"final":true,"extends":"papaya:Class efe8ed63-a04b-4469-a6aa-4c0d3e26ac8a#//@components.0/@packages.0/@types.9","constructors":[{"id":"0f81d6e6-21af-4205-a28e-43e7eeb7d097","eClass":"papaya:Constructor","data":{"visibility":"PRIVATE"}}],"attributes":[{"id":"de6b80eb-4b20-4bfc-9433-a38e5ecfb130","eClass":"papaya:Attribute","data":{"name":"KIND","type":{"id":"09c5c7b0-f607-4c9d-b32f-01084d122d63","eClass":"papaya:GenericType","data":{"rawType":"papaya:Class efe8ed63-a04b-4469-a6aa-4c0d3e26ac8a#//@components.0/@packages.0/@types.10"}},"final":true,"static":true}},{"id":"18dbb19a-13c7-4ded-a75f-e1c18350823a","eClass":"papaya:Attribute","data":{"name":"PREFIX","type":{"id":"6778a922-5c50-4eef-8698-8428a70e515a","eClass":"papaya:GenericType","data":{"rawType":"papaya:Class efe8ed63-a04b-4469-a6aa-4c0d3e26ac8a#//@components.0/@packages.0/@types.10"}},"final":true,"static":true}},{"id":"615a78cd-98d2-480e-a17b-067537d93eea","eClass":"papaya:Attribute","data":{"name":"id","type":{"id":"f50c83c4-83a5-410c-9b8e-c0df02cb94f3","eClass":"papaya:GenericType","data":{"rawType":"papaya:Class efe8ed63-a04b-4469-a6aa-4c0d3e26ac8a#//@components.0/@packages.0/@types.10"}},"visibility":"PRIVATE"}},{"id":"69c629c4-45af-46b7-a0c4-fec01fa513df","eClass":"papaya:Attribute","data":{"name":"kind","type":{"id":"4af5294d-f46c-40e3-aefd-e9a11ffca6e7","eClass":"papaya:GenericType","data":{"rawType":"papaya:Class efe8ed63-a04b-4469-a6aa-4c0d3e26ac8a#//@components.0/@packages.0/@types.10"}},"visibility":"PRIVATE"}},{"id":"2757469d-6777-44ce-b3de-94c58c78b4b7","eClass":"papaya:Attribute","data":{"name":"label","type":{"id":"6730468b-6bee-42f1-958e-6af7065fea84","eClass":"papaya:GenericType","data":{"rawType":"papaya:Class efe8ed63-a04b-4469-a6aa-4c0d3e26ac8a#//@components.0/@packages.0/@types.10"}},"visibility":"PRIVATE"}},{"id":"292803e3-91d3-4a05-b8fa-428ec670fec2","eClass":"papaya:Attribute","data":{"name":"descriptionId","type":{"id":"32e9e572-c20c-4eb7-9e9e-71b35b77eac0","eClass":"papaya:GenericType","data":{"rawType":"papaya:Class efe8ed63-a04b-4469-a6aa-4c0d3e26ac8a#//@components.0/@packages.0/@types.10"}},"visibility":"PRIVATE"}},{"id":"2b018878-c9a9-4ca2-bc1b-99577cd00ad2","eClass":"papaya:Attribute","data":{"name":"targetObjectId","type":{"id":"c0b15304-5f06-4b7b-9c46-f87e3d882f82","eClass":"papaya:GenericType","data":{"rawType":"papaya:Class efe8ed63-a04b-4469-a6aa-4c0d3e26ac8a#//@components.0/@packages.0/@types.10"}},"visibility":"PRIVATE"}},{"id":"8f046f25-9c45-4669-b9ec-717e625b8c30","eClass":"papaya:Attribute","data":{"name":"diagnostics","type":{"id":"f60f860e-eb46-4330-96ca-de12270afffb","eClass":"papaya:GenericType","data":{"rawType":"papaya:Interface efe8ed63-a04b-4469-a6aa-4c0d3e26ac8a#//@components.0/@packages.4/@types.2","typeArguments":[{"id":"b63021d2-94e5-47a9-9ee0-e570d37726e3","eClass":"papaya:GenericType","data":{"rawType":"//@components.0/@packages.0/@types.0"}}]}},"visibility":"PRIVATE"}}],"operations":[{"id":"f7cfcbcd-c904-42bf-85e3-213547b40be3","eClass":"papaya:Operation","data":{"name":"toString","type":{"id":"f0264a9d-dfd9-4d20-b42c-39ee5aa34f1e","eClass":"papaya:GenericType","data":{"rawType":"papaya:Class efe8ed63-a04b-4469-a6aa-4c0d3e26ac8a#//@components.0/@packages.0/@types.10"}}}},{"id":"d9b407b6-b985-4869-b040-289e0170b986","eClass":"papaya:Operation","data":{"name":"getId","type":{"id":"c5153354-5ac9-4fdb-bb72-3fcd12de9171","eClass":"papaya:GenericType","data":{"rawType":"papaya:Class efe8ed63-a04b-4469-a6aa-4c0d3e26ac8a#//@components.0/@packages.0/@types.10"}}}},{"id":"20b7cee9-dfdc-42f9-b9bb-ab8100a67b5b","eClass":"papaya:Operation","data":{"name":"getDiagnostics","type":{"id":"81b8146c-ba55-47cf-ba6a-3b04fe77b298","eClass":"papaya:GenericType","data":{"rawType":"papaya:Interface efe8ed63-a04b-4469-a6aa-4c0d3e26ac8a#//@components.0/@packages.4/@types.2","typeArguments":[{"id":"acf64847-e994-49c5-b3cd-ec3b24307e45","eClass":"papaya:GenericType","data":{"rawType":"//@components.0/@packages.0/@types.0"}}]}}}},{"id":"8d7c8c10-f1bc-43a1-95bc-329f282df6e1","eClass":"papaya:Operation","data":{"name":"newValidation","type":{"id":"15635af7-75a2-48ac-9912-7d29c76515e7","eClass":"papaya:GenericType","data":{"rawType":"//@components.0/@packages.0/@types.1/@types.0"}},"static":true,"parameters":[{"id":"933dfd75-4835-45be-b5e2-eef890350f5a","eClass":"papaya:Parameter","data":{"name":"id","type":{"id":"c5de3b3e-678a-4c24-9b24-704e497bcae5","eClass":"papaya:GenericType","data":{"rawType":"papaya:Class efe8ed63-a04b-4469-a6aa-4c0d3e26ac8a#//@components.0/@packages.0/@types.10"}}}}]}},{"id":"262ba074-ac56-4e29-9e4d-3869990f9549","eClass":"papaya:Operation","data":{"name":"getTargetObjectId","type":{"id":"16cde33b-d9eb-47ad-8083-4f96af76f4e4","eClass":"papaya:GenericType","data":{"rawType":"papaya:Class efe8ed63-a04b-4469-a6aa-4c0d3e26ac8a#//@components.0/@packages.0/@types.10"}}}},{"id":"58e2954a-9165-4aa3-89b1-7ab432c42d31","eClass":"papaya:Operation","data":{"name":"getDescriptionId","type":{"id":"eefdbd1f-a431-474f-ab71-2eacad39c97c","eClass":"papaya:GenericType","data":{"rawType":"papaya:Class efe8ed63-a04b-4469-a6aa-4c0d3e26ac8a#//@components.0/@packages.0/@types.10"}}}},{"id":"79f72edb-20f2-4f9c-8669-e73f754d657b","eClass":"papaya:Operation","data":{"name":"getLabel","type":{"id":"78c32aab-1795-4ee6-86d8-d777866466a4","eClass":"papaya:GenericType","data":{"rawType":"papaya:Class efe8ed63-a04b-4469-a6aa-4c0d3e26ac8a#//@components.0/@packages.0/@types.10"}}}},{"id":"0fcc5fde-9852-4885-89ec-536b1e709735","eClass":"papaya:Operation","data":{"name":"getKind","type":{"id":"9b8b2ef3-003c-46c2-8ab4-a2bc7710073c","eClass":"papaya:GenericType","data":{"rawType":"papaya:Class efe8ed63-a04b-4469-a6aa-4c0d3e26ac8a#//@components.0/@packages.0/@types.10"}}}}]}}],"packages":[{"id":"8fd49425-dc30-4f32-a5a7-b810a075a153","eClass":"papaya:Package","data":{"name":"components","types":[{"id":"94e9d7b5-28b4-4978-aa66-0cb20fd3773d","eClass":"papaya:Class","data":{"name":"DiagnosticComponent","implements":["papaya:Interface 5ae54267-d150-415f-8cca-6429a3a3bb82#//@components.5/@packages.0/@types.6"],"extends":"papaya:Class efe8ed63-a04b-4469-a6aa-4c0d3e26ac8a#//@components.0/@packages.0/@types.9","constructors":[{"id":"209ae48b-7f9c-4deb-ae47-13973f501f71","eClass":"papaya:Constructor","data":{"parameters":[{"id":"4fcb3caf-65ad-427e-bd42-0f4c19c88eee","eClass":"papaya:Parameter","data":{"name":"props","type":{"id":"4cc488ff-9958-470b-bb64-5aec1b811794","eClass":"papaya:GenericType","data":{"rawType":"//@components.0/@packages.0/@packages.0/@types.1"}}}}]}}],"attributes":[{"id":"5511e84e-e60e-4f5b-a7ae-d78a46a408e9","eClass":"papaya:Attribute","data":{"name":"props","type":{"id":"ba1b8b16-858d-4e3b-a1ee-dbd74638899a","eClass":"papaya:GenericType","data":{"rawType":"//@components.0/@packages.0/@packages.0/@types.1"}},"visibility":"PRIVATE","final":true}}],"operations":[{"id":"ad36d331-a938-43c0-a8ce-85f09865ae85","eClass":"papaya:Operation","data":{"name":"render","type":{"id":"5f8b487b-252b-483d-a68e-253adc2e46ab","eClass":"papaya:GenericType","data":{"rawType":"papaya:Class 5ae54267-d150-415f-8cca-6429a3a3bb82#//@components.5/@packages.0/@types.1"}}}}]}},{"id":"2875e1b8-bc51-435d-bb15-78b050207bd3","eClass":"papaya:Class","data":{"name":"DiagnosticComponentProps","implements":["papaya:Interface 5ae54267-d150-415f-8cca-6429a3a3bb82#//@components.5/@packages.0/@types.11"],"extends":"papaya:Class efe8ed63-a04b-4469-a6aa-4c0d3e26ac8a#//@components.0/@packages.0/@types.9","constructors":[{"id":"182b8471-6f6b-4abe-b02b-9473ca51f490","eClass":"papaya:Constructor","data":{"parameters":[{"id":"fb524121-2307-4ce7-b53b-bb0b26ff849a","eClass":"papaya:Parameter","data":{"name":"diagnostic","type":{"id":"68b768de-2631-434f-8f7c-caa38a9a71e4","eClass":"papaya:GenericType","data":{"rawType":"papaya:Class efe8ed63-a04b-4469-a6aa-4c0d3e26ac8a#//@components.0/@packages.0/@types.9"}}}},{"id":"0f5faa2d-0985-4d19-bb87-5e869f8ab0e4","eClass":"papaya:Parameter","data":{"name":"validationDescription","type":{"id":"f95a9eb1-a12b-4fd7-a3e5-3eab81a64d0f","eClass":"papaya:GenericType","data":{"rawType":"//@components.0/@packages.0/@packages.1/@types.0"}}}}]}}],"attributes":[{"id":"ad14d8a7-0475-4c47-b8b9-9a3307cab4a0","eClass":"papaya:Attribute","data":{"name":"diagnostic","type":{"id":"433eca48-520a-4357-bfb2-7ff128ca9170","eClass":"papaya:GenericType","data":{"rawType":"papaya:Class efe8ed63-a04b-4469-a6aa-4c0d3e26ac8a#//@components.0/@packages.0/@types.9"}},"visibility":"PRIVATE"}},{"id":"d61a50f8-7bcf-470c-b010-9b6cd92d363a","eClass":"papaya:Attribute","data":{"name":"validationDescription","type":{"id":"ed9d29c5-6e23-49ea-bc0f-5fd8113577f7","eClass":"papaya:GenericType","data":{"rawType":"//@components.0/@packages.0/@packages.1/@types.0"}},"visibility":"PRIVATE"}}],"operations":[{"id":"4823ae59-5c00-4075-8448-b80f71c7d0db","eClass":"papaya:Operation","data":{"name":"getDiagnostic","type":{"id":"33037b2e-4e5e-4429-815d-9d90255ea52d","eClass":"papaya:GenericType","data":{"rawType":"papaya:Class efe8ed63-a04b-4469-a6aa-4c0d3e26ac8a#//@components.0/@packages.0/@types.9"}}}},{"id":"960e9c29-66a8-435b-9725-4254f321bfba","eClass":"papaya:Operation","data":{"name":"getValidationDescription","type":{"id":"557cac67-f042-4627-b254-e9b07a2c2c02","eClass":"papaya:GenericType","data":{"rawType":"//@components.0/@packages.0/@packages.1/@types.0"}}}}]}},{"id":"a571d770-90fa-4a23-9656-6824bdd39390","eClass":"papaya:Class","data":{"name":"ValidationComponent","implements":["papaya:Interface 5ae54267-d150-415f-8cca-6429a3a3bb82#//@components.5/@packages.0/@types.6"],"extends":"papaya:Class efe8ed63-a04b-4469-a6aa-4c0d3e26ac8a#//@components.0/@packages.0/@types.9","constructors":[{"id":"9e721669-5f99-464e-9915-e04b467e194c","eClass":"papaya:Constructor","data":{"parameters":[{"id":"a2dcfed6-f88e-4c3c-8dd9-ef418dc43908","eClass":"papaya:Parameter","data":{"name":"props","type":{"id":"aca32d5d-c0b6-427e-b13e-a3e226cfd689","eClass":"papaya:GenericType","data":{"rawType":"//@components.0/@packages.0/@packages.0/@types.3"}}}}]}}],"attributes":[{"id":"d4576dd4-0342-438b-8072-71af325b5b0f","eClass":"papaya:Attribute","data":{"name":"props","type":{"id":"dc638587-904b-46f4-ad0a-08d855eb0bba","eClass":"papaya:GenericType","data":{"rawType":"//@components.0/@packages.0/@packages.0/@types.3"}},"visibility":"PRIVATE","final":true}}],"operations":[{"id":"10ad2d31-f9e0-48e6-a90a-6d5b2ca172da","eClass":"papaya:Operation","data":{"name":"render","type":{"id":"1f02e73b-e4ef-4a51-96a5-8989dd9ca536","eClass":"papaya:GenericType","data":{"rawType":"papaya:Class 5ae54267-d150-415f-8cca-6429a3a3bb82#//@components.5/@packages.0/@types.1"}}}}]}},{"id":"d7ca8347-0aa4-4d9c-9afa-b51fbfe67377","eClass":"papaya:Class","data":{"name":"ValidationComponentProps","implements":["papaya:Interface 5ae54267-d150-415f-8cca-6429a3a3bb82#//@components.5/@packages.0/@types.11"],"extends":"papaya:Class efe8ed63-a04b-4469-a6aa-4c0d3e26ac8a#//@components.0/@packages.0/@types.9","constructors":[{"id":"658ba84f-b05d-4c5d-9f0b-2160adbca7eb","eClass":"papaya:Constructor","data":{"parameters":[{"id":"e2b329c2-4a8e-4983-b70f-032bc954f6d8","eClass":"papaya:Parameter","data":{"name":"variableManager","type":{"id":"64d06e3a-5a15-48f8-9a73-e2eb6375a0d6","eClass":"papaya:GenericType","data":{"rawType":"papaya:Class 5ae54267-d150-415f-8cca-6429a3a3bb82#//@components.5/@packages.0/@types.17"}}}},{"id":"75debfc5-a249-4aab-a4b8-869d2f76d10f","eClass":"papaya:Parameter","data":{"name":"validationDescription","type":{"id":"6795c322-72c4-44c2-90a6-cc9018127507","eClass":"papaya:GenericType","data":{"rawType":"//@components.0/@packages.0/@packages.1/@types.0"}}}},{"id":"cdb597af-ad66-44ab-b907-040c8268ff74","eClass":"papaya:Parameter","data":{"name":"optionalPreviousValidation","type":{"id":"da2fa1c0-811c-4df2-9c98-002f76a66163","eClass":"papaya:GenericType","data":{"rawType":"papaya:Class efe8ed63-a04b-4469-a6aa-4c0d3e26ac8a#//@components.0/@packages.4/@types.5"}}}}]}}],"attributes":[{"id":"f33bbabd-91f3-47b4-9192-e0ca8c978332","eClass":"papaya:Attribute","data":{"name":"variableManager","type":{"id":"a4c1d130-176d-47eb-9827-4a0b60c98e40","eClass":"papaya:GenericType","data":{"rawType":"papaya:Class 5ae54267-d150-415f-8cca-6429a3a3bb82#//@components.5/@packages.0/@types.17"}},"visibility":"PRIVATE","final":true}},{"id":"2bb82221-933b-4c09-8f6a-ff5413046d87","eClass":"papaya:Attribute","data":{"name":"validationDescription","type":{"id":"481117d8-43f6-4e1f-827b-5629ee34795b","eClass":"papaya:GenericType","data":{"rawType":"//@components.0/@packages.0/@packages.1/@types.0"}},"visibility":"PRIVATE","final":true}},{"id":"73ef4e94-3319-4534-bb78-d71ffb0104e5","eClass":"papaya:Attribute","data":{"name":"optionalPreviousValidation","type":{"id":"54b84e2e-7de4-4259-8edb-e9364f62e5e4","eClass":"papaya:GenericType","data":{"rawType":"papaya:Class efe8ed63-a04b-4469-a6aa-4c0d3e26ac8a#//@components.0/@packages.4/@types.5","typeArguments":[{"id":"7666486e-305f-432c-ac89-60432a4f1c37","eClass":"papaya:GenericType","data":{"rawType":"//@components.0/@packages.0/@types.1"}}]}},"visibility":"PRIVATE"}}],"operations":[{"id":"0b134e93-0ec7-47f4-b9df-6a9dfc30231e","eClass":"papaya:Operation","data":{"name":"getValidationDescription","type":{"id":"e5fa65f4-1ea0-4a0c-a7db-7cfe54d536b2","eClass":"papaya:GenericType","data":{"rawType":"//@components.0/@packages.0/@packages.1/@types.0"}}}},{"id":"2f6d1bec-c3aa-4312-9d22-c64af3c517dd","eClass":"papaya:Operation","data":{"name":"getPreviousValidation","type":{"id":"b742af4b-0e0f-4ada-b7e0-ff893abe75f8","eClass":"papaya:GenericType","data":{"rawType":"papaya:Class efe8ed63-a04b-4469-a6aa-4c0d3e26ac8a#//@components.0/@packages.4/@types.5","typeArguments":[{"id":"2a0bf321-086b-4154-b1e2-a945f30ababf","eClass":"papaya:GenericType","data":{"rawType":"//@components.0/@packages.0/@types.1"}}]}}}},{"id":"295ce231-b4be-472c-97ce-95d830119db6","eClass":"papaya:Operation","data":{"name":"getVariableManager","type":{"id":"e76f002e-3f6b-4e0d-bd4b-24e21314edcc","eClass":"papaya:GenericType","data":{"rawType":"papaya:Class 5ae54267-d150-415f-8cca-6429a3a3bb82#//@components.5/@packages.0/@types.17"}}}}]}}]}},{"id":"1cea4569-b7b7-4b54-beed-d94ad6457bee","eClass":"papaya:Package","data":{"name":"description","types":[{"id":"949e52a5-0e61-48be-9870-830454613749","eClass":"papaya:Class","data":{"name":"ValidationDescription","types":[{"id":"3b76ae82-3579-4116-8d97-7388e4355aa6","eClass":"papaya:Class","data":{"name":"Builder","final":true,"static":true,"extends":"papaya:Class efe8ed63-a04b-4469-a6aa-4c0d3e26ac8a#//@components.0/@packages.0/@types.9","constructors":[{"id":"3753787c-4bb3-4fea-8b6a-208f68bb9c5a","eClass":"papaya:Constructor","data":{"parameters":[{"id":"491e1b0a-4d07-4f12-8e21-aa1bf9aa5529","eClass":"papaya:Parameter","data":{"name":"id","type":{"id":"d98112fb-39ee-4ffb-88f4-5059334c65a5","eClass":"papaya:GenericType","data":{"rawType":"papaya:Class efe8ed63-a04b-4469-a6aa-4c0d3e26ac8a#//@components.0/@packages.0/@types.10"}}}}]}}],"attributes":[{"id":"a08f93e1-dddb-42d7-94b1-b0f5d43487a0","eClass":"papaya:Attribute","data":{"name":"id","type":{"id":"e9696d02-fe93-418d-bcff-2f92cb0b93a9","eClass":"papaya:GenericType","data":{"rawType":"papaya:Class efe8ed63-a04b-4469-a6aa-4c0d3e26ac8a#//@components.0/@packages.0/@types.10"}},"visibility":"PRIVATE"}},{"id":"bb9a043f-166c-492f-8df4-f965e6abfb24","eClass":"papaya:Attribute","data":{"name":"label","type":{"id":"a1322089-481f-4f73-93d0-a817b8a1f7d3","eClass":"papaya:GenericType","data":{"rawType":"papaya:Class efe8ed63-a04b-4469-a6aa-4c0d3e26ac8a#//@components.0/@packages.0/@types.10"}},"visibility":"PRIVATE"}},{"id":"41c58a71-efbf-4cbc-aa31-6d46d0fb2d12","eClass":"papaya:Attribute","data":{"name":"canCreatePredicate","type":{"id":"075256b7-e6b1-47f4-86f4-02622239f539","eClass":"papaya:GenericType","data":{"rawType":"papaya:Interface efe8ed63-a04b-4469-a6aa-4c0d3e26ac8a#//@components.0/@packages.4/@packages.1/@types.4","typeArguments":[{"id":"2ecd644a-eee6-41ab-bbe6-100b4dd631ff","eClass":"papaya:GenericType","data":{"rawType":"papaya:Class 5ae54267-d150-415f-8cca-6429a3a3bb82#//@components.5/@packages.0/@types.17"}}]}},"visibility":"PRIVATE"}},{"id":"b7dac19a-eb60-479c-b2db-9126849e30c9","eClass":"papaya:Attribute","data":{"name":"targetObjectIdProvider","type":{"id":"0d3aa511-2a49-4d1a-a7d3-154b09903ff0","eClass":"papaya:GenericType","data":{"rawType":"papaya:Interface efe8ed63-a04b-4469-a6aa-4c0d3e26ac8a#//@components.0/@packages.4/@packages.1/@types.0","typeArguments":[{"id":"84f2c8d5-885d-44d5-8c7a-174870ac4a13","eClass":"papaya:GenericType","data":{"rawType":"papaya:Class 5ae54267-d150-415f-8cca-6429a3a3bb82#//@components.5/@packages.0/@types.17"}},{"id":"1f1ff0f5-a4c7-4693-b1de-ca764ecdde4a","eClass":"papaya:GenericType","data":{"rawType":"papaya:Class efe8ed63-a04b-4469-a6aa-4c0d3e26ac8a#//@components.0/@packages.0/@types.10"}}]}},"visibility":"PRIVATE"}},{"id":"9a5a3ed8-df29-4775-9079-a9199b23f9ec","eClass":"papaya:Attribute","data":{"name":"diagnosticsProvider","type":{"id":"f6fb9f0a-79fd-47b4-bb5b-54467718b36e","eClass":"papaya:GenericType","data":{"rawType":"papaya:Interface efe8ed63-a04b-4469-a6aa-4c0d3e26ac8a#//@components.0/@packages.4/@packages.1/@types.0","typeArguments":[{"id":"bb64fb2a-d98d-4389-addc-737dc947ee06","eClass":"papaya:GenericType","data":{"rawType":"papaya:Class 5ae54267-d150-415f-8cca-6429a3a3bb82#//@components.5/@packages.0/@types.17"}},{"id":"849e277e-81d0-46f7-a69d-dd9ea7fb5787","eClass":"papaya:GenericType","data":{"rawType":"papaya:Interface efe8ed63-a04b-4469-a6aa-4c0d3e26ac8a#//@components.0/@packages.4/@types.2","typeArguments":[{"id":"20b156c9-613d-48dd-94e4-ad3589fc93d6","eClass":"papaya:GenericType"}]}}]}},"visibility":"PRIVATE"}},{"id":"b92336a4-a63b-49c0-800b-dc53241b42c8","eClass":"papaya:Attribute","data":{"name":"kindProvider","type":{"id":"3d681a09-c08d-449b-9111-ef57fb53dc78","eClass":"papaya:GenericType","data":{"rawType":"papaya:Interface efe8ed63-a04b-4469-a6aa-4c0d3e26ac8a#//@components.0/@packages.4/@packages.1/@types.0","typeArguments":[{"id":"4cd922c5-674e-4614-acf3-86cb816bf574","eClass":"papaya:GenericType","data":{"rawType":"papaya:Class efe8ed63-a04b-4469-a6aa-4c0d3e26ac8a#//@components.0/@packages.0/@types.9"}},{"id":"d73421e8-dfbb-404e-8d20-4f8563fd1ea8","eClass":"papaya:GenericType","data":{"rawType":"papaya:Class efe8ed63-a04b-4469-a6aa-4c0d3e26ac8a#//@components.0/@packages.0/@types.10"}}]}},"visibility":"PRIVATE"}},{"id":"16f1e4ee-617c-4a7d-9ed1-bbe435d89b39","eClass":"papaya:Attribute","data":{"name":"messageProvider","type":{"id":"93b0cfa6-edc9-43be-a6a4-c5162c1c85a5","eClass":"papaya:GenericType","data":{"rawType":"papaya:Interface efe8ed63-a04b-4469-a6aa-4c0d3e26ac8a#//@components.0/@packages.4/@packages.1/@types.0","typeArguments":[{"id":"ebc195ef-d494-4744-8524-7a19b8d74af2","eClass":"papaya:GenericType","data":{"rawType":"papaya:Class efe8ed63-a04b-4469-a6aa-4c0d3e26ac8a#//@components.0/@packages.0/@types.9"}},{"id":"52a5cb3b-1cac-4bd5-9117-4181ea8b36d7","eClass":"papaya:GenericType","data":{"rawType":"papaya:Class efe8ed63-a04b-4469-a6aa-4c0d3e26ac8a#//@components.0/@packages.0/@types.10"}}]}},"visibility":"PRIVATE"}}],"operations":[{"id":"14bd13b0-7790-4f22-a68a-fbd4dc3916c0","eClass":"papaya:Operation","data":{"name":"build","type":{"id":"04b4b069-2a50-48cd-b8d0-fbbab6cc8b42","eClass":"papaya:GenericType","data":{"rawType":"//@components.0/@packages.0/@packages.1/@types.0"}}}},{"id":"b938c1b8-d253-42f7-a5ff-994e0472c67f","eClass":"papaya:Operation","data":{"name":"label","type":{"id":"59a0de4d-1eb3-4125-b6d4-fbc5d531b360","eClass":"papaya:GenericType","data":{"rawType":"//@components.0/@packages.0/@packages.1/@types.0/@types.0"}},"parameters":[{"id":"3ded3f69-3a7a-43d0-991f-7492044ad2b3","eClass":"papaya:Parameter","data":{"name":"label","type":{"id":"45ef1d3e-f809-46e5-87be-79e4421a77a6","eClass":"papaya:GenericType","data":{"rawType":"papaya:Class efe8ed63-a04b-4469-a6aa-4c0d3e26ac8a#//@components.0/@packages.0/@types.10"}}}}]}},{"id":"52c80a47-79e5-4959-92ad-d8d9ec038acb","eClass":"papaya:Operation","data":{"name":"targetObjectIdProvider","type":{"id":"587266d4-b3ea-4cb7-a04f-2a02c0646c0c","eClass":"papaya:GenericType","data":{"rawType":"//@components.0/@packages.0/@packages.1/@types.0/@types.0"}},"parameters":[{"id":"6c91cd19-0f2b-4118-9360-62e2d958bf58","eClass":"papaya:Parameter","data":{"name":"targetObjectIdProvider","type":{"id":"0ef8bb10-6e56-4681-b036-0e967a8ba323","eClass":"papaya:GenericType","data":{"rawType":"papaya:Interface efe8ed63-a04b-4469-a6aa-4c0d3e26ac8a#//@components.0/@packages.4/@packages.1/@types.0"}}}}]}},{"id":"818da145-0b54-43b1-bbd2-ad26ef03f5e5","eClass":"papaya:Operation","data":{"name":"diagnosticsProvider","type":{"id":"57bebb0f-ceb8-43d8-ab6b-ceb46acde8b3","eClass":"papaya:GenericType","data":{"rawType":"//@components.0/@packages.0/@packages.1/@types.0/@types.0"}},"parameters":[{"id":"6663eed3-88aa-4770-a767-8b1b9e2970ef","eClass":"papaya:Parameter","data":{"name":"diagnosticsProvider","type":{"id":"8a60032c-c362-440c-940d-09b297c5106e","eClass":"papaya:GenericType","data":{"rawType":"papaya:Interface efe8ed63-a04b-4469-a6aa-4c0d3e26ac8a#//@components.0/@packages.4/@packages.1/@types.0"}}}}]}},{"id":"ec4177a1-c2c8-476a-b4e1-182e651d81fc","eClass":"papaya:Operation","data":{"name":"kindProvider","type":{"id":"fa37acfe-45fa-4131-9dd1-400f416f2c2d","eClass":"papaya:GenericType","data":{"rawType":"//@components.0/@packages.0/@packages.1/@types.0/@types.0"}},"parameters":[{"id":"b3447777-823e-4c31-bd45-a839a424f4d6","eClass":"papaya:Parameter","data":{"name":"kindProvider","type":{"id":"df2d9fdb-746e-42d6-8ff3-8ca20577197c","eClass":"papaya:GenericType","data":{"rawType":"papaya:Interface efe8ed63-a04b-4469-a6aa-4c0d3e26ac8a#//@components.0/@packages.4/@packages.1/@types.0"}}}}]}},{"id":"acdaaf58-faa8-40cf-9ba3-eb6db76a6e97","eClass":"papaya:Operation","data":{"name":"messageProvider","type":{"id":"ab8447ba-3b7f-4b1d-aedc-155b2a776d91","eClass":"papaya:GenericType","data":{"rawType":"//@components.0/@packages.0/@packages.1/@types.0/@types.0"}},"parameters":[{"id":"c05bc73d-76dc-431c-9329-8e8255ef95fd","eClass":"papaya:Parameter","data":{"name":"messageProvider","type":{"id":"c2bc7afe-b8cb-4f34-a0dd-29bed1f6459b","eClass":"papaya:GenericType","data":{"rawType":"papaya:Interface efe8ed63-a04b-4469-a6aa-4c0d3e26ac8a#//@components.0/@packages.4/@packages.1/@types.0"}}}}]}},{"id":"6d34dff1-d613-45c1-bbae-3d4fb85ee969","eClass":"papaya:Operation","data":{"name":"canCreatePredicate","type":{"id":"60261349-64d3-46e8-a75f-683206f48116","eClass":"papaya:GenericType","data":{"rawType":"//@components.0/@packages.0/@packages.1/@types.0/@types.0"}},"parameters":[{"id":"48f18cad-1d2b-41d5-a793-a3c156c2e3b7","eClass":"papaya:Parameter","data":{"name":"canCreatePredicate","type":{"id":"68cfbdf8-2188-42fd-8acc-e2108796694a","eClass":"papaya:GenericType","data":{"rawType":"papaya:Interface efe8ed63-a04b-4469-a6aa-4c0d3e26ac8a#//@components.0/@packages.4/@packages.1/@types.4"}}}}]}}]}}],"implements":["papaya:Interface 5ae54267-d150-415f-8cca-6429a3a3bb82#//@components.5/@packages.0/@types.13"],"final":true,"extends":"papaya:Class efe8ed63-a04b-4469-a6aa-4c0d3e26ac8a#//@components.0/@packages.0/@types.9","constructors":[{"id":"7d10f6de-0ebb-4e5c-aed1-aab7acc5f4db","eClass":"papaya:Constructor","data":{"visibility":"PRIVATE"}}],"attributes":[{"id":"1066616a-07f6-4e76-a49d-ab0214f6ff0e","eClass":"papaya:Attribute","data":{"name":"id","type":{"id":"caa23060-81a3-490e-a8ff-ed8ccba838a2","eClass":"papaya:GenericType","data":{"rawType":"papaya:Class efe8ed63-a04b-4469-a6aa-4c0d3e26ac8a#//@components.0/@packages.0/@types.10"}},"visibility":"PRIVATE"}},{"id":"cc6952e6-a552-4019-b8c8-461e067107b0","eClass":"papaya:Attribute","data":{"name":"label","type":{"id":"f3fe858f-028e-40e6-b3a4-bb9ec596e27f","eClass":"papaya:GenericType","data":{"rawType":"papaya:Class efe8ed63-a04b-4469-a6aa-4c0d3e26ac8a#//@components.0/@packages.0/@types.10"}},"visibility":"PRIVATE"}},{"id":"38a1f767-586f-4e5e-be7d-42684308c288","eClass":"papaya:Attribute","data":{"name":"canCreatePredicate","type":{"id":"0f56dd36-a78f-4bc1-b311-7da70fea91b3","eClass":"papaya:GenericType","data":{"rawType":"papaya:Interface efe8ed63-a04b-4469-a6aa-4c0d3e26ac8a#//@components.0/@packages.4/@packages.1/@types.4","typeArguments":[{"id":"b60ab292-6705-4526-977f-aa9cc810581e","eClass":"papaya:GenericType","data":{"rawType":"papaya:Class 5ae54267-d150-415f-8cca-6429a3a3bb82#//@components.5/@packages.0/@types.17"}}]}},"visibility":"PRIVATE"}},{"id":"23e8a29c-d9f3-445b-90fd-a0e3a51fa832","eClass":"papaya:Attribute","data":{"name":"diagnosticsProvider","type":{"id":"9597d30f-bb1a-46d2-8891-2d604ce39a78","eClass":"papaya:GenericType","data":{"rawType":"papaya:Interface efe8ed63-a04b-4469-a6aa-4c0d3e26ac8a#//@components.0/@packages.4/@packages.1/@types.0","typeArguments":[{"id":"7a89c3c4-2bfb-4f78-a80d-c08f58a1ce9d","eClass":"papaya:GenericType","data":{"rawType":"papaya:Class 5ae54267-d150-415f-8cca-6429a3a3bb82#//@components.5/@packages.0/@types.17"}},{"id":"e7900c63-bbb6-4466-a2e8-aeb6aa73c4bc","eClass":"papaya:GenericType","data":{"rawType":"papaya:Interface efe8ed63-a04b-4469-a6aa-4c0d3e26ac8a#//@components.0/@packages.4/@types.2","typeArguments":[{"id":"f70142ab-afed-44f8-8846-3917157a569a","eClass":"papaya:GenericType"}]}}]}},"visibility":"PRIVATE"}},{"id":"39419ee6-d942-4624-8d8b-81e4f04214cd","eClass":"papaya:Attribute","data":{"name":"targetObjectIdProvider","type":{"id":"80b3e257-b5ab-4cd0-bc74-cb7413cb11a0","eClass":"papaya:GenericType","data":{"rawType":"papaya:Interface efe8ed63-a04b-4469-a6aa-4c0d3e26ac8a#//@components.0/@packages.4/@packages.1/@types.0","typeArguments":[{"id":"eecbd6a4-afcf-4a55-bf63-202e4354d5c9","eClass":"papaya:GenericType","data":{"rawType":"papaya:Class 5ae54267-d150-415f-8cca-6429a3a3bb82#//@components.5/@packages.0/@types.17"}},{"id":"a5b69282-df0b-4198-95da-e38006811ad0","eClass":"papaya:GenericType","data":{"rawType":"papaya:Class efe8ed63-a04b-4469-a6aa-4c0d3e26ac8a#//@components.0/@packages.0/@types.10"}}]}},"visibility":"PRIVATE"}},{"id":"0ea15a46-076a-4e23-a7b0-e19a89af688c","eClass":"papaya:Attribute","data":{"name":"kindProvider","type":{"id":"9b7924ba-2524-49c1-bfcd-ddb7b4c3ed6c","eClass":"papaya:GenericType","data":{"rawType":"papaya:Interface efe8ed63-a04b-4469-a6aa-4c0d3e26ac8a#//@components.0/@packages.4/@packages.1/@types.0","typeArguments":[{"id":"6ed69fbf-1515-4448-b939-d5804992f074","eClass":"papaya:GenericType","data":{"rawType":"papaya:Class efe8ed63-a04b-4469-a6aa-4c0d3e26ac8a#//@components.0/@packages.0/@types.9"}},{"id":"d39d13c8-6f66-45d8-8b0d-b5ee295c5103","eClass":"papaya:GenericType","data":{"rawType":"papaya:Class efe8ed63-a04b-4469-a6aa-4c0d3e26ac8a#//@components.0/@packages.0/@types.10"}}]}},"visibility":"PRIVATE"}},{"id":"8d22ac4a-dd7c-4295-9902-580a36ff6cbe","eClass":"papaya:Attribute","data":{"name":"messageProvider","type":{"id":"fb73c3c7-7995-40c8-a5a3-00a04b5c7339","eClass":"papaya:GenericType","data":{"rawType":"papaya:Interface efe8ed63-a04b-4469-a6aa-4c0d3e26ac8a#//@components.0/@packages.4/@packages.1/@types.0","typeArguments":[{"id":"7de139ef-47ff-451c-88d4-085ef810fc7d","eClass":"papaya:GenericType","data":{"rawType":"papaya:Class efe8ed63-a04b-4469-a6aa-4c0d3e26ac8a#//@components.0/@packages.0/@types.9"}},{"id":"0d2b41a2-92b7-4e23-9d4a-75425148a769","eClass":"papaya:GenericType","data":{"rawType":"papaya:Class efe8ed63-a04b-4469-a6aa-4c0d3e26ac8a#//@components.0/@packages.0/@types.10"}}]}},"visibility":"PRIVATE"}}],"operations":[{"id":"a14d2534-0dbe-4389-acd1-dd1bc2b86e7c","eClass":"papaya:Operation","data":{"name":"toString","type":{"id":"98e970ab-666e-4d2a-8906-5d82f763bfc0","eClass":"papaya:GenericType","data":{"rawType":"papaya:Class efe8ed63-a04b-4469-a6aa-4c0d3e26ac8a#//@components.0/@packages.0/@types.10"}}}},{"id":"c5e659e1-8e0c-43bd-9ce2-5eb340fce12f","eClass":"papaya:Operation","data":{"name":"getId","type":{"id":"adc36957-91fb-4a88-ad99-ed04968be715","eClass":"papaya:GenericType","data":{"rawType":"papaya:Class efe8ed63-a04b-4469-a6aa-4c0d3e26ac8a#//@components.0/@packages.0/@types.10"}}}},{"id":"ba09bb40-16a1-4d3e-97ab-b5dd047cc7fd","eClass":"papaya:Operation","data":{"name":"getTargetObjectIdProvider","type":{"id":"ef289f92-1f94-49a2-a23c-a7bcd07a87b2","eClass":"papaya:GenericType","data":{"rawType":"papaya:Interface efe8ed63-a04b-4469-a6aa-4c0d3e26ac8a#//@components.0/@packages.4/@packages.1/@types.0","typeArguments":[{"id":"5521d00f-06dc-4ff1-a579-25378981a83e","eClass":"papaya:GenericType","data":{"rawType":"papaya:Class 5ae54267-d150-415f-8cca-6429a3a3bb82#//@components.5/@packages.0/@types.17"}},{"id":"4503a95f-e3b6-4bbd-8af4-759d95a02be2","eClass":"papaya:GenericType","data":{"rawType":"papaya:Class efe8ed63-a04b-4469-a6aa-4c0d3e26ac8a#//@components.0/@packages.0/@types.10"}}]}}}},{"id":"ac53365a-5587-4120-8a2d-9da02f04070e","eClass":"papaya:Operation","data":{"name":"getKindProvider","type":{"id":"e9091478-12bf-44eb-80bd-8717d549cacb","eClass":"papaya:GenericType","data":{"rawType":"papaya:Interface efe8ed63-a04b-4469-a6aa-4c0d3e26ac8a#//@components.0/@packages.4/@packages.1/@types.0","typeArguments":[{"id":"dc3290d6-f417-4af6-a0bb-0dd579eff38f","eClass":"papaya:GenericType","data":{"rawType":"papaya:Class efe8ed63-a04b-4469-a6aa-4c0d3e26ac8a#//@components.0/@packages.0/@types.9"}},{"id":"33fb4b1e-f55f-42ac-9703-8fee0c5965e0","eClass":"papaya:GenericType","data":{"rawType":"papaya:Class efe8ed63-a04b-4469-a6aa-4c0d3e26ac8a#//@components.0/@packages.0/@types.10"}}]}}}},{"id":"3d68099b-5782-4eee-88aa-cc938f32f015","eClass":"papaya:Operation","data":{"name":"getMessageProvider","type":{"id":"bcd68e85-6602-4c0f-b1ed-35a4d54520e1","eClass":"papaya:GenericType","data":{"rawType":"papaya:Interface efe8ed63-a04b-4469-a6aa-4c0d3e26ac8a#//@components.0/@packages.4/@packages.1/@types.0","typeArguments":[{"id":"eede2fb6-8b85-4741-94f2-dec6134949ff","eClass":"papaya:GenericType","data":{"rawType":"papaya:Class efe8ed63-a04b-4469-a6aa-4c0d3e26ac8a#//@components.0/@packages.0/@types.9"}},{"id":"dff291e1-705a-44e9-8714-2ecb72737f30","eClass":"papaya:GenericType","data":{"rawType":"papaya:Class efe8ed63-a04b-4469-a6aa-4c0d3e26ac8a#//@components.0/@packages.0/@types.10"}}]}}}},{"id":"bfd0117d-7edd-4a50-80e7-3627dcff52db","eClass":"papaya:Operation","data":{"name":"getCanCreatePredicate","type":{"id":"60fa0510-7ccc-4fc1-9468-17c3eca9d0e6","eClass":"papaya:GenericType","data":{"rawType":"papaya:Interface efe8ed63-a04b-4469-a6aa-4c0d3e26ac8a#//@components.0/@packages.4/@packages.1/@types.4","typeArguments":[{"id":"ec78f7fc-5840-4a75-9172-c16a1e0aba42","eClass":"papaya:GenericType","data":{"rawType":"papaya:Class 5ae54267-d150-415f-8cca-6429a3a3bb82#//@components.5/@packages.0/@types.17"}}]}}}},{"id":"08d9f4a3-64a7-4754-b444-4b3531abfc8a","eClass":"papaya:Operation","data":{"name":"newValidationDescription","type":{"id":"8fce0596-aef2-4bb2-8181-3c68a64e1539","eClass":"papaya:GenericType","data":{"rawType":"//@components.0/@packages.0/@packages.1/@types.0/@types.0"}},"static":true,"parameters":[{"id":"7658786c-7485-4b55-94bd-e39ba8574b0f","eClass":"papaya:Parameter","data":{"name":"id","type":{"id":"dda92561-6f12-46c2-a105-30f05776d686","eClass":"papaya:GenericType","data":{"rawType":"papaya:Class efe8ed63-a04b-4469-a6aa-4c0d3e26ac8a#//@components.0/@packages.0/@types.10"}}}}]}},{"id":"eb2e040a-2361-4faf-b933-28e0add45f18","eClass":"papaya:Operation","data":{"name":"getDiagnosticsProvider","type":{"id":"339abe0d-0ce1-4bd3-8f97-8b628e05a68b","eClass":"papaya:GenericType","data":{"rawType":"papaya:Interface efe8ed63-a04b-4469-a6aa-4c0d3e26ac8a#//@components.0/@packages.4/@packages.1/@types.0","typeArguments":[{"id":"8289d960-5830-4395-8e4e-0a253d5f9be3","eClass":"papaya:GenericType","data":{"rawType":"papaya:Class 5ae54267-d150-415f-8cca-6429a3a3bb82#//@components.5/@packages.0/@types.17"}},{"id":"445bda26-b7d2-4cd0-8c65-ca6ac810d75b","eClass":"papaya:GenericType","data":{"rawType":"papaya:Interface efe8ed63-a04b-4469-a6aa-4c0d3e26ac8a#//@components.0/@packages.4/@types.2","typeArguments":[{"id":"99b08ee3-8835-436f-9e37-52ba9dbd4f01","eClass":"papaya:GenericType"}]}}]}}}},{"id":"7ae2a47a-78b3-451a-8bb1-1879eb87685e","eClass":"papaya:Operation","data":{"name":"getLabel","type":{"id":"6b80031f-f665-407f-86a9-fd3d14490c65","eClass":"papaya:GenericType","data":{"rawType":"papaya:Class efe8ed63-a04b-4469-a6aa-4c0d3e26ac8a#//@components.0/@packages.0/@types.10"}}}}]}}]}},{"id":"967a713c-121e-4af3-b069-e020110dd84b","eClass":"papaya:Package","data":{"name":"elements","types":[{"id":"acab2fe9-126d-4a49-ae18-8c98ac040cad","eClass":"papaya:Class","data":{"name":"DiagnosticElementProps","types":[{"id":"a78bed13-d60d-4e56-9703-09f7c828c2f1","eClass":"papaya:Class","data":{"name":"Builder","final":true,"static":true,"extends":"papaya:Class efe8ed63-a04b-4469-a6aa-4c0d3e26ac8a#//@components.0/@packages.0/@types.9","constructors":[{"id":"a0c117d0-1580-466c-8270-c0594c388d1b","eClass":"papaya:Constructor","data":{"parameters":[{"id":"2523e9d6-bd2b-495b-9557-bbaba77af1df","eClass":"papaya:Parameter","data":{"name":"id","type":{"id":"b0b1b2cb-e228-4994-890e-fe4cf01190c1","eClass":"papaya:GenericType","data":{"rawType":"papaya:Class efe8ed63-a04b-4469-a6aa-4c0d3e26ac8a#//@components.0/@packages.4/@types.0"}}}}],"visibility":"PRIVATE"}}],"attributes":[{"id":"7acbdfec-302f-4663-b77d-7eda7d8ea8d0","eClass":"papaya:Attribute","data":{"name":"id","type":{"id":"bdf9bb17-055d-4bfe-9c86-4d3ca2b71c53","eClass":"papaya:GenericType","data":{"rawType":"papaya:Class efe8ed63-a04b-4469-a6aa-4c0d3e26ac8a#//@components.0/@packages.4/@types.0"}},"visibility":"PRIVATE"}},{"id":"ee10a9b7-b3dd-41f8-9e2d-25e39f754ee9","eClass":"papaya:Attribute","data":{"name":"kind","type":{"id":"44d450f2-9745-4b7c-8005-390de9501765","eClass":"papaya:GenericType","data":{"rawType":"papaya:Class efe8ed63-a04b-4469-a6aa-4c0d3e26ac8a#//@components.0/@packages.0/@types.10"}},"visibility":"PRIVATE"}},{"id":"6d398197-29a7-4990-97ce-7ef4b9bc1fd8","eClass":"papaya:Attribute","data":{"name":"message","type":{"id":"64e3c206-9488-4a79-bd28-4b882bd6acee","eClass":"papaya:GenericType","data":{"rawType":"papaya:Class efe8ed63-a04b-4469-a6aa-4c0d3e26ac8a#//@components.0/@packages.0/@types.10"}},"visibility":"PRIVATE"}}],"operations":[{"id":"2964aeee-0529-4387-9d4f-61e8995d2dcd","eClass":"papaya:Operation","data":{"name":"message","type":{"id":"5e6710c4-8e33-40bc-922e-4f0dbb299827","eClass":"papaya:GenericType","data":{"rawType":"//@components.0/@packages.0/@packages.2/@types.0/@types.0"}},"parameters":[{"id":"2ad178f2-f699-4229-8991-16c240d59136","eClass":"papaya:Parameter","data":{"name":"message","type":{"id":"3a7c9a7e-0035-401c-8822-cbdcdd12b135","eClass":"papaya:GenericType","data":{"rawType":"papaya:Class efe8ed63-a04b-4469-a6aa-4c0d3e26ac8a#//@components.0/@packages.0/@types.10"}}}}]}},{"id":"398458bb-8202-40da-8d99-d9266730df27","eClass":"papaya:Operation","data":{"name":"kind","type":{"id":"75867e83-1849-4b8d-a4c4-b86ef8a48dbe","eClass":"papaya:GenericType","data":{"rawType":"//@components.0/@packages.0/@packages.2/@types.0/@types.0"}},"parameters":[{"id":"a32603dc-9b1c-4daf-b070-c783fcac2a57","eClass":"papaya:Parameter","data":{"name":"kind","type":{"id":"03c76384-b63b-4661-9fe5-4eb35b1b3579","eClass":"papaya:GenericType","data":{"rawType":"papaya:Class efe8ed63-a04b-4469-a6aa-4c0d3e26ac8a#//@components.0/@packages.0/@types.10"}}}}]}},{"id":"3da7a119-7166-4b42-900a-3a036141d777","eClass":"papaya:Operation","data":{"name":"build","type":{"id":"c4a4e6e7-2c26-4ee9-b3c7-d1357c88512b","eClass":"papaya:GenericType","data":{"rawType":"//@components.0/@packages.0/@packages.2/@types.0"}}}}]}}],"implements":["papaya:Interface 5ae54267-d150-415f-8cca-6429a3a3bb82#//@components.5/@packages.0/@types.11"],"final":true,"extends":"papaya:Class efe8ed63-a04b-4469-a6aa-4c0d3e26ac8a#//@components.0/@packages.0/@types.9","constructors":[{"id":"bf207c4b-9a39-493d-99c0-49a574f0e249","eClass":"papaya:Constructor","data":{"visibility":"PRIVATE"}}],"attributes":[{"id":"a9ed9a56-e647-4d8d-913a-fd75c457e79d","eClass":"papaya:Attribute","data":{"name":"TYPE","type":{"id":"84d822a3-0854-4c3f-a9c8-8fb5243e9d25","eClass":"papaya:GenericType","data":{"rawType":"papaya:Class efe8ed63-a04b-4469-a6aa-4c0d3e26ac8a#//@components.0/@packages.0/@types.10"}},"final":true,"static":true}},{"id":"7945f4f7-d441-4cde-8aee-efbcbbdac70b","eClass":"papaya:Attribute","data":{"name":"id","type":{"id":"d56f91f5-aedc-4528-bdf7-e7e16b71b4de","eClass":"papaya:GenericType","data":{"rawType":"papaya:Class efe8ed63-a04b-4469-a6aa-4c0d3e26ac8a#//@components.0/@packages.4/@types.0"}},"visibility":"PRIVATE"}},{"id":"dfd7d0fc-e4c5-4b6d-bfac-3ab54c4ad185","eClass":"papaya:Attribute","data":{"name":"kind","type":{"id":"cb6e6808-7137-47c1-a0f5-b09d9d4acc3b","eClass":"papaya:GenericType","data":{"rawType":"papaya:Class efe8ed63-a04b-4469-a6aa-4c0d3e26ac8a#//@components.0/@packages.0/@types.10"}},"visibility":"PRIVATE"}},{"id":"f913bea8-e336-43f9-8e89-ce465ab5b46f","eClass":"papaya:Attribute","data":{"name":"message","type":{"id":"ea9d97bc-b459-4c27-832c-7e9784694807","eClass":"papaya:GenericType","data":{"rawType":"papaya:Class efe8ed63-a04b-4469-a6aa-4c0d3e26ac8a#//@components.0/@packages.0/@types.10"}},"visibility":"PRIVATE"}}],"operations":[{"id":"f3c5f9d1-df59-4c17-8edf-608d124cf266","eClass":"papaya:Operation","data":{"name":"toString","type":{"id":"6d37c895-ac16-4634-931d-8a71e049c575","eClass":"papaya:GenericType","data":{"rawType":"papaya:Class efe8ed63-a04b-4469-a6aa-4c0d3e26ac8a#//@components.0/@packages.0/@types.10"}}}},{"id":"018def9f-57e2-4bf8-8c64-0e86e75234ee","eClass":"papaya:Operation","data":{"name":"getMessage","type":{"id":"8a4443c7-c1b4-48b1-9764-5cf22e392a33","eClass":"papaya:GenericType","data":{"rawType":"papaya:Class efe8ed63-a04b-4469-a6aa-4c0d3e26ac8a#//@components.0/@packages.0/@types.10"}}}},{"id":"0b95292a-c540-4d86-befa-de20ae0ee30e","eClass":"papaya:Operation","data":{"name":"getId","type":{"id":"60250001-37f2-437f-9b1c-f8ded8fc3a39","eClass":"papaya:GenericType","data":{"rawType":"papaya:Class efe8ed63-a04b-4469-a6aa-4c0d3e26ac8a#//@components.0/@packages.4/@types.0"}}}},{"id":"d2d31e7a-5a72-4b5d-b66b-809c8584b87a","eClass":"papaya:Operation","data":{"name":"newDiagnosticElementProps","type":{"id":"1f2f881d-4638-4a5f-a651-350e3882ac9a","eClass":"papaya:GenericType","data":{"rawType":"//@components.0/@packages.0/@packages.2/@types.0/@types.0"}},"static":true,"parameters":[{"id":"b64f5b2b-bb78-4e5b-9e60-eeb13757a0fd","eClass":"papaya:Parameter","data":{"name":"id","type":{"id":"5c452edd-cf98-4c4c-8cca-e13171d2494d","eClass":"papaya:GenericType","data":{"rawType":"papaya:Class efe8ed63-a04b-4469-a6aa-4c0d3e26ac8a#//@components.0/@packages.4/@types.0"}}}}]}},{"id":"898f81cf-9088-4a8e-8c9b-d5f975f1947f","eClass":"papaya:Operation","data":{"name":"getKind","type":{"id":"32f30894-f442-4ffe-8eb2-b0339431662d","eClass":"papaya:GenericType","data":{"rawType":"papaya:Class efe8ed63-a04b-4469-a6aa-4c0d3e26ac8a#//@components.0/@packages.0/@types.10"}}}}]}},{"id":"2b184f4b-7505-40f2-b01f-ebe3cbe436da","eClass":"papaya:Class","data":{"name":"ValidationElementProps","types":[{"id":"03008ec5-50ab-458c-b647-9e9af79f33a9","eClass":"papaya:Class","data":{"name":"Builder","final":true,"static":true,"extends":"papaya:Class efe8ed63-a04b-4469-a6aa-4c0d3e26ac8a#//@components.0/@packages.0/@types.9","constructors":[{"id":"fb108278-eedb-4cb2-916d-38d8d3e551b8","eClass":"papaya:Constructor","data":{"parameters":[{"id":"6c105759-bf72-445b-8bf1-9c0c25b80483","eClass":"papaya:Parameter","data":{"name":"id","type":{"id":"0c99ebb2-6d48-4f2b-badd-33cd5cb8331d","eClass":"papaya:GenericType","data":{"rawType":"papaya:Class efe8ed63-a04b-4469-a6aa-4c0d3e26ac8a#//@components.0/@packages.0/@types.10"}}}}],"visibility":"PRIVATE"}}],"attributes":[{"id":"cde498e4-abf6-4eb0-8322-327dd7fb77c4","eClass":"papaya:Attribute","data":{"name":"id","type":{"id":"8b9e38c7-9066-4a2a-b2a8-79215a5a5a2d","eClass":"papaya:GenericType","data":{"rawType":"papaya:Class efe8ed63-a04b-4469-a6aa-4c0d3e26ac8a#//@components.0/@packages.0/@types.10"}},"visibility":"PRIVATE"}},{"id":"96aa3135-3cbd-4274-aa27-c74e0e1c5268","eClass":"papaya:Attribute","data":{"name":"label","type":{"id":"046be375-835b-4abc-8683-3b7e236e5f6b","eClass":"papaya:GenericType","data":{"rawType":"papaya:Class efe8ed63-a04b-4469-a6aa-4c0d3e26ac8a#//@components.0/@packages.0/@types.10"}},"visibility":"PRIVATE"}},{"id":"7a576e14-4c65-4590-89b9-a569fd1208f2","eClass":"papaya:Attribute","data":{"name":"descriptionId","type":{"id":"ed3159de-af59-4cda-9476-afbebc3292d2","eClass":"papaya:GenericType","data":{"rawType":"papaya:Class efe8ed63-a04b-4469-a6aa-4c0d3e26ac8a#//@components.0/@packages.0/@types.10"}},"visibility":"PRIVATE"}},{"id":"3c47f899-7fcb-45e9-a94f-7e12a686a8bf","eClass":"papaya:Attribute","data":{"name":"targetObjectId","type":{"id":"ada172b0-2288-4234-9988-30357ae6c4fb","eClass":"papaya:GenericType","data":{"rawType":"papaya:Class efe8ed63-a04b-4469-a6aa-4c0d3e26ac8a#//@components.0/@packages.0/@types.10"}},"visibility":"PRIVATE"}},{"id":"aaea5d8e-654f-4528-8d2a-8f41d1d0109e","eClass":"papaya:Attribute","data":{"name":"children","type":{"id":"77486709-8a07-44cd-8261-4c89281c1cee","eClass":"papaya:GenericType","data":{"rawType":"papaya:Interface efe8ed63-a04b-4469-a6aa-4c0d3e26ac8a#//@components.0/@packages.4/@types.2","typeArguments":[{"id":"5e00feac-8ced-49e0-86ec-fa090fbb96c0","eClass":"papaya:GenericType","data":{"rawType":"papaya:Class 5ae54267-d150-415f-8cca-6429a3a3bb82#//@components.5/@packages.0/@types.1"}}]}},"visibility":"PRIVATE"}}],"operations":[{"id":"15116ebc-88d4-40e0-b661-938331787e6f","eClass":"papaya:Operation","data":{"name":"build","type":{"id":"5e8e30db-d626-4fee-b9d3-ab9cccbcef3c","eClass":"papaya:GenericType","data":{"rawType":"//@components.0/@packages.0/@packages.2/@types.1"}}}},{"id":"ea7d8497-c2a5-4f54-9312-2df9b4caef0e","eClass":"papaya:Operation","data":{"name":"label","type":{"id":"bdcc90c4-9bab-4066-a8cc-8c521d058e9c","eClass":"papaya:GenericType","data":{"rawType":"//@components.0/@packages.0/@packages.2/@types.1/@types.0"}},"parameters":[{"id":"b9753f4d-a5af-4b40-9807-ba5e96e7962e","eClass":"papaya:Parameter","data":{"name":"label","type":{"id":"e1547dda-33c6-48c5-926d-bc5ce1c48a25","eClass":"papaya:GenericType","data":{"rawType":"papaya:Class efe8ed63-a04b-4469-a6aa-4c0d3e26ac8a#//@components.0/@packages.0/@types.10"}}}}]}},{"id":"249045cc-fa6f-43c3-8a7e-b3281caf8c79","eClass":"papaya:Operation","data":{"name":"children","type":{"id":"d86f0d90-aad4-4a40-aa2a-2e52205d6452","eClass":"papaya:GenericType","data":{"rawType":"//@components.0/@packages.0/@packages.2/@types.1/@types.0"}},"parameters":[{"id":"461667e1-97ae-4f93-924b-707d896e333d","eClass":"papaya:Parameter","data":{"name":"children","type":{"id":"25b6af6a-4c51-40c7-aabe-a3270bc4781e","eClass":"papaya:GenericType","data":{"rawType":"papaya:Interface efe8ed63-a04b-4469-a6aa-4c0d3e26ac8a#//@components.0/@packages.4/@types.2"}}}}]}},{"id":"f2fcb546-8f83-4a39-bc48-7d417167e5b1","eClass":"papaya:Operation","data":{"name":"descriptionId","type":{"id":"2b2261fc-9f25-4ae6-a0a9-2bdbfcfa24da","eClass":"papaya:GenericType","data":{"rawType":"//@components.0/@packages.0/@packages.2/@types.1/@types.0"}},"parameters":[{"id":"79b65369-5a16-4508-9bea-48890527a259","eClass":"papaya:Parameter","data":{"name":"descriptionId","type":{"id":"2433a9f0-9ce8-4301-b67f-fb835121ed9a","eClass":"papaya:GenericType","data":{"rawType":"papaya:Class efe8ed63-a04b-4469-a6aa-4c0d3e26ac8a#//@components.0/@packages.0/@types.10"}}}}]}},{"id":"92d3d80c-067e-4263-9515-bf1bd61ec990","eClass":"papaya:Operation","data":{"name":"targetObjectId","type":{"id":"54f9bf42-668f-42da-b632-641b5fdc7c40","eClass":"papaya:GenericType","data":{"rawType":"//@components.0/@packages.0/@packages.2/@types.1/@types.0"}},"parameters":[{"id":"a0e56d71-3b0a-471e-9cea-6c6f756e9963","eClass":"papaya:Parameter","data":{"name":"targetObjectId","type":{"id":"2a25601b-ada5-497b-bafd-ad2aa4a40b22","eClass":"papaya:GenericType","data":{"rawType":"papaya:Class efe8ed63-a04b-4469-a6aa-4c0d3e26ac8a#//@components.0/@packages.0/@types.10"}}}}]}}]}}],"implements":["papaya:Interface 5ae54267-d150-415f-8cca-6429a3a3bb82#//@components.5/@packages.0/@types.11"],"final":true,"extends":"papaya:Class efe8ed63-a04b-4469-a6aa-4c0d3e26ac8a#//@components.0/@packages.0/@types.9","constructors":[{"id":"95172e15-469d-4c50-af23-788e21276862","eClass":"papaya:Constructor","data":{"visibility":"PRIVATE"}}],"attributes":[{"id":"87abf830-c5e4-4f68-a040-2bcdc65349a8","eClass":"papaya:Attribute","data":{"name":"TYPE","type":{"id":"b73ae080-cc37-4581-8f59-72f5b1bea831","eClass":"papaya:GenericType","data":{"rawType":"papaya:Class efe8ed63-a04b-4469-a6aa-4c0d3e26ac8a#//@components.0/@packages.0/@types.10"}},"final":true,"static":true}},{"id":"1d39602b-327c-4987-9fcd-049043fcb9d1","eClass":"papaya:Attribute","data":{"name":"id","type":{"id":"8a6a22d5-62f9-4ff1-9e3d-7b8bde9af64a","eClass":"papaya:GenericType","data":{"rawType":"papaya:Class efe8ed63-a04b-4469-a6aa-4c0d3e26ac8a#//@components.0/@packages.0/@types.10"}},"visibility":"PRIVATE"}},{"id":"2b80ae86-993f-49e6-94f6-0c9f57a1b4ea","eClass":"papaya:Attribute","data":{"name":"label","type":{"id":"f5632504-1af0-43b6-b678-0ffafe4fbc5c","eClass":"papaya:GenericType","data":{"rawType":"papaya:Class efe8ed63-a04b-4469-a6aa-4c0d3e26ac8a#//@components.0/@packages.0/@types.10"}},"visibility":"PRIVATE"}},{"id":"c84195d5-d270-41ff-8b18-009fb3540a3d","eClass":"papaya:Attribute","data":{"name":"descriptionId","type":{"id":"a8073902-1a35-4e08-ab79-7e481eced97f","eClass":"papaya:GenericType","data":{"rawType":"papaya:Class efe8ed63-a04b-4469-a6aa-4c0d3e26ac8a#//@components.0/@packages.0/@types.10"}},"visibility":"PRIVATE"}},{"id":"fb907f02-3b55-4b3d-b99e-487206103c2b","eClass":"papaya:Attribute","data":{"name":"targetObjectId","type":{"id":"594cf475-9253-4366-849d-7eb1fe9bf608","eClass":"papaya:GenericType","data":{"rawType":"papaya:Class efe8ed63-a04b-4469-a6aa-4c0d3e26ac8a#//@components.0/@packages.0/@types.10"}},"visibility":"PRIVATE"}},{"id":"490f87b1-b60e-45fd-99bf-b74c2f812697","eClass":"papaya:Attribute","data":{"name":"children","type":{"id":"dd9fa3c8-117f-4f49-8678-1feb2b490a4e","eClass":"papaya:GenericType","data":{"rawType":"papaya:Interface efe8ed63-a04b-4469-a6aa-4c0d3e26ac8a#//@components.0/@packages.4/@types.2","typeArguments":[{"id":"a6e6e64c-b8ee-4519-aa7e-13ff3c89cab6","eClass":"papaya:GenericType","data":{"rawType":"papaya:Class 5ae54267-d150-415f-8cca-6429a3a3bb82#//@components.5/@packages.0/@types.1"}}]}},"visibility":"PRIVATE"}}],"operations":[{"id":"88a77153-793b-4887-955c-928717d1d33b","eClass":"papaya:Operation","data":{"name":"toString","type":{"id":"0d38476d-2df4-49d8-a45e-7416ee4fd5f2","eClass":"papaya:GenericType","data":{"rawType":"papaya:Class efe8ed63-a04b-4469-a6aa-4c0d3e26ac8a#//@components.0/@packages.0/@types.10"}}}},{"id":"be1afccc-2b9e-4942-b726-3db54ca0840a","eClass":"papaya:Operation","data":{"name":"getId","type":{"id":"da2d6ff8-db99-48e8-9a6e-0de9acf775ef","eClass":"papaya:GenericType","data":{"rawType":"papaya:Class efe8ed63-a04b-4469-a6aa-4c0d3e26ac8a#//@components.0/@packages.0/@types.10"}}}},{"id":"f1e11d92-a1e7-4952-82f5-469c6ad7d8ae","eClass":"papaya:Operation","data":{"name":"getChildren","type":{"id":"44ff8e3e-fffa-49df-8436-b34e1db82be2","eClass":"papaya:GenericType","data":{"rawType":"papaya:Interface efe8ed63-a04b-4469-a6aa-4c0d3e26ac8a#//@components.0/@packages.4/@types.2","typeArguments":[{"id":"6af97b8b-2f21-48fa-89f2-973a2e890295","eClass":"papaya:GenericType","data":{"rawType":"papaya:Class 5ae54267-d150-415f-8cca-6429a3a3bb82#//@components.5/@packages.0/@types.1"}}]}}}},{"id":"6faa4247-6a1b-46b9-b8fe-3082539c19b3","eClass":"papaya:Operation","data":{"name":"newValidationElementProps","type":{"id":"052d6714-77ef-45f8-ac50-afed05d62e8e","eClass":"papaya:GenericType","data":{"rawType":"//@components.0/@packages.0/@packages.2/@types.1/@types.0"}},"static":true,"parameters":[{"id":"c2e3052a-3a0d-45ad-ad5a-a7da0d136297","eClass":"papaya:Parameter","data":{"name":"id","type":{"id":"b1ae6c25-1b0c-488a-8cc8-7fae18b7e30c","eClass":"papaya:GenericType","data":{"rawType":"papaya:Class efe8ed63-a04b-4469-a6aa-4c0d3e26ac8a#//@components.0/@packages.0/@types.10"}}}}]}},{"id":"28d86cdb-fcc0-408e-b40a-76de74f4228e","eClass":"papaya:Operation","data":{"name":"getTargetObjectId","type":{"id":"930df3df-8ab3-4f9f-b06d-b05ffcb9d21d","eClass":"papaya:GenericType","data":{"rawType":"papaya:Class efe8ed63-a04b-4469-a6aa-4c0d3e26ac8a#//@components.0/@packages.0/@types.10"}}}},{"id":"b128acf0-f102-4118-a560-e5663cbfc032","eClass":"papaya:Operation","data":{"name":"getDescriptionId","type":{"id":"175718fa-457b-4556-9923-9ac44c4428b9","eClass":"papaya:GenericType","data":{"rawType":"papaya:Class efe8ed63-a04b-4469-a6aa-4c0d3e26ac8a#//@components.0/@packages.0/@types.10"}}}},{"id":"d3abdf9e-3652-4128-9779-3d7cdcf3db46","eClass":"papaya:Operation","data":{"name":"getLabel","type":{"id":"7fa27908-a19f-441d-a4a1-85dbb205af90","eClass":"papaya:GenericType","data":{"rawType":"papaya:Class efe8ed63-a04b-4469-a6aa-4c0d3e26ac8a#//@components.0/@packages.0/@types.10"}}}}]}}]}},{"id":"2ed46a26-fafa-4e22-9ad1-7f5ff725b937","eClass":"papaya:Package","data":{"name":"render","types":[{"id":"f0204d27-22c7-40ac-9de8-dff32cb1b57f","eClass":"papaya:Class","data":{"name":"ValidationComponentPropsValidator","implements":["papaya:Interface 5ae54267-d150-415f-8cca-6429a3a3bb82#//@components.5/@packages.0/@types.7"],"extends":"papaya:Class efe8ed63-a04b-4469-a6aa-4c0d3e26ac8a#//@components.0/@packages.0/@types.9","constructors":[{"id":"81755119-8e87-4a7c-a14c-befdc006a566","eClass":"papaya:Constructor"}],"operations":[{"id":"df6f8626-3286-4048-bb80-562ded982339","eClass":"papaya:Operation","data":{"name":"validateComponentProps","type":{"id":"706ae0c6-6e06-4cd1-b1ad-3b7246127436","eClass":"papaya:GenericType","data":{"rawType":"papaya:Class efe8ed63-a04b-4469-a6aa-4c0d3e26ac8a#//@components.0/@packages.0/@types.9"}},"parameters":[{"id":"56170231-3597-4fbb-ab14-72b43d0839ca","eClass":"papaya:Parameter","data":{"name":"componentType","type":{"id":"195222ab-e591-457d-b168-0785208ecb8f","eClass":"papaya:GenericType","data":{"rawType":"papaya:Class efe8ed63-a04b-4469-a6aa-4c0d3e26ac8a#//@components.0/@packages.0/@types.9"}}}},{"id":"95e18854-b0b3-447e-9405-118ba51b7e4a","eClass":"papaya:Parameter","data":{"name":"props","type":{"id":"cb6b5cb9-25a3-4f0a-af01-3cf8112b6a0e","eClass":"papaya:GenericType","data":{"rawType":"papaya:Interface 5ae54267-d150-415f-8cca-6429a3a3bb82#//@components.5/@packages.0/@types.11"}}}}]}}]}},{"id":"cc0bdbae-b85d-4406-a106-915a5ae4e243","eClass":"papaya:Class","data":{"name":"ValidationElementFactory","implements":["papaya:Interface 5ae54267-d150-415f-8cca-6429a3a3bb82#//@components.5/@packages.0/@types.8"],"extends":"papaya:Class efe8ed63-a04b-4469-a6aa-4c0d3e26ac8a#//@components.0/@packages.0/@types.9","constructors":[{"id":"9a4e497e-f21b-42d5-b093-451ae7666e8a","eClass":"papaya:Constructor"}],"operations":[{"id":"9ba21eb3-6a24-4ed1-b499-312c9f057209","eClass":"papaya:Operation","data":{"name":"instantiateValidation","type":{"id":"f1f8a3cd-03a4-4084-8330-dd7ded09cf07","eClass":"papaya:GenericType","data":{"rawType":"//@components.0/@packages.0/@types.1"}},"visibility":"PRIVATE","parameters":[{"id":"ad11c397-47d3-4cc2-a4dc-11715f87a18e","eClass":"papaya:Parameter","data":{"name":"props","type":{"id":"3471c067-ea91-47b7-b580-3a47abf081df","eClass":"papaya:GenericType","data":{"rawType":"//@components.0/@packages.0/@packages.2/@types.1"}}}},{"id":"98990e81-c0a1-475f-8cd0-03f8d367876c","eClass":"papaya:Parameter","data":{"name":"children","type":{"id":"783fe4f6-1865-4198-8e32-9dd624dd0c81","eClass":"papaya:GenericType","data":{"rawType":"papaya:Interface efe8ed63-a04b-4469-a6aa-4c0d3e26ac8a#//@components.0/@packages.4/@types.2"}}}}]}},{"id":"42ddf54b-b582-48a6-9ed9-a880d0c4c342","eClass":"papaya:Operation","data":{"name":"instantiateDiagnostic","type":{"id":"5b76e656-e3a2-4b3e-b5a6-7429f13d02bd","eClass":"papaya:GenericType","data":{"rawType":"//@components.0/@packages.0/@types.0"}},"visibility":"PRIVATE","parameters":[{"id":"ee88a9a8-fcfd-461e-a4cf-66143e569473","eClass":"papaya:Parameter","data":{"name":"props","type":{"id":"8ed69a6d-e4bd-470c-949d-9525b37fde6d","eClass":"papaya:GenericType","data":{"rawType":"//@components.0/@packages.0/@packages.2/@types.0"}}}},{"id":"044e45aa-ed4a-41f7-8a38-aad961c1ccee","eClass":"papaya:Parameter","data":{"name":"children","type":{"id":"596859d5-b628-4842-9f74-3153a0731541","eClass":"papaya:GenericType","data":{"rawType":"papaya:Interface efe8ed63-a04b-4469-a6aa-4c0d3e26ac8a#//@components.0/@packages.4/@types.2"}}}}]}},{"id":"70a835c8-d8b5-4fb0-ae55-3fc8b4c13b0a","eClass":"papaya:Operation","data":{"name":"instantiateElement","type":{"id":"51d30377-6707-4042-9bd5-d6a112af27aa","eClass":"papaya:GenericType","data":{"rawType":"papaya:Class efe8ed63-a04b-4469-a6aa-4c0d3e26ac8a#//@components.0/@packages.0/@types.9"}},"parameters":[{"id":"fdc55645-0f18-4e4e-8895-794d59b5b6fd","eClass":"papaya:Parameter","data":{"name":"type","type":{"id":"a73b9650-263d-42a9-9254-f0b3a1d9d3e0","eClass":"papaya:GenericType","data":{"rawType":"papaya:Class efe8ed63-a04b-4469-a6aa-4c0d3e26ac8a#//@components.0/@packages.0/@types.10"}}}},{"id":"1980c8b1-30bd-4ef6-8fd6-427dfe72fd5c","eClass":"papaya:Parameter","data":{"name":"props","type":{"id":"b5d3d90e-245b-4da9-9b68-412018b5e13f","eClass":"papaya:GenericType","data":{"rawType":"papaya:Interface 5ae54267-d150-415f-8cca-6429a3a3bb82#//@components.5/@packages.0/@types.11"}}}},{"id":"fe057970-8ccc-4edf-936a-ef347dcb7fa0","eClass":"papaya:Parameter","data":{"name":"children","type":{"id":"d72b34a5-063b-4f2a-9dcb-78d88d4b73e7","eClass":"papaya:GenericType","data":{"rawType":"papaya:Interface efe8ed63-a04b-4469-a6aa-4c0d3e26ac8a#//@components.0/@packages.4/@types.2"}}}}]}}]}},{"id":"a26e44e7-a652-4c53-ae30-89e4af8ef8ae","eClass":"papaya:Class","data":{"name":"ValidationInstancePropsValidator","implements":["papaya:Interface 5ae54267-d150-415f-8cca-6429a3a3bb82#//@components.5/@packages.0/@types.9"],"extends":"papaya:Class efe8ed63-a04b-4469-a6aa-4c0d3e26ac8a#//@components.0/@packages.0/@types.9","constructors":[{"id":"1a67839e-172e-4e65-acea-cbacd36bfa02","eClass":"papaya:Constructor"}],"operations":[{"id":"78c2f66e-06c2-4dd4-8fa3-502d7847b261","eClass":"papaya:Operation","data":{"name":"validateInstanceProps","type":{"id":"c6068c09-3700-449d-b0fd-5a13953dd411","eClass":"papaya:GenericType","data":{"rawType":"papaya:Class efe8ed63-a04b-4469-a6aa-4c0d3e26ac8a#//@components.0/@packages.0/@types.9"}},"parameters":[{"id":"f8f49508-0ec7-4a05-a795-266c77ff2403","eClass":"papaya:Parameter","data":{"name":"type","type":{"id":"b514883d-b744-448d-844b-f6bc73779a00","eClass":"papaya:GenericType","data":{"rawType":"papaya:Class efe8ed63-a04b-4469-a6aa-4c0d3e26ac8a#//@components.0/@packages.0/@types.10"}}}},{"id":"c90d2fa7-b2c3-40df-bb9f-e9f91592e600","eClass":"papaya:Parameter","data":{"name":"props","type":{"id":"10f532a7-2e88-4365-b886-0ba94ff4be95","eClass":"papaya:GenericType","data":{"rawType":"papaya:Interface 5ae54267-d150-415f-8cca-6429a3a3bb82#//@components.5/@packages.0/@types.11"}}}}]}}]}},{"id":"7f846165-b3b3-42d2-97cb-5fa1871dbc5f","eClass":"papaya:Class","data":{"name":"ValidationRenderer","extends":"papaya:Class efe8ed63-a04b-4469-a6aa-4c0d3e26ac8a#//@components.0/@packages.0/@types.9","constructors":[{"id":"6f1b2aeb-7d0b-4fe6-bcfc-3bbb5fdb9b01","eClass":"papaya:Constructor"}],"attributes":[{"id":"affaa076-b759-42db-a9fb-fec780609975","eClass":"papaya:Attribute","data":{"name":"baseRenderer","type":{"id":"e0c249e7-8388-450f-9701-f3492844d6a5","eClass":"papaya:GenericType","data":{"rawType":"papaya:Class 5ae54267-d150-415f-8cca-6429a3a3bb82#//@components.5/@packages.0/@types.0"}},"visibility":"PRIVATE","final":true}}],"operations":[{"id":"2c1ba818-1af3-4133-9d4c-5faabfc72d3a","eClass":"papaya:Operation","data":{"name":"render","type":{"id":"0eec179a-a5eb-430a-bd15-6074b7c030fd","eClass":"papaya:GenericType","data":{"rawType":"//@components.0/@packages.0/@types.1"}},"parameters":[{"id":"22707dff-8426-44bd-9726-a4ef733dabb7","eClass":"papaya:Parameter","data":{"name":"element","type":{"id":"f2dca215-657f-476e-9ef4-a698d132b0d6","eClass":"papaya:GenericType","data":{"rawType":"papaya:Class 5ae54267-d150-415f-8cca-6429a3a3bb82#//@components.5/@packages.0/@types.1"}}}}]}}]}}]}}]}}]}},{"id":"582ff650-ea6c-4d1c-9b61-7546d166593e","eClass":"papaya:Component","data":{"name":"sirius-components-collaborative-validation","dependencies":["papaya:Component #//@components.0","papaya:Component 5ae54267-d150-415f-8cca-6429a3a3bb82#//@components.2"],"usedAsDependencyBy":["papaya:Component b1ad1ed8-7317-4e47-adec-9af603dade82#//@components.1","papaya:Component #//@components.2"],"packages":[{"id":"e3b020c3-f8d1-4432-bdec-79b8dddcc2a7","eClass":"papaya:Package","data":{"name":"org.eclipse.sirius.components.collaborative.validation","types":[{"id":"e6378a53-9b50-413c-be7b-179973322d8d","eClass":"papaya:Class","data":{"name":"ValidationContext","extends":"papaya:Class efe8ed63-a04b-4469-a6aa-4c0d3e26ac8a#//@components.0/@packages.0/@types.9","constructors":[{"id":"080b8670-824b-4159-93f2-f8aa21173f8e","eClass":"papaya:Constructor","data":{"parameters":[{"id":"514980df-82c7-4554-b904-819d63f6cdb5","eClass":"papaya:Parameter","data":{"name":"validation","type":{"id":"1ed8e27b-0344-4c31-ba1b-0d224fdcacdd","eClass":"papaya:GenericType","data":{"rawType":"//@components.0/@packages.0/@types.1"}}}}]}}],"attributes":[{"id":"efea329f-fc88-4d70-943e-ee9d52458634","eClass":"papaya:Attribute","data":{"name":"validation","type":{"id":"77a644a2-e125-491a-babb-a06910a0d943","eClass":"papaya:GenericType","data":{"rawType":"//@components.0/@packages.0/@types.1"}},"visibility":"PRIVATE"}}],"operations":[{"id":"28452345-e91e-4da1-9cd4-bfd9aea23c18","eClass":"papaya:Operation","data":{"name":"update","type":{"id":"ae1d2494-fb7a-4838-b594-a118fccfebf0","eClass":"papaya:GenericType","data":{"rawType":"papaya:Class efe8ed63-a04b-4469-a6aa-4c0d3e26ac8a#//@components.0/@packages.0/@types.9"}},"parameters":[{"id":"2a19c560-a127-4a2a-8490-248c561a30b9","eClass":"papaya:Parameter","data":{"name":"newValidation","type":{"id":"d8d5f579-7c82-4077-bf03-959ff15db775","eClass":"papaya:GenericType","data":{"rawType":"//@components.0/@packages.0/@types.1"}}}}]}},{"id":"9e6a46ba-0c37-457a-94d9-d42da3e3ae90","eClass":"papaya:Operation","data":{"name":"getValidation","type":{"id":"9444c928-3614-46c1-b05e-da528b17f49e","eClass":"papaya:GenericType","data":{"rawType":"//@components.0/@packages.0/@types.1"}}}}]}},{"id":"c9ad3d26-9f28-4db1-8335-a9d381de17af","eClass":"papaya:Class","data":{"name":"ValidationEventProcessor","implements":["//@components.1/@packages.0/@packages.0/@types.2"],"extends":"papaya:Class efe8ed63-a04b-4469-a6aa-4c0d3e26ac8a#//@components.0/@packages.0/@types.9","constructors":[{"id":"95565945-ec9a-4155-b81f-70a806865354","eClass":"papaya:Constructor","data":{"parameters":[{"id":"f6bd07ea-facd-4812-886c-e0bcbf273a11","eClass":"papaya:Parameter","data":{"name":"editingContext","type":{"id":"9df54326-38e0-4e60-99cf-4791f7507ca4","eClass":"papaya:GenericType","data":{"rawType":"papaya:Interface 5ae54267-d150-415f-8cca-6429a3a3bb82#//@components.3/@packages.0/@packages.0/@types.14"}}}},{"id":"bcb8d0c3-e141-4c45-91c3-2bd9485b612d","eClass":"papaya:Parameter","data":{"name":"validationDescription","type":{"id":"d2780c23-1b70-44c2-b823-e532f89c62da","eClass":"papaya:GenericType","data":{"rawType":"//@components.0/@packages.0/@packages.1/@types.0"}}}},{"id":"b248fd2b-300d-44b7-81bb-240b2d298947","eClass":"papaya:Parameter","data":{"name":"validationContext","type":{"id":"dac55636-52ea-4769-a446-be7572710d49","eClass":"papaya:GenericType","data":{"rawType":"//@components.1/@packages.0/@types.0"}}}},{"id":"5be03e80-1373-4d77-8910-dd24edc11e64","eClass":"papaya:Parameter","data":{"name":"validationEventHandlers","type":{"id":"f560c6d7-a113-4530-aac8-37c3403e40e7","eClass":"papaya:GenericType","data":{"rawType":"papaya:Interface efe8ed63-a04b-4469-a6aa-4c0d3e26ac8a#//@components.0/@packages.4/@types.2"}}}},{"id":"01cf2178-ef7c-40e9-aa8c-b664b632d0b4","eClass":"papaya:Parameter","data":{"name":"subscriptionManager","type":{"id":"a1ae61bf-e71e-48a7-8174-49a20137a91b","eClass":"papaya:GenericType","data":{"rawType":"papaya:Interface 5ae54267-d150-415f-8cca-6429a3a3bb82#//@components.2/@packages.0/@packages.0/@types.27"}}}},{"id":"2950c006-1f18-4a70-afcf-e09ca3eec6b6","eClass":"papaya:Parameter","data":{"name":"meterRegistry","type":{"id":"4c7d3b7b-91f0-46e8-8bb5-efeffad30bc9","eClass":"papaya:GenericType","data":{"rawType":"papaya:Class efe8ed63-a04b-4469-a6aa-4c0d3e26ac8a#//@components.0/@packages.0/@types.9"}}}},{"id":"d0dd26c5-498b-4fae-9d04-6e5c5e815b45","eClass":"papaya:Parameter","data":{"name":"representationRefreshPolicyRegistry","type":{"id":"3f64cc0e-8b24-42fc-8884-95a63b04c181","eClass":"papaya:GenericType","data":{"rawType":"papaya:Interface 5ae54267-d150-415f-8cca-6429a3a3bb82#//@components.2/@packages.0/@packages.0/@types.24"}}}}]}}],"attributes":[{"id":"da04e735-6fc0-4e55-938a-a3fe336ae872","eClass":"papaya:Attribute","data":{"name":"logger","type":{"id":"b00b5d64-cbfe-494d-b6dc-c636ede73c18","eClass":"papaya:GenericType","data":{"rawType":"papaya:Class efe8ed63-a04b-4469-a6aa-4c0d3e26ac8a#//@components.0/@packages.0/@types.9"}},"visibility":"PRIVATE","final":true}},{"id":"2497b1f8-b295-46f5-b334-47a0a94e394a","eClass":"papaya:Attribute","data":{"name":"editingContext","type":{"id":"2c21a477-5b5c-47c1-8162-55a6e82a1067","eClass":"papaya:GenericType","data":{"rawType":"papaya:Interface 5ae54267-d150-415f-8cca-6429a3a3bb82#//@components.3/@packages.0/@packages.0/@types.14"}},"visibility":"PRIVATE","final":true}},{"id":"d2cbdb54-5d1d-46dc-9d95-1b506b6a5c1c","eClass":"papaya:Attribute","data":{"name":"validationDescription","type":{"id":"34bf3a78-9218-43a3-97a8-50fb61296213","eClass":"papaya:GenericType","data":{"rawType":"//@components.0/@packages.0/@packages.1/@types.0"}},"visibility":"PRIVATE","final":true}},{"id":"33f9fb3c-827f-4819-bb02-d9e7acb4df7c","eClass":"papaya:Attribute","data":{"name":"validationContext","type":{"id":"afacce71-83a2-461c-ad75-11ad254a78a8","eClass":"papaya:GenericType","data":{"rawType":"//@components.1/@packages.0/@types.0"}},"visibility":"PRIVATE","final":true}},{"id":"d35a057e-cabc-4d40-86d5-0355db5b20a3","eClass":"papaya:Attribute","data":{"name":"validationEventHandlers","type":{"id":"e50cb11d-2285-4151-8712-2cb23429a5dd","eClass":"papaya:GenericType","data":{"rawType":"papaya:Interface efe8ed63-a04b-4469-a6aa-4c0d3e26ac8a#//@components.0/@packages.4/@types.2","typeArguments":[{"id":"8a0e76a7-874d-488f-9550-9a419a84a341","eClass":"papaya:GenericType","data":{"rawType":"//@components.1/@packages.0/@packages.0/@types.1"}}]}},"visibility":"PRIVATE","final":true}},{"id":"4a52d332-47c1-4469-b45b-1748fcdcf970","eClass":"papaya:Attribute","data":{"name":"subscriptionManager","type":{"id":"60a7d899-2cea-4a92-9a73-e4feff918ef9","eClass":"papaya:GenericType","data":{"rawType":"papaya:Interface 5ae54267-d150-415f-8cca-6429a3a3bb82#//@components.2/@packages.0/@packages.0/@types.27"}},"visibility":"PRIVATE","final":true}},{"id":"2242d0fe-6d26-499d-bbf7-5f5d69f9918f","eClass":"papaya:Attribute","data":{"name":"representationRefreshPolicyRegistry","type":{"id":"bcf83cfc-4b3d-42e0-ad80-21a0c4bf7f50","eClass":"papaya:GenericType","data":{"rawType":"papaya:Interface 5ae54267-d150-415f-8cca-6429a3a3bb82#//@components.2/@packages.0/@packages.0/@types.24"}},"visibility":"PRIVATE","final":true}},{"id":"49d4b083-b322-4851-bfd8-ee4de084abef","eClass":"papaya:Attribute","data":{"name":"sink","type":{"id":"e8e3dc43-9db9-47dd-a7f7-773c17aed294","eClass":"papaya:GenericType","data":{"rawType":"papaya:Interface 4b5276d8-8fa0-4396-8806-faa24b3db9a4#//@components.0/@packages.0/@packages.0/@packages.0/@types.2/@types.1","typeArguments":[{"id":"9b09d1bd-8188-4503-a000-013989b42592","eClass":"papaya:GenericType","data":{"rawType":"papaya:Interface 5ae54267-d150-415f-8cca-6429a3a3bb82#//@components.3/@packages.0/@packages.0/@types.30"}}]}},"visibility":"PRIVATE","final":true}},{"id":"21f8e33b-1a9f-472d-90bd-34ffff29b8e8","eClass":"papaya:Attribute","data":{"name":"timer","type":{"id":"9e68fbbc-79c3-4784-acca-284d842ddbdf","eClass":"papaya:GenericType","data":{"rawType":"papaya:Class efe8ed63-a04b-4469-a6aa-4c0d3e26ac8a#//@components.0/@packages.0/@types.9"}},"visibility":"PRIVATE","final":true}}],"operations":[{"id":"754cb829-eb4d-4960-8231-1c625b797395","eClass":"papaya:Operation","data":{"name":"handle","type":{"id":"12076ee3-823b-4248-b38b-6a4642b336a0","eClass":"papaya:GenericType","data":{"rawType":"papaya:Class efe8ed63-a04b-4469-a6aa-4c0d3e26ac8a#//@components.0/@packages.0/@types.9"}},"parameters":[{"id":"9e1361b1-a19d-4460-b03f-faef7150e59c","eClass":"papaya:Parameter","data":{"name":"payloadSink","type":{"id":"257cdb85-cc9d-45ee-902c-592c76df7d73","eClass":"papaya:GenericType","data":{"rawType":"papaya:Interface 4b5276d8-8fa0-4396-8806-faa24b3db9a4#//@components.0/@packages.0/@packages.0/@packages.0/@types.2/@types.2"}}}},{"id":"c3afc58a-298c-4964-8b88-46fa660cf3f3","eClass":"papaya:Parameter","data":{"name":"changeDescriptionSink","type":{"id":"8ee07642-3bec-42aa-b3c8-0ba26447d867","eClass":"papaya:GenericType","data":{"rawType":"papaya:Interface 4b5276d8-8fa0-4396-8806-faa24b3db9a4#//@components.0/@packages.0/@packages.0/@packages.0/@types.2/@types.1"}}}},{"id":"cadd73aa-788b-4354-b949-20ebb4d70924","eClass":"papaya:Parameter","data":{"name":"representationInput","type":{"id":"bb8d261b-4879-4aef-b685-266256bef9f8","eClass":"papaya:GenericType","data":{"rawType":"papaya:Interface 5ae54267-d150-415f-8cca-6429a3a3bb82#//@components.3/@packages.0/@packages.0/@types.32"}}}}]}},{"id":"251eaca6-1e6d-423f-bf2f-1bd001e08c9b","eClass":"papaya:Operation","data":{"name":"dispose","type":{"id":"4516febe-b36b-4a85-a57f-ec2f58cf4612","eClass":"papaya:GenericType","data":{"rawType":"papaya:Class efe8ed63-a04b-4469-a6aa-4c0d3e26ac8a#//@components.0/@packages.0/@types.9"}}}},{"id":"890fdeea-bf8e-4772-8734-1108c4f45849","eClass":"papaya:Operation","data":{"name":"getSubscriptionManager","type":{"id":"cdc2c748-0305-4c31-be4e-4697eaa6c1cd","eClass":"papaya:GenericType","data":{"rawType":"papaya:Interface 5ae54267-d150-415f-8cca-6429a3a3bb82#//@components.2/@packages.0/@packages.0/@types.27"}}}},{"id":"e7f6a845-16c7-43d0-8448-052ffe540862","eClass":"papaya:Operation","data":{"name":"getDefaultRefreshPolicy","type":{"id":"13735733-8d14-4e73-ae1a-17f232adaaf1","eClass":"papaya:GenericType","data":{"rawType":"papaya:Interface 5ae54267-d150-415f-8cca-6429a3a3bb82#//@components.2/@packages.0/@packages.0/@types.22"}},"visibility":"PRIVATE"}},{"id":"7503bf5d-3703-4b3b-846b-36aa7177de93","eClass":"papaya:Operation","data":{"name":"refreshValidation","type":{"id":"048ba566-460c-42ec-912b-f9488cb82d71","eClass":"papaya:GenericType","data":{"rawType":"//@components.0/@packages.0/@types.1"}},"visibility":"PRIVATE"}},{"id":"a3ebfc2c-89f9-40d6-ba0b-c29b60c35590","eClass":"papaya:Operation","data":{"name":"getRepresentation","type":{"id":"9ffe0867-4978-4ca0-b355-576f480a7bfd","eClass":"papaya:GenericType","data":{"rawType":"papaya:Interface 5ae54267-d150-415f-8cca-6429a3a3bb82#//@components.5/@packages.0/@types.12"}}}},{"id":"f0f9ae5f-1a3f-4f8b-bcdb-4c32449e781b","eClass":"papaya:Operation","data":{"name":"shouldRefresh","type":{"id":"7675339d-f1ae-4794-8c79-ee6256eec4ef","eClass":"papaya:GenericType","data":{"rawType":"papaya:Class efe8ed63-a04b-4469-a6aa-4c0d3e26ac8a#//@components.0/@packages.0/@types.9"}},"visibility":"PRIVATE","parameters":[{"id":"4946c1b0-9eaf-4b4e-ae2c-f33d748f9d61","eClass":"papaya:Parameter","data":{"name":"changeDescription","type":{"id":"82f3a0f4-8ba8-446d-9dbf-37100651ccc4","eClass":"papaya:GenericType","data":{"rawType":"papaya:Class 5ae54267-d150-415f-8cca-6429a3a3bb82#//@components.2/@packages.0/@packages.0/@types.0"}}}}]}},{"id":"9e5e731f-88e8-4a76-90f4-1438c89571e2","eClass":"papaya:Operation","data":{"name":"getOutputEvents","type":{"id":"6e7c8f27-de05-4aa7-a341-805dee2998f0","eClass":"papaya:GenericType","data":{"rawType":"papaya:Class 4b5276d8-8fa0-4396-8806-faa24b3db9a4#//@components.0/@packages.0/@packages.0/@packages.0/@types.0","typeArguments":[{"id":"e0c185d1-da0f-4dd2-b76b-192d2494fcab","eClass":"papaya:GenericType","data":{"rawType":"papaya:Interface 5ae54267-d150-415f-8cca-6429a3a3bb82#//@components.3/@packages.0/@packages.0/@types.30"}}]}},"parameters":[{"id":"3aefb885-95f6-47ab-b64b-30da4e71b0c6","eClass":"papaya:Parameter","data":{"name":"input","type":{"id":"2e5af861-9eab-4148-b8b1-5e81d242ade0","eClass":"papaya:GenericType","data":{"rawType":"papaya:Interface 5ae54267-d150-415f-8cca-6429a3a3bb82#//@components.3/@packages.0/@packages.0/@types.24"}}}}]}},{"id":"999022a1-b1c6-46fc-b870-3e351ed9112e","eClass":"papaya:Operation","data":{"name":"refresh","type":{"id":"61025b19-cbe9-4695-b97d-05d0398cb8d3","eClass":"papaya:GenericType","data":{"rawType":"papaya:Class efe8ed63-a04b-4469-a6aa-4c0d3e26ac8a#//@components.0/@packages.0/@types.9"}},"parameters":[{"id":"2fb52edf-d811-45ae-bdcf-5c0430f85b7a","eClass":"papaya:Parameter","data":{"name":"changeDescription","type":{"id":"74b4ef45-56c4-458b-9787-7b6842ea028c","eClass":"papaya:GenericType","data":{"rawType":"papaya:Class 5ae54267-d150-415f-8cca-6429a3a3bb82#//@components.2/@packages.0/@packages.0/@types.0"}}}}]}}]}},{"id":"a346389f-cf9b-4ef2-81ee-0e00c141cf4e","eClass":"papaya:Class","data":{"name":"ValidationEventProcessorFactory","implements":["papaya:Interface 5ae54267-d150-415f-8cca-6429a3a3bb82#//@components.2/@packages.0/@packages.0/@types.18"],"extends":"papaya:Class efe8ed63-a04b-4469-a6aa-4c0d3e26ac8a#//@components.0/@packages.0/@types.9","constructors":[{"id":"f77f922f-ef8d-49a5-b9fb-62aef225a6c2","eClass":"papaya:Constructor","data":{"parameters":[{"id":"690313b4-f72c-4a4c-a4bd-ed2b2f1e5ab8","eClass":"papaya:Parameter","data":{"name":"validationDescriptionProvider","type":{"id":"bd0be105-18f3-41f1-bc9f-9e696e1e6abd","eClass":"papaya:GenericType","data":{"rawType":"//@components.1/@packages.0/@packages.0/@types.0"}}}},{"id":"671bf3c2-7b07-4813-8438-dfd4c5a7c23b","eClass":"papaya:Parameter","data":{"name":"validationEventHandlers","type":{"id":"940061ad-3440-4b21-a504-1f5e1cf55e76","eClass":"papaya:GenericType","data":{"rawType":"papaya:Interface efe8ed63-a04b-4469-a6aa-4c0d3e26ac8a#//@components.0/@packages.4/@types.2"}}}},{"id":"03ee0a78-f766-410d-b974-70514ae2539f","eClass":"papaya:Parameter","data":{"name":"subscriptionManagerFactory","type":{"id":"d02a6073-68c6-4d61-8e63-85ed3ceb1640","eClass":"papaya:GenericType","data":{"rawType":"papaya:Interface 5ae54267-d150-415f-8cca-6429a3a3bb82#//@components.2/@packages.0/@packages.0/@types.28"}}}},{"id":"e77fa7b6-b35e-4d66-8f32-dbd8fc06f0b7","eClass":"papaya:Parameter","data":{"name":"representationRefreshPolicyRegistry","type":{"id":"723b99c5-b7b8-4d6e-a1a9-52b856cd23db","eClass":"papaya:GenericType","data":{"rawType":"papaya:Interface 5ae54267-d150-415f-8cca-6429a3a3bb82#//@components.2/@packages.0/@packages.0/@types.24"}}}}]}}],"attributes":[{"id":"0a74b0a6-cb45-4b73-b335-4df4abbdaec9","eClass":"papaya:Attribute","data":{"name":"validationDescriptionProvider","type":{"id":"5dde974e-9374-4d77-a454-006ab1d40d5a","eClass":"papaya:GenericType","data":{"rawType":"//@components.1/@packages.0/@packages.0/@types.0"}},"visibility":"PRIVATE","final":true}},{"id":"bfba5f0c-68c1-47a6-9024-fc94571a8702","eClass":"papaya:Attribute","data":{"name":"validationEventHandlers","type":{"id":"cd43e54d-9819-4bc4-ac00-48893843a229","eClass":"papaya:GenericType","data":{"rawType":"papaya:Interface efe8ed63-a04b-4469-a6aa-4c0d3e26ac8a#//@components.0/@packages.4/@types.2","typeArguments":[{"id":"9bc60038-7943-42aa-affd-fa3c1fcb9468","eClass":"papaya:GenericType","data":{"rawType":"//@components.1/@packages.0/@packages.0/@types.1"}}]}},"visibility":"PRIVATE","final":true}},{"id":"906182df-5394-4a8f-94c6-954a8c3dd374","eClass":"papaya:Attribute","data":{"name":"subscriptionManagerFactory","type":{"id":"25c02a4d-06cf-4ac4-96a3-ccf84c2a3a3f","eClass":"papaya:GenericType","data":{"rawType":"papaya:Interface 5ae54267-d150-415f-8cca-6429a3a3bb82#//@components.2/@packages.0/@packages.0/@types.28"}},"visibility":"PRIVATE","final":true}},{"id":"1b15fa7b-e990-4299-bd53-7f3d375798a2","eClass":"papaya:Attribute","data":{"name":"representationRefreshPolicyRegistry","type":{"id":"67da3b6f-ed65-463c-b989-281d5ea1e192","eClass":"papaya:GenericType","data":{"rawType":"papaya:Interface 5ae54267-d150-415f-8cca-6429a3a3bb82#//@components.2/@packages.0/@packages.0/@types.24"}},"visibility":"PRIVATE","final":true}}],"operations":[{"id":"9d468c8a-dba2-49e2-8899-d2df18b9cde2","eClass":"papaya:Operation","data":{"name":"createRepresentationEventProcessor","type":{"id":"a1713b31-cf96-4ac0-bfba-2bb198530f3b","eClass":"papaya:GenericType","data":{"rawType":"papaya:Class efe8ed63-a04b-4469-a6aa-4c0d3e26ac8a#//@components.0/@packages.4/@types.5","typeArguments":[{"id":"12ed25e0-6746-4ea6-8e4d-e4089f9ca3f6","eClass":"papaya:GenericType","data":{"rawType":"papaya:Interface 5ae54267-d150-415f-8cca-6429a3a3bb82#//@components.2/@packages.0/@packages.0/@types.16"}}]}},"parameters":[{"id":"bf7c3bea-449f-4afe-a6df-aa3b93c5a017","eClass":"papaya:Parameter","data":{"name":"configuration","type":{"id":"b27b4e1e-aab8-48b1-89e6-91f4749b916b","eClass":"papaya:GenericType","data":{"rawType":"papaya:Interface 5ae54267-d150-415f-8cca-6429a3a3bb82#//@components.2/@packages.0/@packages.0/@types.13"}}}},{"id":"af26cf4a-b110-4f2d-a9c8-4f56f02e0a44","eClass":"papaya:Parameter","data":{"name":"editingContext","type":{"id":"e2569111-a37d-4c3c-8246-f61a4ab446ff","eClass":"papaya:GenericType","data":{"rawType":"papaya:Interface 5ae54267-d150-415f-8cca-6429a3a3bb82#//@components.3/@packages.0/@packages.0/@types.14"}}}}]}},{"id":"a73197ff-d1d2-4afc-99ad-49eabd62a4e9","eClass":"papaya:Operation","data":{"name":"canHandle","type":{"id":"d7fc35ae-a3dc-4881-a8c6-a4a0bb6b95fa","eClass":"papaya:GenericType","data":{"rawType":"papaya:Class efe8ed63-a04b-4469-a6aa-4c0d3e26ac8a#//@components.0/@packages.0/@types.9"}},"parameters":[{"id":"b9295284-3c00-41a8-9dbc-1c1188648519","eClass":"papaya:Parameter","data":{"name":"configuration","type":{"id":"d2c81e45-c0cb-4007-8d69-26aa1c3b783f","eClass":"papaya:GenericType","data":{"rawType":"papaya:Interface 5ae54267-d150-415f-8cca-6429a3a3bb82#//@components.2/@packages.0/@packages.0/@types.13"}}}}]}}]}}],"packages":[{"id":"b7e9c46a-f2dc-4074-b335-8a2bb403c28f","eClass":"papaya:Package","data":{"name":"api","types":[{"id":"9506fac6-c03e-4b6c-af6f-75da9cdfac6d","eClass":"papaya:Interface","data":{"name":"IValidationDescriptionProvider","implementedBy":["papaya:Class b1ad1ed8-7317-4e47-adec-9af603dade82#//@components.1/@packages.0/@packages.14/@packages.4/@packages.0/@types.0"],"operations":[{"id":"1e57088e-352d-4be9-b8c5-e9130a7ed121","eClass":"papaya:Operation","data":{"name":"getDescription","type":{"id":"52d6625c-8c33-486d-9eb8-300df9daa053","eClass":"papaya:GenericType","data":{"rawType":"//@components.0/@packages.0/@packages.1/@types.0"}}}}]}},{"id":"832ec6ac-389b-4143-9095-d4820692c60b","eClass":"papaya:Interface","data":{"name":"IValidationEventHandler","operations":[{"id":"779fa82e-7581-4fe7-be6d-96d9287022f2","eClass":"papaya:Operation","data":{"name":"handle","type":{"id":"dd8bfbf4-a33a-4996-8db0-7828e37695ee","eClass":"papaya:GenericType","data":{"rawType":"papaya:Class efe8ed63-a04b-4469-a6aa-4c0d3e26ac8a#//@components.0/@packages.0/@types.9"}},"parameters":[{"id":"22b94d02-49f2-465a-baff-dbb582a58598","eClass":"papaya:Parameter","data":{"name":"payloadSink","type":{"id":"f4e65d56-b07d-459b-8d6a-e46c332095f6","eClass":"papaya:GenericType","data":{"rawType":"papaya:Interface 4b5276d8-8fa0-4396-8806-faa24b3db9a4#//@components.0/@packages.0/@packages.0/@packages.0/@types.2/@types.2"}}}},{"id":"01283f8d-1519-4ab2-a261-76740a5201e7","eClass":"papaya:Parameter","data":{"name":"changeDescriptionSink","type":{"id":"c1fbf766-0505-4f08-a519-14a8c0ec34d5","eClass":"papaya:GenericType","data":{"rawType":"papaya:Interface 4b5276d8-8fa0-4396-8806-faa24b3db9a4#//@components.0/@packages.0/@packages.0/@packages.0/@types.2/@types.1"}}}},{"id":"6d51245c-e906-4415-b582-433309e96271","eClass":"papaya:Parameter","data":{"name":"validation","type":{"id":"c8fc218e-7506-47da-88fa-110947cc9e6b","eClass":"papaya:GenericType","data":{"rawType":"//@components.0/@packages.0/@types.1"}}}},{"id":"ca3c6fa1-bc6f-422b-ab4d-852c7c75fa79","eClass":"papaya:Parameter","data":{"name":"validationInput","type":{"id":"2716fac7-74f4-428e-a09a-3f7216102843","eClass":"papaya:GenericType","data":{"rawType":"//@components.1/@packages.0/@packages.0/@types.3"}}}}]}},{"id":"caf449cb-dfff-46e7-9a1c-53f8c27798c0","eClass":"papaya:Operation","data":{"name":"canHandle","type":{"id":"038d7ef8-738f-4289-ace6-47f35ca9523a","eClass":"papaya:GenericType","data":{"rawType":"papaya:Class efe8ed63-a04b-4469-a6aa-4c0d3e26ac8a#//@components.0/@packages.0/@types.9"}},"parameters":[{"id":"16298032-a1f3-4448-9e68-c8ab4f16e4b7","eClass":"papaya:Parameter","data":{"name":"validationInput","type":{"id":"6555a439-7827-495e-94d2-c646f88ea4ec","eClass":"papaya:GenericType","data":{"rawType":"//@components.1/@packages.0/@packages.0/@types.3"}}}}]}}]}},{"id":"94787f91-f858-425c-b64c-05a97e57ab2d","eClass":"papaya:Interface","data":{"name":"IValidationEventProcessor","types":[{"id":"36847f90-d84b-4f52-b992-caaa3afa988f","eClass":"papaya:Class","data":{"name":"NoOp","implements":["//@components.1/@packages.0/@packages.0/@types.2"],"static":true,"extends":"papaya:Class 5ae54267-d150-415f-8cca-6429a3a3bb82#//@components.2/@packages.0/@packages.0/@types.16/@types.0","constructors":[{"id":"02b05c26-1ea7-442a-aeb9-f1b835628535","eClass":"papaya:Constructor"}]}}],"extends":["papaya:Interface 5ae54267-d150-415f-8cca-6429a3a3bb82#//@components.2/@packages.0/@packages.0/@types.16"],"implementedBy":["//@components.1/@packages.0/@types.1","//@components.1/@packages.0/@packages.0/@types.2/@types.0"]}},{"id":"b2a13053-0c33-43b6-b461-6e66bd3ec7d8","eClass":"papaya:Interface","data":{"name":"IValidationInput","extends":["papaya:Interface 5ae54267-d150-415f-8cca-6429a3a3bb82#//@components.3/@packages.0/@packages.0/@types.32"]}},{"id":"13028843-cbf1-4ad3-a3a5-1fa1224d8b07","eClass":"papaya:Class","data":{"name":"ValidationConfiguration","implements":["papaya:Interface 5ae54267-d150-415f-8cca-6429a3a3bb82#//@components.2/@packages.0/@packages.0/@types.13"],"extends":"papaya:Class efe8ed63-a04b-4469-a6aa-4c0d3e26ac8a#//@components.0/@packages.0/@types.9","constructors":[{"id":"25603e79-0cd5-4787-bb50-9b388cefa051","eClass":"papaya:Constructor","data":{"parameters":[{"id":"4a7efbb0-3f98-41b6-b9e0-f3e9f24af6e2","eClass":"papaya:Parameter","data":{"name":"editingContextId","type":{"id":"daf690f9-6ee9-487b-9e31-8f7f65b089c8","eClass":"papaya:GenericType","data":{"rawType":"papaya:Class efe8ed63-a04b-4469-a6aa-4c0d3e26ac8a#//@components.0/@packages.0/@types.10"}}}}]}}],"attributes":[{"id":"05c141c2-b4a7-4dfe-8844-3eae8ca09ba0","eClass":"papaya:Attribute","data":{"name":"validationId","type":{"id":"437e4747-d467-48db-8e8a-bd0d1f5e0419","eClass":"papaya:GenericType","data":{"rawType":"papaya:Class efe8ed63-a04b-4469-a6aa-4c0d3e26ac8a#//@components.0/@packages.0/@types.10"}},"visibility":"PRIVATE","final":true}}],"operations":[{"id":"b2942821-c7bc-4984-ab4b-12175981a175","eClass":"papaya:Operation","data":{"name":"getId","type":{"id":"3a9a350d-6ed8-4076-a4c5-6a18547e1f86","eClass":"papaya:GenericType","data":{"rawType":"papaya:Class efe8ed63-a04b-4469-a6aa-4c0d3e26ac8a#//@components.0/@packages.0/@types.10"}}}}]}}]}},{"id":"d6115a6b-f5ca-4777-9b67-3b669f7f320a","eClass":"papaya:Package","data":{"name":"dto","types":[{"id":"a25ccefb-947b-4de8-8630-e151ed585f38","eClass":"papaya:Record","data":{"name":"ValidationEventInput","implements":["papaya:Interface 5ae54267-d150-415f-8cca-6429a3a3bb82#//@components.3/@packages.0/@packages.0/@types.24"],"components":[{"id":"60225fde-6fee-4641-a1d4-a4fa3b7cf0c0","eClass":"papaya:RecordComponent","data":{"name":"id","type":{"id":"fd4097e3-52fb-43e7-aae8-5ab914a4e70e","eClass":"papaya:GenericType","data":{"rawType":"papaya:Class efe8ed63-a04b-4469-a6aa-4c0d3e26ac8a#//@components.0/@packages.4/@types.0"}}}},{"id":"7679d294-5dfa-4fbe-a59d-45eb96cdda43","eClass":"papaya:RecordComponent","data":{"name":"editingContextId","type":{"id":"48a652a7-7966-49ad-8ebf-244611829cf4","eClass":"papaya:GenericType","data":{"rawType":"papaya:Class efe8ed63-a04b-4469-a6aa-4c0d3e26ac8a#//@components.0/@packages.0/@types.10"}}}}]}},{"id":"b7f2d403-49fc-45b7-9317-9c7427d9836d","eClass":"papaya:Record","data":{"name":"ValidationRefreshedEventPayload","implements":["papaya:Interface 5ae54267-d150-415f-8cca-6429a3a3bb82#//@components.3/@packages.0/@packages.0/@types.30"],"components":[{"id":"70b27d33-d30d-4448-b33d-77fa8e8c3f63","eClass":"papaya:RecordComponent","data":{"name":"id","type":{"id":"9f21ab5d-0848-4329-a17f-50b10232b4a1","eClass":"papaya:GenericType","data":{"rawType":"papaya:Class efe8ed63-a04b-4469-a6aa-4c0d3e26ac8a#//@components.0/@packages.4/@types.0"}}}},{"id":"40cbbadf-4dbe-4bc2-a4db-d71cf26fa3cf","eClass":"papaya:RecordComponent","data":{"name":"validation","type":{"id":"89c56dcf-f82f-4100-a0ae-beee83e3bbc5","eClass":"papaya:GenericType","data":{"rawType":"//@components.0/@packages.0/@types.1"}}}}]}}]}}]}}]}},{"id":"858c8395-81ba-4cd3-9dc6-29ccd7a2e4b6","eClass":"papaya:Component","data":{"name":"sirius-components-validation-graphql","dependencies":["papaya:Component 5ae54267-d150-415f-8cca-6429a3a3bb82#//@components.4","papaya:Component 5ae54267-d150-415f-8cca-6429a3a3bb82#//@components.1","papaya:Component #//@components.1"],"usedAsDependencyBy":["papaya:Component b1ad1ed8-7317-4e47-adec-9af603dade82#//@components.3"],"packages":[{"id":"0226257e-d8c1-4d85-95f1-4762b9d30b53","eClass":"papaya:Package","data":{"name":"org.eclipse.sirius.components.validation.graphql","packages":[{"id":"d7f0adea-3e18-49f0-9d46-6c604b11f380","eClass":"papaya:Package","data":{"name":"datafetchers","packages":[{"id":"71906216-3505-4452-adbe-99fd9887fb31","eClass":"papaya:Package","data":{"name":"subscription","types":[{"id":"e0ad1760-c8fa-47e5-a8ae-6c394cc26fc2","eClass":"papaya:Class","data":{"name":"SubscriptionValidationEventDataFetcher","implements":["papaya:Interface 5db84542-747f-481d-ae99-a0508e85e355#//@components.0/@packages.0/@packages.0/@types.1"],"extends":"papaya:Class efe8ed63-a04b-4469-a6aa-4c0d3e26ac8a#//@components.0/@packages.0/@types.9","constructors":[{"id":"a166a444-de4f-4de1-89d4-97a7626cfa91","eClass":"papaya:Constructor","data":{"parameters":[{"id":"e2add57f-c4c3-4f6f-bd41-f7308fd0f7f9","eClass":"papaya:Parameter","data":{"name":"objectMapper","type":{"id":"98e48149-795c-4d14-8b6e-cd54c45b695a","eClass":"papaya:GenericType","data":{"rawType":"papaya:Class efe8ed63-a04b-4469-a6aa-4c0d3e26ac8a#//@components.0/@packages.0/@types.9"}}}},{"id":"f9cd6518-3b59-4f1f-bd7b-8f43a2da92e9","eClass":"papaya:Parameter","data":{"name":"exceptionWrapper","type":{"id":"0f4e9138-f934-4a66-b888-fdfd9ab1e649","eClass":"papaya:GenericType","data":{"rawType":"papaya:Interface 5db84542-747f-481d-ae99-a0508e85e355#//@components.0/@packages.0/@packages.0/@types.4"}}}},{"id":"35746740-ef5b-4465-9cc9-5079703d18b0","eClass":"papaya:Parameter","data":{"name":"eventProcessorSubscriptionProvider","type":{"id":"033e0ccc-6aa0-48d0-b2e5-f58b58ea4f2c","eClass":"papaya:GenericType","data":{"rawType":"papaya:Interface 5db84542-747f-481d-ae99-a0508e85e355#//@components.0/@packages.0/@packages.0/@types.3"}}}}]}}],"attributes":[{"id":"3fc04f67-57de-4464-a108-404fa1c76ae9","eClass":"papaya:Attribute","data":{"name":"INPUT_ARGUMENT","type":{"id":"56e285cc-1931-4217-8740-54b134d0d13a","eClass":"papaya:GenericType","data":{"rawType":"papaya:Class efe8ed63-a04b-4469-a6aa-4c0d3e26ac8a#//@components.0/@packages.0/@types.10"}},"visibility":"PRIVATE","final":true,"static":true}},{"id":"0bedfaed-bee5-4591-b8e0-901785082580","eClass":"papaya:Attribute","data":{"name":"objectMapper","type":{"id":"62d55e9e-8295-4e11-a17b-69cc92348d3d","eClass":"papaya:GenericType","data":{"rawType":"papaya:Class efe8ed63-a04b-4469-a6aa-4c0d3e26ac8a#//@components.0/@packages.0/@types.9"}},"visibility":"PRIVATE","final":true}},{"id":"9f3556c7-7c11-4087-ac36-b994ba694abd","eClass":"papaya:Attribute","data":{"name":"exceptionWrapper","type":{"id":"991a9791-f3dc-4fbd-8470-2b90d626d642","eClass":"papaya:GenericType","data":{"rawType":"papaya:Interface 5db84542-747f-481d-ae99-a0508e85e355#//@components.0/@packages.0/@packages.0/@types.4"}},"visibility":"PRIVATE","final":true}},{"id":"3ff00588-2b4a-4a70-a3b6-9465c06269be","eClass":"papaya:Attribute","data":{"name":"eventProcessorSubscriptionProvider","type":{"id":"b2573465-5edc-439e-baa7-47a231aeac53","eClass":"papaya:GenericType","data":{"rawType":"papaya:Interface 5db84542-747f-481d-ae99-a0508e85e355#//@components.0/@packages.0/@packages.0/@types.3"}},"visibility":"PRIVATE","final":true}}],"operations":[{"id":"f4346665-d406-414c-be39-a1cd7a9589fa","eClass":"papaya:Operation","data":{"name":"get","type":{"id":"b78cafc0-3d1f-4f5a-bcd1-2883eed7be92","eClass":"papaya:GenericType","data":{"rawType":"papaya:Interface 250523f7-52f2-45a5-bb75-5fe5ce47b28b#//@components.0/@packages.0/@types.1","typeArguments":[{"id":"9a6582cf-f509-4103-b9de-c7a9a3beebf8","eClass":"papaya:GenericType","data":{"rawType":"papaya:Class efe8ed63-a04b-4469-a6aa-4c0d3e26ac8a#//@components.0/@packages.0/@types.9","typeArguments":[{"id":"8cf6c1a2-46f0-4a8b-bd64-b4757d38d941","eClass":"papaya:GenericType","data":{"rawType":"papaya:Interface 5ae54267-d150-415f-8cca-6429a3a3bb82#//@components.3/@packages.0/@packages.0/@types.30"}}]}}]}},"parameters":[{"id":"c38b7e2b-a161-4740-8665-f6940140b458","eClass":"papaya:Parameter","data":{"name":"environment","type":{"id":"61d64d5d-6ea0-49a8-8153-bc544ef2cffa","eClass":"papaya:GenericType","data":{"rawType":"papaya:Class efe8ed63-a04b-4469-a6aa-4c0d3e26ac8a#//@components.0/@packages.0/@types.9"}}}}]}}]}}]}}]}}]}}]}}]}}]}