{"json":{"version":"1.0","encoding":"utf-8"},"ns":{"papaya":"https://www.eclipse.org/sirius-web/papaya"},"content":[{"id":"292d8220-2b2d-4404-9c3f-0ece99897f37","eClass":"papaya:Project","data":{"name":"backend","components":[{"id":"2fab72a7-2466-47e3-84e9-54d97d1c8649","eClass":"papaya:Component","data":{"name":"sirius-components-compatibility","dependencies":["papaya:Component 5ae54267-d150-415f-8cca-6429a3a3bb82#//@components.3","papaya:Component cd7ea67b-cc0c-454a-a4df-218abc455bea#//@components.0","papaya:Component 8247fa48-1970-4b72-8eb7-da50d1a2d98f#//@components.0","papaya:Component b75b9874-09fc-4c13-8ddb-92f0de7685d6#//@components.0","papaya:Component 76074a96-04ae-489d-8154-ee66b722f24e#//@components.1","papaya:Component cd7ea67b-cc0c-454a-a4df-218abc455bea#//@components.1","papaya:Component fa2abd70-0e95-465d-8734-431ee356f0e8#//@components.2"],"usedAsDependencyBy":["//@components.1"],"packages":[{"id":"6dd34ce8-67b3-4523-89af-943d1c74eefe","eClass":"papaya:Package","data":{"name":"org.eclipse.sirius.components.compatibility"}}]}},{"id":"b0431b68-4636-4ad1-884d-0166b78311f1","eClass":"papaya:Component","data":{"name":"sirius-components-compatibility-emf","dependencies":["papaya:Component 76074a96-04ae-489d-8154-ee66b722f24e#//@components.1","papaya:Component cd7ea67b-cc0c-454a-a4df-218abc455bea#//@components.1","papaya:Component fa2abd70-0e95-465d-8734-431ee356f0e8#//@components.0","papaya:Component fa2abd70-0e95-465d-8734-431ee356f0e8#//@components.1","papaya:Component #//@components.0"],"packages":[{"id":"e7f06c93-c33b-49f3-b194-c557e84931c2","eClass":"papaya:Package","data":{"name":"org.eclipse.sirius.components.compatibility.emf"}}]}}]}}]}