{"id":"1476561b-f677-49db-9492-90a4eba9f381","projectId":"2c9a46ae-b110-46f5-b14c-431dde4e6bcb","descriptionId":"siriusComponents://representationDescription?kind=diagramDescription&sourceKind=view&sourceId=83f1194e-9833-398b-80ad-be5d77e02585&sourceElementId=69759f30-4e65-30aa-993f-737737d778b9","targetObjectId":"d4ce22d4-9dae-4ae9-939f-00fc847581d7","label":"sirius-web-domain class diagram","kind":"siriusComponents://representation?type=Diagram","representation":{"id":"1476561b-f677-49db-9492-90a4eba9f381","kind":"siriusComponents://representation?type=Diagram","targetObjectId":"d4ce22d4-9dae-4ae9-939f-00fc847581d7","descriptionId":"siriusComponents://representationDescription?kind=diagramDescription&sourceKind=view&sourceId=83f1194e-9833-398b-80ad-be5d77e02585&sourceElementId=69759f30-4e65-30aa-993f-737737d778b9","label":"sirius-web-domain class diagram","position":{"x":-1.0,"y":-1.0},"size":{"width":-1.0,"height":-1.0},"nodes":[],"edges":[],"layoutData":{"nodeLayoutData":{},"edgeLayoutData":{},"labelLayoutData":{}}}}