{"id":"447ae7c2-988d-4060-acfb-e9a318e5a8c7","projectId":"2c9a46ae-b110-46f5-b14c-431dde4e6bcb","descriptionId":"siriusComponents://representationDescription?kind=diagramDescription&sourceKind=view&sourceId=83f1194e-9833-398b-80ad-be5d77e02585&sourceElementId=69759f30-4e65-30aa-993f-737737d778b9","targetObjectId":"9953bb1f-9df7-4120-b55c-b4460792131e","label":"spring-beans class diagram","kind":"siriusComponents://representation?type=Diagram","representation":{"id":"447ae7c2-988d-4060-acfb-e9a318e5a8c7","kind":"siriusComponents://representation?type=Diagram","targetObjectId":"9953bb1f-9df7-4120-b55c-b4460792131e","descriptionId":"siriusComponents://representationDescription?kind=diagramDescription&sourceKind=view&sourceId=83f1194e-9833-398b-80ad-be5d77e02585&sourceElementId=69759f30-4e65-30aa-993f-737737d778b9","label":"spring-beans class diagram","position":{"x":-1.0,"y":-1.0},"size":{"width":-1.0,"height":-1.0},"nodes":[],"edges":[],"layoutData":{"nodeLayoutData":{},"edgeLayoutData":{},"labelLayoutData":{}}}}