{"id":"68bedd55-0938-416c-bf96-eb9d574e318a","projectId":"2c9a46ae-b110-46f5-b14c-431dde4e6bcb","descriptionId":"siriusComponents://representationDescription?kind=diagramDescription&sourceKind=view&sourceId=83f1194e-9833-398b-80ad-be5d77e02585&sourceElementId=69759f30-4e65-30aa-993f-737737d778b9","targetObjectId":"c33646da-b32a-47eb-9373-b0aa0ec3799d","label":"java.base class diagram","kind":"siriusComponents://representation?type=Diagram","representation":{"id":"68bedd55-0938-416c-bf96-eb9d574e318a","kind":"siriusComponents://representation?type=Diagram","targetObjectId":"c33646da-b32a-47eb-9373-b0aa0ec3799d","descriptionId":"siriusComponents://representationDescription?kind=diagramDescription&sourceKind=view&sourceId=83f1194e-9833-398b-80ad-be5d77e02585&sourceElementId=69759f30-4e65-30aa-993f-737737d778b9","label":"java.base class diagram","position":{"x":-1.0,"y":-1.0},"size":{"width":-1.0,"height":-1.0},"nodes":[{"id":"8bb82afc-5b48-34d1-9361-dde690a2547f","type":"node:rectangle","targetObjectId":"8876aa6a-2a12-4aed-8b15-c26ff440b99d","targetObjectKind":"siriusComponents://semantic?domain=papaya&entity=Class","targetObjectLabel":"Object","descriptionId":"siriusComponents://nodeDescription?sourceKind=view&sourceId=83f1194e-9833-398b-80ad-be5d77e02585&sourceElementId=411bfc52-0eac-3fd0-a4cc-7a74c7716f24","borderNode":false,"modifiers":[],"state":"Normal","collapsingState":"EXPANDED","insideLabel":{"id":"598e8d1a-038e-3803-9dfa-6ee31ea20f03","text":"Object","insideLabelLocation":"TOP_CENTER","style":{"color":"theme.palette.text.primary","fontSize":14,"bold":false,"italic":false,"underline":false,"strikeThrough":false,"iconURL":["/icons/full/obj16/Class.svg","/icons/full/ovr16/Visibility_PUBLIC.svg"],"background":"transparent","borderColor":"black","borderSize":0,"borderRadius":3,"borderStyle":"Solid"},"isHeader":true,"displayHeaderSeparator":true,"overflowStrategy":"NONE","textAlign":"LEFT"},"outsideLabels":[],"style":{"background":"#FFFFFF","borderColor":"theme.palette.text.primary","borderSize":1,"borderRadius":0,"borderStyle":"Solid"},"childrenLayoutStrategy":{"areChildNodesDraggable":false,"topGap":0,"bottomGap":0,"growableNodeIds":["siriusComponents://nodeDescription?sourceKind=view&sourceId=83f1194e-9833-398b-80ad-be5d77e02585&sourceElementId=85969589-87a5-3a03-a29f-845b5bc87e39","siriusComponents://nodeDescription?sourceKind=view&sourceId=83f1194e-9833-398b-80ad-be5d77e02585&sourceElementId=1be8c184-6a44-37e0-9530-abed774bb536"],"kind":"List"},"position":{"x":-1.0,"y":-1.0},"size":{"width":-1.0,"height":-1.0},"borderNodes":[],"childNodes":[{"id":"0160c0fe-3a33-329e-b615-ba424022ef8b","type":"node:rectangle","targetObjectId":"8876aa6a-2a12-4aed-8b15-c26ff440b99d","targetObjectKind":"siriusComponents://semantic?domain=papaya&entity=Class","targetObjectLabel":"Object","descriptionId":"siriusComponents://nodeDescription?sourceKind=view&sourceId=83f1194e-9833-398b-80ad-be5d77e02585&sourceElementId=20ba3e52-7364-3a74-8135-df4d6ccc4c4e","borderNode":false,"modifiers":[],"state":"Normal","collapsingState":"EXPANDED","insideLabel":null,"outsideLabels":[],"style":{"background":"#FFFFFF","borderColor":"theme.palette.text.primary","borderSize":1,"borderRadius":0,"borderStyle":"Solid"},"childrenLayoutStrategy":{"areChildNodesDraggable":false,"topGap":0,"bottomGap":0,"growableNodeIds":[],"kind":"List"},"position":{"x":-1.0,"y":-1.0},"size":{"width":-1.0,"height":-1.0},"borderNodes":[],"childNodes":[{"id":"c1dc3e6e-619f-37b0-8b83-ddc5c81b261e","type":"node:icon-label","targetObjectId":"9fa64b2e-7c58-4f64-9e52-0de645eae080","targetObjectKind":"siriusComponents://semantic?domain=papaya&entity=Constructor","targetObjectLabel":"Object()","descriptionId":"siriusComponents://nodeDescription?sourceKind=view&sourceId=83f1194e-9833-398b-80ad-be5d77e02585&sourceElementId=86d790e8-14b0-31d1-89d5-bf17ac183745","borderNode":false,"modifiers":[],"state":"Normal","collapsingState":"EXPANDED","insideLabel":{"id":"b38aab9f-021c-334a-9a32-c4c50969f018","text":"Object()","insideLabelLocation":"TOP_CENTER","style":{"color":"theme.palette.text.primary","fontSize":14,"bold":false,"italic":false,"underline":false,"strikeThrough":false,"iconURL":["/icons/full/obj16/Constructor.svg","/icons/full/ovr16/Visibility_PUBLIC.svg"],"background":"transparent","borderColor":"black","borderSize":0,"borderRadius":3,"borderStyle":"Solid"},"isHeader":false,"displayHeaderSeparator":false,"overflowStrategy":"NONE","textAlign":"LEFT"},"outsideLabels":[],"style":{"background":"transparent"},"childrenLayoutStrategy":null,"position":{"x":-1.0,"y":-1.0},"size":{"width":-1.0,"height":-1.0},"borderNodes":[],"childNodes":[],"customizedProperties":[],"defaultWidth":null,"defaultHeight":null,"labelEditable":false,"pinned":false}],"customizedProperties":[],"defaultWidth":null,"defaultHeight":null,"labelEditable":false,"pinned":false},{"id":"857f4308-88f4-31a0-abc7-2e07db32dc36","type":"node:rectangle","targetObjectId":"8876aa6a-2a12-4aed-8b15-c26ff440b99d","targetObjectKind":"siriusComponents://semantic?domain=papaya&entity=Class","targetObjectLabel":"Object","descriptionId":"siriusComponents://nodeDescription?sourceKind=view&sourceId=83f1194e-9833-398b-80ad-be5d77e02585&sourceElementId=85969589-87a5-3a03-a29f-845b5bc87e39","borderNode":false,"modifiers":[],"state":"Normal","collapsingState":"COLLAPSED","insideLabel":{"id":"3c794e1a-6baa-3907-a77f-1b60b30001f3","text":"Attributes","insideLabelLocation":"TOP_CENTER","style":{"color":"theme.palette.text.primary","fontSize":14,"bold":false,"italic":false,"underline":false,"strikeThrough":false,"iconURL":[],"background":"transparent","borderColor":"black","borderSize":0,"borderRadius":3,"borderStyle":"Solid"},"isHeader":true,"displayHeaderSeparator":false,"overflowStrategy":"NONE","textAlign":"LEFT"},"outsideLabels":[],"style":{"background":"#FFFFFF","borderColor":"theme.palette.text.primary","borderSize":1,"borderRadius":0,"borderStyle":"Solid"},"childrenLayoutStrategy":{"areChildNodesDraggable":false,"topGap":0,"bottomGap":0,"growableNodeIds":[],"kind":"List"},"position":{"x":-1.0,"y":-1.0},"size":{"width":-1.0,"height":-1.0},"borderNodes":[],"childNodes":[],"customizedProperties":[],"defaultWidth":null,"defaultHeight":null,"labelEditable":false,"pinned":false},{"id":"0ba95973-179b-3352-ab78-af7cd16a9de7","type":"node:rectangle","targetObjectId":"8876aa6a-2a12-4aed-8b15-c26ff440b99d","targetObjectKind":"siriusComponents://semantic?domain=papaya&entity=Class","targetObjectLabel":"Object","descriptionId":"siriusComponents://nodeDescription?sourceKind=view&sourceId=83f1194e-9833-398b-80ad-be5d77e02585&sourceElementId=1be8c184-6a44-37e0-9530-abed774bb536","borderNode":false,"modifiers":[],"state":"Normal","collapsingState":"EXPANDED","insideLabel":{"id":"62f60a05-bbd2-3114-b3ca-f7ecbdb83cec","text":"Operations","insideLabelLocation":"TOP_CENTER","style":{"color":"theme.palette.text.primary","fontSize":14,"bold":false,"italic":false,"underline":false,"strikeThrough":false,"iconURL":[],"background":"transparent","borderColor":"black","borderSize":0,"borderRadius":3,"borderStyle":"Solid"},"isHeader":true,"displayHeaderSeparator":false,"overflowStrategy":"NONE","textAlign":"LEFT"},"outsideLabels":[],"style":{"background":"#FFFFFF","borderColor":"theme.palette.text.primary","borderSize":1,"borderRadius":0,"borderStyle":"Solid"},"childrenLayoutStrategy":{"areChildNodesDraggable":false,"topGap":0,"bottomGap":0,"growableNodeIds":[],"kind":"List"},"position":{"x":-1.0,"y":-1.0},"size":{"width":-1.0,"height":-1.0},"borderNodes":[],"childNodes":[{"id":"f53df8ed-9da1-378d-8b13-fdae524a3248","type":"node:icon-label","targetObjectId":"20ea34be-21ea-4d53-a6ae-1e7e9a0ce0d9","targetObjectKind":"siriusComponents://semantic?domain=papaya&entity=Operation","targetObjectLabel":"finalize(): Object","descriptionId":"siriusComponents://nodeDescription?sourceKind=view&sourceId=83f1194e-9833-398b-80ad-be5d77e02585&sourceElementId=79fe0838-5335-3371-a305-6f0bafb996cd","borderNode":false,"modifiers":[],"state":"Normal","collapsingState":"EXPANDED","insideLabel":{"id":"5488946d-22a8-3ce2-bccf-d18accddf9cf","text":"finalize(): Object","insideLabelLocation":"TOP_CENTER","style":{"color":"theme.palette.text.primary","fontSize":14,"bold":false,"italic":false,"underline":false,"strikeThrough":false,"iconURL":["/icons/full/obj16/Operation.svg","/icons/full/ovr16/Visibility_PROTECTED.svg"],"background":"transparent","borderColor":"black","borderSize":0,"borderRadius":3,"borderStyle":"Solid"},"isHeader":false,"displayHeaderSeparator":false,"overflowStrategy":"NONE","textAlign":"LEFT"},"outsideLabels":[],"style":{"background":"transparent"},"childrenLayoutStrategy":null,"position":{"x":-1.0,"y":-1.0},"size":{"width":-1.0,"height":-1.0},"borderNodes":[],"childNodes":[],"customizedProperties":[],"defaultWidth":null,"defaultHeight":null,"labelEditable":false,"pinned":false},{"id":"b0017a46-7a16-31b2-883b-0260f2468884","type":"node:icon-label","targetObjectId":"a6b21094-9bc8-4ce4-8a13-37ee8ed2e6a4","targetObjectKind":"siriusComponents://semantic?domain=papaya&entity=Operation","targetObjectLabel":"wait(arg0: Object, arg1: Object): Object","descriptionId":"siriusComponents://nodeDescription?sourceKind=view&sourceId=83f1194e-9833-398b-80ad-be5d77e02585&sourceElementId=79fe0838-5335-3371-a305-6f0bafb996cd","borderNode":false,"modifiers":[],"state":"Normal","collapsingState":"EXPANDED","insideLabel":{"id":"29be92de-c1c8-3d88-ab85-43c8c5f85012","text":"wait(arg0: Object, arg1: Object): Object","insideLabelLocation":"TOP_CENTER","style":{"color":"theme.palette.text.primary","fontSize":14,"bold":false,"italic":false,"underline":false,"strikeThrough":false,"iconURL":["/icons/full/obj16/Operation.svg","/icons/full/ovr16/Visibility_PUBLIC.svg"],"background":"transparent","borderColor":"black","borderSize":0,"borderRadius":3,"borderStyle":"Solid"},"isHeader":false,"displayHeaderSeparator":false,"overflowStrategy":"NONE","textAlign":"LEFT"},"outsideLabels":[],"style":{"background":"transparent"},"childrenLayoutStrategy":null,"position":{"x":-1.0,"y":-1.0},"size":{"width":-1.0,"height":-1.0},"borderNodes":[],"childNodes":[],"customizedProperties":[],"defaultWidth":null,"defaultHeight":null,"labelEditable":false,"pinned":false},{"id":"7ba4ccf4-1c13-307a-8e4c-4f8fe72067a3","type":"node:icon-label","targetObjectId":"d144cd6f-1f37-4200-b2fd-75d923c5e047","targetObjectKind":"siriusComponents://semantic?domain=papaya&entity=Operation","targetObjectLabel":"wait(): Object","descriptionId":"siriusComponents://nodeDescription?sourceKind=view&sourceId=83f1194e-9833-398b-80ad-be5d77e02585&sourceElementId=79fe0838-5335-3371-a305-6f0bafb996cd","borderNode":false,"modifiers":[],"state":"Normal","collapsingState":"EXPANDED","insideLabel":{"id":"afbd31c8-7564-30be-8464-b4867248a23f","text":"wait(): Object","insideLabelLocation":"TOP_CENTER","style":{"color":"theme.palette.text.primary","fontSize":14,"bold":false,"italic":false,"underline":false,"strikeThrough":false,"iconURL":["/icons/full/obj16/Operation.svg","/icons/full/ovr16/Visibility_PUBLIC.svg"],"background":"transparent","borderColor":"black","borderSize":0,"borderRadius":3,"borderStyle":"Solid"},"isHeader":false,"displayHeaderSeparator":false,"overflowStrategy":"NONE","textAlign":"LEFT"},"outsideLabels":[],"style":{"background":"transparent"},"childrenLayoutStrategy":null,"position":{"x":-1.0,"y":-1.0},"size":{"width":-1.0,"height":-1.0},"borderNodes":[],"childNodes":[],"customizedProperties":[],"defaultWidth":null,"defaultHeight":null,"labelEditable":false,"pinned":false},{"id":"2fd73d3c-860c-3191-96db-4872e4fbf6ed","type":"node:icon-label","targetObjectId":"18dbd114-29aa-4670-95dd-b80dde3bcb7f","targetObjectKind":"siriusComponents://semantic?domain=papaya&entity=Operation","targetObjectLabel":"wait(arg0: Object): Object","descriptionId":"siriusComponents://nodeDescription?sourceKind=view&sourceId=83f1194e-9833-398b-80ad-be5d77e02585&sourceElementId=79fe0838-5335-3371-a305-6f0bafb996cd","borderNode":false,"modifiers":[],"state":"Normal","collapsingState":"EXPANDED","insideLabel":{"id":"1b0a60e1-f6ca-38bb-848c-47d3a2c04e54","text":"wait(arg0: Object): Object","insideLabelLocation":"TOP_CENTER","style":{"color":"theme.palette.text.primary","fontSize":14,"bold":false,"italic":false,"underline":false,"strikeThrough":false,"iconURL":["/icons/full/obj16/Operation.svg","/icons/full/ovr16/Visibility_PUBLIC.svg"],"background":"transparent","borderColor":"black","borderSize":0,"borderRadius":3,"borderStyle":"Solid"},"isHeader":false,"displayHeaderSeparator":false,"overflowStrategy":"NONE","textAlign":"LEFT"},"outsideLabels":[],"style":{"background":"transparent"},"childrenLayoutStrategy":null,"position":{"x":-1.0,"y":-1.0},"size":{"width":-1.0,"height":-1.0},"borderNodes":[],"childNodes":[],"customizedProperties":[],"defaultWidth":null,"defaultHeight":null,"labelEditable":false,"pinned":false},{"id":"9eebadf0-5c6f-395f-b168-93b1691be046","type":"node:icon-label","targetObjectId":"6f01c2c4-da71-492d-a3c4-79b99c672735","targetObjectKind":"siriusComponents://semantic?domain=papaya&entity=Operation","targetObjectLabel":"equals(arg0: Object): Object","descriptionId":"siriusComponents://nodeDescription?sourceKind=view&sourceId=83f1194e-9833-398b-80ad-be5d77e02585&sourceElementId=79fe0838-5335-3371-a305-6f0bafb996cd","borderNode":false,"modifiers":[],"state":"Normal","collapsingState":"EXPANDED","insideLabel":{"id":"e0646446-1651-3fe9-9519-2c55473d9d2d","text":"equals(arg0: Object): Object","insideLabelLocation":"TOP_CENTER","style":{"color":"theme.palette.text.primary","fontSize":14,"bold":false,"italic":false,"underline":false,"strikeThrough":false,"iconURL":["/icons/full/obj16/Operation.svg","/icons/full/ovr16/Visibility_PUBLIC.svg"],"background":"transparent","borderColor":"black","borderSize":0,"borderRadius":3,"borderStyle":"Solid"},"isHeader":false,"displayHeaderSeparator":false,"overflowStrategy":"NONE","textAlign":"LEFT"},"outsideLabels":[],"style":{"background":"transparent"},"childrenLayoutStrategy":null,"position":{"x":-1.0,"y":-1.0},"size":{"width":-1.0,"height":-1.0},"borderNodes":[],"childNodes":[],"customizedProperties":[],"defaultWidth":null,"defaultHeight":null,"labelEditable":false,"pinned":false},{"id":"cfc84e60-a7c1-35f4-aa30-406332ea192e","type":"node:icon-label","targetObjectId":"5c99427b-02f7-4f2d-b149-f7030a50219b","targetObjectKind":"siriusComponents://semantic?domain=papaya&entity=Operation","targetObjectLabel":"toString(): String","descriptionId":"siriusComponents://nodeDescription?sourceKind=view&sourceId=83f1194e-9833-398b-80ad-be5d77e02585&sourceElementId=79fe0838-5335-3371-a305-6f0bafb996cd","borderNode":false,"modifiers":[],"state":"Normal","collapsingState":"EXPANDED","insideLabel":{"id":"713e76ea-dae9-368f-95ce-063b35a5531f","text":"toString(): String","insideLabelLocation":"TOP_CENTER","style":{"color":"theme.palette.text.primary","fontSize":14,"bold":false,"italic":false,"underline":false,"strikeThrough":false,"iconURL":["/icons/full/obj16/Operation.svg","/icons/full/ovr16/Visibility_PUBLIC.svg"],"background":"transparent","borderColor":"black","borderSize":0,"borderRadius":3,"borderStyle":"Solid"},"isHeader":false,"displayHeaderSeparator":false,"overflowStrategy":"NONE","textAlign":"LEFT"},"outsideLabels":[],"style":{"background":"transparent"},"childrenLayoutStrategy":null,"position":{"x":-1.0,"y":-1.0},"size":{"width":-1.0,"height":-1.0},"borderNodes":[],"childNodes":[],"customizedProperties":[],"defaultWidth":null,"defaultHeight":null,"labelEditable":false,"pinned":false},{"id":"eeb0a5b9-b916-3d40-8233-65be44e1209f","type":"node:icon-label","targetObjectId":"a6ac835e-5660-4a04-b36f-e925bd8d000a","targetObjectKind":"siriusComponents://semantic?domain=papaya&entity=Operation","targetObjectLabel":"hashCode(): Object","descriptionId":"siriusComponents://nodeDescription?sourceKind=view&sourceId=83f1194e-9833-398b-80ad-be5d77e02585&sourceElementId=79fe0838-5335-3371-a305-6f0bafb996cd","borderNode":false,"modifiers":[],"state":"Normal","collapsingState":"EXPANDED","insideLabel":{"id":"4ce0f875-a52e-3d8e-bb04-31f1b7069dca","text":"hashCode(): Object","insideLabelLocation":"TOP_CENTER","style":{"color":"theme.palette.text.primary","fontSize":14,"bold":false,"italic":false,"underline":false,"strikeThrough":false,"iconURL":["/icons/full/obj16/Operation.svg","/icons/full/ovr16/Visibility_PUBLIC.svg"],"background":"transparent","borderColor":"black","borderSize":0,"borderRadius":3,"borderStyle":"Solid"},"isHeader":false,"displayHeaderSeparator":false,"overflowStrategy":"NONE","textAlign":"LEFT"},"outsideLabels":[],"style":{"background":"transparent"},"childrenLayoutStrategy":null,"position":{"x":-1.0,"y":-1.0},"size":{"width":-1.0,"height":-1.0},"borderNodes":[],"childNodes":[],"customizedProperties":[],"defaultWidth":null,"defaultHeight":null,"labelEditable":false,"pinned":false},{"id":"952a4b12-0cf1-30d2-ac48-cddc9573d1ac","type":"node:icon-label","targetObjectId":"ec3c5c12-b1f5-417c-a45d-de87a198daed","targetObjectKind":"siriusComponents://semantic?domain=papaya&entity=Operation","targetObjectLabel":"getClass(): Object<>","descriptionId":"siriusComponents://nodeDescription?sourceKind=view&sourceId=83f1194e-9833-398b-80ad-be5d77e02585&sourceElementId=79fe0838-5335-3371-a305-6f0bafb996cd","borderNode":false,"modifiers":[],"state":"Normal","collapsingState":"EXPANDED","insideLabel":{"id":"07542a8a-e27d-3311-b883-703700e411b6","text":"getClass(): Object<>","insideLabelLocation":"TOP_CENTER","style":{"color":"theme.palette.text.primary","fontSize":14,"bold":false,"italic":false,"underline":false,"strikeThrough":false,"iconURL":["/icons/full/obj16/Operation.svg","/icons/full/ovr16/Visibility_PUBLIC.svg"],"background":"transparent","borderColor":"black","borderSize":0,"borderRadius":3,"borderStyle":"Solid"},"isHeader":false,"displayHeaderSeparator":false,"overflowStrategy":"NONE","textAlign":"LEFT"},"outsideLabels":[],"style":{"background":"transparent"},"childrenLayoutStrategy":null,"position":{"x":-1.0,"y":-1.0},"size":{"width":-1.0,"height":-1.0},"borderNodes":[],"childNodes":[],"customizedProperties":[],"defaultWidth":null,"defaultHeight":null,"labelEditable":false,"pinned":false},{"id":"156833e9-2001-3576-a223-e0dc600be846","type":"node:icon-label","targetObjectId":"fdf3e311-38f8-4a81-b2cc-cebca2fe969d","targetObjectKind":"siriusComponents://semantic?domain=papaya&entity=Operation","targetObjectLabel":"clone(): Object","descriptionId":"siriusComponents://nodeDescription?sourceKind=view&sourceId=83f1194e-9833-398b-80ad-be5d77e02585&sourceElementId=79fe0838-5335-3371-a305-6f0bafb996cd","borderNode":false,"modifiers":[],"state":"Normal","collapsingState":"EXPANDED","insideLabel":{"id":"b7280490-d428-3d45-bd5a-2ddb4cabbf9d","text":"clone(): Object","insideLabelLocation":"TOP_CENTER","style":{"color":"theme.palette.text.primary","fontSize":14,"bold":false,"italic":false,"underline":false,"strikeThrough":false,"iconURL":["/icons/full/obj16/Operation.svg","/icons/full/ovr16/Visibility_PROTECTED.svg"],"background":"transparent","borderColor":"black","borderSize":0,"borderRadius":3,"borderStyle":"Solid"},"isHeader":false,"displayHeaderSeparator":false,"overflowStrategy":"NONE","textAlign":"LEFT"},"outsideLabels":[],"style":{"background":"transparent"},"childrenLayoutStrategy":null,"position":{"x":-1.0,"y":-1.0},"size":{"width":-1.0,"height":-1.0},"borderNodes":[],"childNodes":[],"customizedProperties":[],"defaultWidth":null,"defaultHeight":null,"labelEditable":false,"pinned":false},{"id":"937cdfda-1346-3646-adb1-4e23c9021024","type":"node:icon-label","targetObjectId":"ab90c00e-ee21-4fc7-8f48-749b80e7e639","targetObjectKind":"siriusComponents://semantic?domain=papaya&entity=Operation","targetObjectLabel":"notify(): Object","descriptionId":"siriusComponents://nodeDescription?sourceKind=view&sourceId=83f1194e-9833-398b-80ad-be5d77e02585&sourceElementId=79fe0838-5335-3371-a305-6f0bafb996cd","borderNode":false,"modifiers":[],"state":"Normal","collapsingState":"EXPANDED","insideLabel":{"id":"ea3e03e3-10db-3ac6-bd33-3acc396e6837","text":"notify(): Object","insideLabelLocation":"TOP_CENTER","style":{"color":"theme.palette.text.primary","fontSize":14,"bold":false,"italic":false,"underline":false,"strikeThrough":false,"iconURL":["/icons/full/obj16/Operation.svg","/icons/full/ovr16/Visibility_PUBLIC.svg"],"background":"transparent","borderColor":"black","borderSize":0,"borderRadius":3,"borderStyle":"Solid"},"isHeader":false,"displayHeaderSeparator":false,"overflowStrategy":"NONE","textAlign":"LEFT"},"outsideLabels":[],"style":{"background":"transparent"},"childrenLayoutStrategy":null,"position":{"x":-1.0,"y":-1.0},"size":{"width":-1.0,"height":-1.0},"borderNodes":[],"childNodes":[],"customizedProperties":[],"defaultWidth":null,"defaultHeight":null,"labelEditable":false,"pinned":false},{"id":"9530705f-d9a0-39c2-a5b1-9a24203aed0e","type":"node:icon-label","targetObjectId":"1f1cf95f-c811-4e9d-810f-90d458155d14","targetObjectKind":"siriusComponents://semantic?domain=papaya&entity=Operation","targetObjectLabel":"notifyAll(): Object","descriptionId":"siriusComponents://nodeDescription?sourceKind=view&sourceId=83f1194e-9833-398b-80ad-be5d77e02585&sourceElementId=79fe0838-5335-3371-a305-6f0bafb996cd","borderNode":false,"modifiers":[],"state":"Normal","collapsingState":"EXPANDED","insideLabel":{"id":"aabee98c-ad48-327b-9bd7-19ec1db8dbe6","text":"notifyAll(): Object","insideLabelLocation":"TOP_CENTER","style":{"color":"theme.palette.text.primary","fontSize":14,"bold":false,"italic":false,"underline":false,"strikeThrough":false,"iconURL":["/icons/full/obj16/Operation.svg","/icons/full/ovr16/Visibility_PUBLIC.svg"],"background":"transparent","borderColor":"black","borderSize":0,"borderRadius":3,"borderStyle":"Solid"},"isHeader":false,"displayHeaderSeparator":false,"overflowStrategy":"NONE","textAlign":"LEFT"},"outsideLabels":[],"style":{"background":"transparent"},"childrenLayoutStrategy":null,"position":{"x":-1.0,"y":-1.0},"size":{"width":-1.0,"height":-1.0},"borderNodes":[],"childNodes":[],"customizedProperties":[],"defaultWidth":null,"defaultHeight":null,"labelEditable":false,"pinned":false}],"customizedProperties":[],"defaultWidth":null,"defaultHeight":null,"labelEditable":false,"pinned":false}],"customizedProperties":[],"defaultWidth":null,"defaultHeight":null,"labelEditable":false,"pinned":false},{"id":"2e3963bd-bd27-3c83-88ba-1b13d81b4bba","type":"node:rectangle","targetObjectId":"95acebf3-1459-4a27-8258-d0b64fef63f9","targetObjectKind":"siriusComponents://semantic?domain=papaya&entity=Interface","targetObjectLabel":"Disposable","descriptionId":"siriusComponents://nodeDescription?sourceKind=view&sourceId=83f1194e-9833-398b-80ad-be5d77e02585&sourceElementId=45330875-e699-3838-82fd-2fac4c1f5fdd","borderNode":false,"modifiers":[],"state":"Normal","collapsingState":"EXPANDED","insideLabel":{"id":"0804bb3c-cf73-3391-90ba-ce1a1fa2ae5f","text":"Disposable","insideLabelLocation":"TOP_CENTER","style":{"color":"theme.palette.text.primary","fontSize":14,"bold":false,"italic":false,"underline":false,"strikeThrough":false,"iconURL":["/icons/full/obj16/Interface.svg","/icons/full/ovr16/Visibility_PUBLIC.svg"],"background":"transparent","borderColor":"black","borderSize":0,"borderRadius":3,"borderStyle":"Solid"},"isHeader":true,"displayHeaderSeparator":true,"overflowStrategy":"NONE","textAlign":"LEFT"},"outsideLabels":[],"style":{"background":"#FFFFFF","borderColor":"theme.palette.text.primary","borderSize":1,"borderRadius":0,"borderStyle":"Solid"},"childrenLayoutStrategy":{"areChildNodesDraggable":false,"topGap":0,"bottomGap":0,"growableNodeIds":[],"kind":"List"},"position":{"x":-1.0,"y":-1.0},"size":{"width":-1.0,"height":-1.0},"borderNodes":[],"childNodes":[{"id":"2a6d3e9c-d891-3803-b940-c4cdc9400931","type":"node:icon-label","targetObjectId":"3b042b55-96a3-4537-91e3-7d3c06c1b905","targetObjectKind":"siriusComponents://semantic?domain=papaya&entity=Operation","targetObjectLabel":"dispose(): Object","descriptionId":"siriusComponents://nodeDescription?sourceKind=view&sourceId=83f1194e-9833-398b-80ad-be5d77e02585&sourceElementId=bd7a5b91-29f1-3776-a24d-7ebcbfe9caf2","borderNode":false,"modifiers":[],"state":"Normal","collapsingState":"EXPANDED","insideLabel":{"id":"55f50165-d870-3a91-aa62-11e48394ff5c","text":"dispose(): Object","insideLabelLocation":"TOP_CENTER","style":{"color":"theme.palette.text.primary","fontSize":14,"bold":false,"italic":false,"underline":false,"strikeThrough":false,"iconURL":["/icons/full/obj16/Operation.svg","/icons/full/ovr16/Visibility_PUBLIC.svg"],"background":"transparent","borderColor":"black","borderSize":0,"borderRadius":3,"borderStyle":"Solid"},"isHeader":false,"displayHeaderSeparator":false,"overflowStrategy":"NONE","textAlign":"LEFT"},"outsideLabels":[],"style":{"background":"transparent"},"childrenLayoutStrategy":null,"position":{"x":-1.0,"y":-1.0},"size":{"width":-1.0,"height":-1.0},"borderNodes":[],"childNodes":[],"customizedProperties":[],"defaultWidth":null,"defaultHeight":null,"labelEditable":false,"pinned":false},{"id":"ab19bbb7-7ad2-3a45-9ad7-2c6689d9d6f8","type":"node:icon-label","targetObjectId":"6fedcda3-5b74-48da-be75-64bdfd20c00f","targetObjectKind":"siriusComponents://semantic?domain=papaya&entity=Operation","targetObjectLabel":"isDisposed(): Object","descriptionId":"siriusComponents://nodeDescription?sourceKind=view&sourceId=83f1194e-9833-398b-80ad-be5d77e02585&sourceElementId=bd7a5b91-29f1-3776-a24d-7ebcbfe9caf2","borderNode":false,"modifiers":[],"state":"Normal","collapsingState":"EXPANDED","insideLabel":{"id":"6782f046-40f8-36e5-b5ea-69679db4584f","text":"isDisposed(): Object","insideLabelLocation":"TOP_CENTER","style":{"color":"theme.palette.text.primary","fontSize":14,"bold":false,"italic":false,"underline":false,"strikeThrough":false,"iconURL":["/icons/full/obj16/Operation.svg","/icons/full/ovr16/Visibility_PUBLIC.svg"],"background":"transparent","borderColor":"black","borderSize":0,"borderRadius":3,"borderStyle":"Solid"},"isHeader":false,"displayHeaderSeparator":false,"overflowStrategy":"NONE","textAlign":"LEFT"},"outsideLabels":[],"style":{"background":"transparent"},"childrenLayoutStrategy":null,"position":{"x":-1.0,"y":-1.0},"size":{"width":-1.0,"height":-1.0},"borderNodes":[],"childNodes":[],"customizedProperties":[],"defaultWidth":null,"defaultHeight":null,"labelEditable":false,"pinned":false}],"customizedProperties":[],"defaultWidth":null,"defaultHeight":null,"labelEditable":false,"pinned":false}],"edges":[],"layoutData":{"nodeLayoutData":{"cfc84e60-a7c1-35f4-aa30-406332ea192e":{"id":"cfc84e60-a7c1-35f4-aa30-406332ea192e","position":{"x":0.0,"y":118.0},"size":{"width":299.984375,"height":17.0},"resizedByUser":false},"857f4308-88f4-31a0-abc7-2e07db32dc36":{"id":"857f4308-88f4-31a0-abc7-2e07db32dc36","position":{"x":1.0,"y":104.0},"size":{"width":299.984375,"height":70.0},"resizedByUser":false},"0ba95973-179b-3352-ab78-af7cd16a9de7":{"id":"0ba95973-179b-3352-ab78-af7cd16a9de7","position":{"x":1.0,"y":174.0},"size":{"width":299.984375,"height":220.0},"resizedByUser":false},"2a6d3e9c-d891-3803-b940-c4cdc9400931":{"id":"2a6d3e9c-d891-3803-b940-c4cdc9400931","position":{"x":1.0,"y":34.0},"size":{"width":184.015625,"height":17.0},"resizedByUser":false},"952a4b12-0cf1-30d2-ac48-cddc9573d1ac":{"id":"952a4b12-0cf1-30d2-ac48-cddc9573d1ac","position":{"x":0.0,"y":152.0},"size":{"width":299.984375,"height":17.0},"resizedByUser":false},"eeb0a5b9-b916-3d40-8233-65be44e1209f":{"id":"eeb0a5b9-b916-3d40-8233-65be44e1209f","position":{"x":0.0,"y":135.0},"size":{"width":299.984375,"height":17.0},"resizedByUser":false},"8bb82afc-5b48-34d1-9361-dde690a2547f":{"id":"8bb82afc-5b48-34d1-9361-dde690a2547f","position":{"x":419.0,"y":276.0},"size":{"width":301.984375,"height":395.0},"resizedByUser":false},"9530705f-d9a0-39c2-a5b1-9a24203aed0e":{"id":"9530705f-d9a0-39c2-a5b1-9a24203aed0e","position":{"x":0.0,"y":203.0},"size":{"width":299.984375,"height":17.0},"resizedByUser":false},"f53df8ed-9da1-378d-8b13-fdae524a3248":{"id":"f53df8ed-9da1-378d-8b13-fdae524a3248","position":{"x":0.0,"y":33.0},"size":{"width":299.984375,"height":17.0},"resizedByUser":false},"c1dc3e6e-619f-37b0-8b83-ddc5c81b261e":{"id":"c1dc3e6e-619f-37b0-8b83-ddc5c81b261e","position":{"x":0.0,"y":0.0},"size":{"width":299.984375,"height":17.0},"resizedByUser":false},"156833e9-2001-3576-a223-e0dc600be846":{"id":"156833e9-2001-3576-a223-e0dc600be846","position":{"x":0.0,"y":169.0},"size":{"width":299.984375,"height":17.0},"resizedByUser":false},"ab19bbb7-7ad2-3a45-9ad7-2c6689d9d6f8":{"id":"ab19bbb7-7ad2-3a45-9ad7-2c6689d9d6f8","position":{"x":1.0,"y":51.0},"size":{"width":184.015625,"height":17.0},"resizedByUser":false},"2e3963bd-bd27-3c83-88ba-1b13d81b4bba":{"id":"2e3963bd-bd27-3c83-88ba-1b13d81b4bba","position":{"x":227.0,"y":390.0},"size":{"width":186.015625,"height":70.0},"resizedByUser":false},"937cdfda-1346-3646-adb1-4e23c9021024":{"id":"937cdfda-1346-3646-adb1-4e23c9021024","position":{"x":0.0,"y":186.0},"size":{"width":299.984375,"height":17.0},"resizedByUser":false},"0160c0fe-3a33-329e-b615-ba424022ef8b":{"id":"0160c0fe-3a33-329e-b615-ba424022ef8b","position":{"x":1.0,"y":34.0},"size":{"width":299.984375,"height":70.0},"resizedByUser":false},"2fd73d3c-860c-3191-96db-4872e4fbf6ed":{"id":"2fd73d3c-860c-3191-96db-4872e4fbf6ed","position":{"x":0.0,"y":84.0},"size":{"width":299.984375,"height":17.0},"resizedByUser":false},"9eebadf0-5c6f-395f-b168-93b1691be046":{"id":"9eebadf0-5c6f-395f-b168-93b1691be046","position":{"x":0.0,"y":101.0},"size":{"width":299.984375,"height":17.0},"resizedByUser":false},"7ba4ccf4-1c13-307a-8e4c-4f8fe72067a3":{"id":"7ba4ccf4-1c13-307a-8e4c-4f8fe72067a3","position":{"x":0.0,"y":67.0},"size":{"width":299.984375,"height":17.0},"resizedByUser":false},"b0017a46-7a16-31b2-883b-0260f2468884":{"id":"b0017a46-7a16-31b2-883b-0260f2468884","position":{"x":0.0,"y":50.0},"size":{"width":299.984375,"height":17.0},"resizedByUser":false}},"edgeLayoutData":{},"labelLayoutData":{}}}}