{"json":{"version":"1.0","encoding":"utf-8"},"ns":{"papaya":"https://www.eclipse.org/sirius-web/papaya"},"content":[{"id":"6fec85bd-2336-432f-a9e8-3327c583aaed","eClass":"papaya:Project","data":{"name":"Java Standard Library","components":[{"id":"5f9c83a7-b88f-4668-893e-c08018c42c22","eClass":"papaya:Component","data":{"name":"java.base","packages":[{"id":"7791dbf0-d455-47d5-99bf-98a3b60ac8df","eClass":"papaya:Package","data":{"name":"java.lang","types":[{"id":"ec7ab0d8-a374-485c-a797-515df8e5d282","eClass":"papaya:DataType","data":{"name":"void"}},{"id":"8c494c1b-56e1-41c8-9821-4953afaa8b1f","eClass":"papaya:DataType","data":{"name":"byte"}},{"id":"13218ae1-b43b-4fa1-9015-a09433994fcc","eClass":"papaya:DataType","data":{"name":"short"}},{"id":"f7a0d560-bb84-436a-bdc0-433d8ab99c87","eClass":"papaya:DataType","data":{"name":"int"}},{"id":"27021eeb-94fb-4d16-9206-d98859381c59","eClass":"papaya:DataType","data":{"name":"long"}},{"id":"0a57b60a-0a6e-4366-83ac-8573016eccf7","eClass":"papaya:DataType","data":{"name":"float"}},{"id":"8c8bc6ad-128f-4325-b6e3-ad248defe347","eClass":"papaya:DataType","data":{"name":"double"}},{"id":"8a8a7542-f4ae-450a-852f-11641d558a2b","eClass":"papaya:DataType","data":{"name":"boolean"}},{"id":"e2a979f8-ed76-47f2-955f-ddcb3c14d243","eClass":"papaya:DataType","data":{"name":"char"}},{"id":"b8c17459-9b8a-4333-93c1-27046c2b580d","eClass":"papaya:Class","data":{"name":"Object","extendedBy":["//@components.0/@packages.0/@types.10","//@components.0/@packages.0/@types.12"],"constructors":[{"id":"39b9a2f2-e20a-4d8b-82c5-580934a08998","eClass":"papaya:Constructor"}],"operations":[{"id":"e01a2e36-9949-4076-a6e3-c5b89415055d","eClass":"papaya:Operation","data":{"name":"finalize","type":{"id":"4034ac5b-5955-4fb0-b476-4465ed81a714","eClass":"papaya:GenericType","data":{"rawType":"//@components.0/@packages.0/@types.9"}},"visibility":"PROTECTED"}},{"id":"bf6a9578-f1ef-4430-a589-b1f906282320","eClass":"papaya:Operation","data":{"name":"wait0","type":{"id":"8984f256-311a-443e-a5a1-c4d4bb9a7401","eClass":"papaya:GenericType","data":{"rawType":"//@components.0/@packages.0/@types.9"}},"visibility":"PRIVATE","final":true,"parameters":[{"id":"468116a5-f770-45cc-9a51-9c5481730318","eClass":"papaya:Parameter","data":{"name":"arg0","type":{"id":"cd040020-139f-4f5d-b73e-9be2d9d8637c","eClass":"papaya:GenericType","data":{"rawType":"//@components.0/@packages.0/@types.9"}}}}]}},{"id":"1c590bb6-43a2-49cd-bfde-f8b1aaa108f8","eClass":"papaya:Operation","data":{"name":"equals","type":{"id":"a7cfd78f-445b-4285-bb4b-fa659cf4d397","eClass":"papaya:GenericType","data":{"rawType":"//@components.0/@packages.0/@types.9"}},"parameters":[{"id":"2fec18e1-e722-406c-84bd-0f54085edbd1","eClass":"papaya:Parameter","data":{"name":"arg0","type":{"id":"b79e6f32-4d09-41b9-8035-38f9485f8f90","eClass":"papaya:GenericType","data":{"rawType":"//@components.0/@packages.0/@types.9"}}}}]}},{"id":"3ba02761-6b8a-4707-84ba-afb5d0b42f26","eClass":"papaya:Operation","data":{"name":"toString","type":{"id":"65862835-72a2-4c7c-8169-191c22a7c7d4","eClass":"papaya:GenericType"}}},{"id":"d008253e-33ec-4b0b-bd89-93752e5d67fb","eClass":"papaya:Operation","data":{"name":"hashCode","type":{"id":"fcdc4d6e-1e7a-489a-a7df-fc7a846c10fe","eClass":"papaya:GenericType","data":{"rawType":"//@components.0/@packages.0/@types.9"}}}},{"id":"8164e57f-ada4-4b67-b9aa-9413c9935e61","eClass":"papaya:Operation","data":{"name":"getClass","type":{"id":"347c812e-4942-47d5-80ec-1bfa3fa65a1d","eClass":"papaya:GenericType","data":{"rawType":"//@components.0/@packages.0/@types.9","typeArguments":[{"id":"86181cae-5d82-43f8-8c4d-a46a6ec5b577","eClass":"papaya:GenericType"}]}},"final":true}},{"id":"6c8f9c1b-65b2-4fd4-b8ec-0808c9d99802","eClass":"papaya:Operation","data":{"name":"clone","type":{"id":"b1897b4f-011b-4f98-a152-cf1116853e21","eClass":"papaya:GenericType","data":{"rawType":"//@components.0/@packages.0/@types.9"}},"visibility":"PROTECTED"}},{"id":"7ae3dae2-bc9e-45f8-ba7f-52997dd7292b","eClass":"papaya:Operation","data":{"name":"notify","type":{"id":"71090bc7-b46f-4928-b060-825a4170307d","eClass":"papaya:GenericType","data":{"rawType":"//@components.0/@packages.0/@types.9"}},"final":true}},{"id":"7bc44ade-00ea-4c7d-900b-7fe78bfa4364","eClass":"papaya:Operation","data":{"name":"notifyAll","type":{"id":"2e2226d5-adc5-493f-8cd7-4bf3c880fb8e","eClass":"papaya:GenericType","data":{"rawType":"//@components.0/@packages.0/@types.9"}},"final":true}},{"id":"2af30652-2d04-49f7-96ae-82142e0ec3b2","eClass":"papaya:Operation","data":{"name":"wait","type":{"id":"91416e64-4132-4441-ac4d-ee8f80024d66","eClass":"papaya:GenericType","data":{"rawType":"//@components.0/@packages.0/@types.9"}},"final":true,"parameters":[{"id":"0e7af5d3-aade-4e9f-ad8e-ad6cd6e17563","eClass":"papaya:Parameter","data":{"name":"arg0","type":{"id":"a1856974-cfd0-44fa-a296-fb2eb4921a01","eClass":"papaya:GenericType","data":{"rawType":"//@components.0/@packages.0/@types.9"}}}}]}},{"id":"a73d70b2-7ea5-4828-b1cc-2d2a75c040fe","eClass":"papaya:Operation","data":{"name":"wait","type":{"id":"39d8e9b0-e765-46fa-a54a-ffcd95c69870","eClass":"papaya:GenericType","data":{"rawType":"//@components.0/@packages.0/@types.9"}},"final":true,"parameters":[{"id":"7e9b58f8-a763-4b2a-8324-7872690336ff","eClass":"papaya:Parameter","data":{"name":"arg0","type":{"id":"7840a96e-7217-4e4f-ab69-7348cb9fb23c","eClass":"papaya:GenericType","data":{"rawType":"//@components.0/@packages.0/@types.9"}}}},{"id":"aeb97091-1d75-45cf-a4b2-ca6f5bd40cba","eClass":"papaya:Parameter","data":{"name":"arg1","type":{"id":"7515eef0-bf7f-4acd-a8cd-d0941074e0d8","eClass":"papaya:GenericType","data":{"rawType":"//@components.0/@packages.0/@types.9"}}}}]}},{"id":"af14ec5f-a797-4b09-8b91-84a0a2289db6","eClass":"papaya:Operation","data":{"name":"wait","type":{"id":"a66f8310-1b32-43a1-920c-fe63b28fcecc","eClass":"papaya:GenericType","data":{"rawType":"//@components.0/@packages.0/@types.9"}},"final":true}}]}},{"id":"a79921f3-e53e-4234-9668-d43d2ffc792d","eClass":"papaya:Class","data":{"name":"Void","final":true,"extends":"//@components.0/@packages.0/@types.9","constructors":[{"id":"791fef09-8345-4eb8-92d1-b29f3baa86e9","eClass":"papaya:Constructor","data":{"visibility":"PRIVATE"}}],"attributes":[{"id":"66346d0b-36eb-4a95-8544-18221bc24aa1","eClass":"papaya:Attribute","data":{"name":"TYPE","type":{"id":"d2c0731b-a571-4ecd-8bc2-57a0e57c91b0","eClass":"papaya:GenericType","data":{"rawType":"//@components.0/@packages.0/@types.9","typeArguments":[{"id":"28f966ab-f186-43e6-b1dd-92f3ca0d4e5c","eClass":"papaya:GenericType","data":{"rawType":"//@components.0/@packages.0/@types.10"}}]}},"final":true,"static":true}}]}},{"id":"7bf03418-3c75-4e31-b84c-b18f5906990e","eClass":"papaya:Class","data":{"name":"Short","final":true,"constructors":[{"id":"b0d00f52-b33e-4f96-ae72-13f3998fe1fb","eClass":"papaya:Constructor","data":{"parameters":[{"id":"e9ddc540-cab0-492f-a490-98faeec112dc","eClass":"papaya:Parameter","data":{"name":"arg0","type":{"id":"a6d994a9-f57f-412b-8953-4fde6ed890f9","eClass":"papaya:GenericType","data":{"rawType":"//@components.0/@packages.0/@types.9"}}}}]}},{"id":"f925460f-187c-4192-836d-8df76101ce75","eClass":"papaya:Constructor","data":{"parameters":[{"id":"991347db-34aa-4fb5-8b98-941f1f1acaa1","eClass":"papaya:Parameter","data":{"name":"arg0","type":{"id":"3d2c23a8-0314-4146-8ef0-77561ba402f5","eClass":"papaya:GenericType"}}}]}}],"attributes":[{"id":"66b1ea33-f80a-4ae9-8f25-390c5e455141","eClass":"papaya:Attribute","data":{"name":"MIN_VALUE","type":{"id":"4f995b8e-e1b3-4c9d-811e-ed385b97a961","eClass":"papaya:GenericType","data":{"rawType":"//@components.0/@packages.0/@types.9"}},"final":true,"static":true}},{"id":"0b6def17-2592-40a6-89b9-d9a32ebe5111","eClass":"papaya:Attribute","data":{"name":"MAX_VALUE","type":{"id":"27430dbd-d6e4-41a8-8e32-b40c49ab78c5","eClass":"papaya:GenericType","data":{"rawType":"//@components.0/@packages.0/@types.9"}},"final":true,"static":true}},{"id":"1fa44694-d619-4717-a5c3-4fd2ab8c8dd2","eClass":"papaya:Attribute","data":{"name":"TYPE","type":{"id":"c27060c1-e07b-460c-a7c7-02cff028d981","eClass":"papaya:GenericType","data":{"rawType":"//@components.0/@packages.0/@types.9","typeArguments":[{"id":"14c9ddeb-aecc-4f7d-8a66-f44c79b83f55","eClass":"papaya:GenericType","data":{"rawType":"//@components.0/@packages.0/@types.11"}}]}},"final":true,"static":true}},{"id":"207e5486-89f6-4678-9042-62905b3b01f5","eClass":"papaya:Attribute","data":{"name":"value","type":{"id":"e220c163-04e3-4af6-92f9-762744403d57","eClass":"papaya:GenericType","data":{"rawType":"//@components.0/@packages.0/@types.9"}},"visibility":"PRIVATE","final":true}},{"id":"3f3b845d-8951-4bb8-bb3d-d221c4c9ace8","eClass":"papaya:Attribute","data":{"name":"SIZE","type":{"id":"77ad707c-c2c6-47ba-8e74-994948b41728","eClass":"papaya:GenericType","data":{"rawType":"//@components.0/@packages.0/@types.9"}},"final":true,"static":true}},{"id":"6136f6dc-de3a-41b3-a737-65576633d3b7","eClass":"papaya:Attribute","data":{"name":"BYTES","type":{"id":"ae7cfa8b-b2ba-4a0b-8b56-2b8dffb01185","eClass":"papaya:GenericType","data":{"rawType":"//@components.0/@packages.0/@types.9"}},"final":true,"static":true}},{"id":"509f3293-2b1f-4350-8e4c-de47e22f400b","eClass":"papaya:Attribute","data":{"name":"serialVersionUID","type":{"id":"b8ee90bf-634b-49c4-a376-1971662d7b3e","eClass":"papaya:GenericType","data":{"rawType":"//@components.0/@packages.0/@types.9"}},"visibility":"PRIVATE","final":true,"static":true}}],"operations":[{"id":"44c85ca2-4adb-416a-8e38-0873ba7034fc","eClass":"papaya:Operation","data":{"name":"equals","type":{"id":"ba09fb09-cdde-469c-a69a-fd4f3ec3cf27","eClass":"papaya:GenericType","data":{"rawType":"//@components.0/@packages.0/@types.9"}},"parameters":[{"id":"1b4139a2-09f4-465e-b482-22b29ce97970","eClass":"papaya:Parameter","data":{"name":"arg0","type":{"id":"a0f41cc9-6234-4f4c-bcea-67c434cb1094","eClass":"papaya:GenericType","data":{"rawType":"//@components.0/@packages.0/@types.9"}}}}]}},{"id":"ae719731-61f0-4592-9368-08acd21a6b2a","eClass":"papaya:Operation","data":{"name":"toString","type":{"id":"22cc02a4-9291-43b5-a399-d525b8dcf438","eClass":"papaya:GenericType"}}},{"id":"f79ccc47-bf61-4cf9-a5f7-0bc32d68cfd3","eClass":"papaya:Operation","data":{"name":"toString","type":{"id":"4d1cd7ea-5248-4345-8719-b255e40cd0b6","eClass":"papaya:GenericType"},"static":true,"parameters":[{"id":"3d8a3db6-c8c3-4c74-b6bf-4bce70552e9c","eClass":"papaya:Parameter","data":{"name":"arg0","type":{"id":"d20c1990-15e9-4271-8a1d-1f8572d06995","eClass":"papaya:GenericType","data":{"rawType":"//@components.0/@packages.0/@types.9"}}}}]}},{"id":"c818023f-0168-4b8e-8c92-3931f5184bc0","eClass":"papaya:Operation","data":{"name":"hashCode","type":{"id":"35e021ac-1bd6-4903-9252-7b4a3950c2a7","eClass":"papaya:GenericType","data":{"rawType":"//@components.0/@packages.0/@types.9"}},"static":true,"parameters":[{"id":"8ccd5795-23f1-4049-bbb6-9df87247cb76","eClass":"papaya:Parameter","data":{"name":"arg0","type":{"id":"3e22575d-884b-4903-8af2-5b99388d54dc","eClass":"papaya:GenericType","data":{"rawType":"//@components.0/@packages.0/@types.9"}}}}]}},{"id":"e9bfad09-d6f0-43e2-87c2-e295e11e2ff7","eClass":"papaya:Operation","data":{"name":"hashCode","type":{"id":"0fe24579-deee-4657-8391-9d93e9c9091d","eClass":"papaya:GenericType","data":{"rawType":"//@components.0/@packages.0/@types.9"}}}},{"id":"c048eb64-10bd-4175-bfd0-c2d6c6ef7d8d","eClass":"papaya:Operation","data":{"name":"compareUnsigned","type":{"id":"d64c7bd0-7316-4421-82dc-e628af853ba0","eClass":"papaya:GenericType","data":{"rawType":"//@components.0/@packages.0/@types.9"}},"static":true,"parameters":[{"id":"e1854f78-7da1-4e76-af0a-f949912dbc24","eClass":"papaya:Parameter","data":{"name":"arg0","type":{"id":"47c046ac-b95f-4256-807a-1c215df3c3f4","eClass":"papaya:GenericType","data":{"rawType":"//@components.0/@packages.0/@types.9"}}}},{"id":"1978cb5b-51b8-4e5c-906e-599f5407f27a","eClass":"papaya:Parameter","data":{"name":"arg1","type":{"id":"6eb3fe3a-cde8-4931-b6e3-44351ad87fdc","eClass":"papaya:GenericType","data":{"rawType":"//@components.0/@packages.0/@types.9"}}}}]}},{"id":"b0345b00-1095-42bb-9cc9-0afdf0ade2a1","eClass":"papaya:Operation","data":{"name":"reverseBytes","type":{"id":"16bc4a9e-1a12-4a03-9a47-e5092726775b","eClass":"papaya:GenericType","data":{"rawType":"//@components.0/@packages.0/@types.9"}},"static":true,"parameters":[{"id":"018c4d4b-067e-4c66-90f4-7f22bd8fde96","eClass":"papaya:Parameter","data":{"name":"arg0","type":{"id":"08bc14dd-aa7e-49fc-96f1-16e0754cde75","eClass":"papaya:GenericType","data":{"rawType":"//@components.0/@packages.0/@types.9"}}}}]}},{"id":"9e751866-cb2e-40dd-89de-29331f4d34c3","eClass":"papaya:Operation","data":{"name":"compareTo","type":{"id":"78a1665c-fe76-4934-a8bd-f64f6dfb68f3","eClass":"papaya:GenericType","data":{"rawType":"//@components.0/@packages.0/@types.9"}},"parameters":[{"id":"8a08fc71-e908-43d7-a432-439deb50d875","eClass":"papaya:Parameter","data":{"name":"arg0","type":{"id":"f7d5c304-bd0d-429e-bc20-8a2dd608278b","eClass":"papaya:GenericType","data":{"rawType":"//@components.0/@packages.0/@types.11"}}}}]}},{"id":"8dc5cf74-df89-45e1-a469-9b6e49589344","eClass":"papaya:Operation","data":{"name":"compare","type":{"id":"88520c99-8fb0-4aa5-ab59-a7ebdab5b54f","eClass":"papaya:GenericType","data":{"rawType":"//@components.0/@packages.0/@types.9"}},"static":true,"parameters":[{"id":"8f7450bb-02ee-4424-bd45-3f2236036076","eClass":"papaya:Parameter","data":{"name":"arg0","type":{"id":"23856663-0eb5-40df-bae5-ea80894a3762","eClass":"papaya:GenericType","data":{"rawType":"//@components.0/@packages.0/@types.9"}}}},{"id":"bd12b947-1558-45f8-bad7-ebdb5e84f81d","eClass":"papaya:Parameter","data":{"name":"arg1","type":{"id":"a684acb4-96e4-4024-bb51-41c0132af5bb","eClass":"papaya:GenericType","data":{"rawType":"//@components.0/@packages.0/@types.9"}}}}]}},{"id":"b7f4d664-18e7-4f83-af0c-6d994766081c","eClass":"papaya:Operation","data":{"name":"byteValue","type":{"id":"a4393d6a-ace4-41d7-94a0-f0cee4b76f21","eClass":"papaya:GenericType","data":{"rawType":"//@components.0/@packages.0/@types.9"}}}},{"id":"31c8452c-0f3b-48b3-9c92-a776a3be447f","eClass":"papaya:Operation","data":{"name":"shortValue","type":{"id":"397565cf-dbc0-4c16-a4b7-e923f1302447","eClass":"papaya:GenericType","data":{"rawType":"//@components.0/@packages.0/@types.9"}}}},{"id":"eadae1a5-821f-47b5-8308-45d26ed20c01","eClass":"papaya:Operation","data":{"name":"intValue","type":{"id":"2e219603-8e54-4b9f-a498-8b9021ac775c","eClass":"papaya:GenericType","data":{"rawType":"//@components.0/@packages.0/@types.9"}}}},{"id":"d93881a8-feea-494f-8964-b8db153d7827","eClass":"papaya:Operation","data":{"name":"longValue","type":{"id":"08f7c26f-d4c1-47a8-ad59-7b5e3fbbfb54","eClass":"papaya:GenericType","data":{"rawType":"//@components.0/@packages.0/@types.9"}}}},{"id":"e634046c-c142-4b7d-960b-95285279395a","eClass":"papaya:Operation","data":{"name":"floatValue","type":{"id":"63151a56-bfca-439e-b9cb-9f2520e2a222","eClass":"papaya:GenericType","data":{"rawType":"//@components.0/@packages.0/@types.9"}}}},{"id":"7a777bcd-16df-4ad2-ae5d-2df3c5385852","eClass":"papaya:Operation","data":{"name":"doubleValue","type":{"id":"c81a2153-29c0-4ad6-ae78-50967415e1c2","eClass":"papaya:GenericType","data":{"rawType":"//@components.0/@packages.0/@types.9"}}}},{"id":"6a51baf7-286e-4b8b-8ae3-9c19029dc738","eClass":"papaya:Operation","data":{"name":"valueOf","type":{"id":"ef9be8c9-8208-47a9-afe6-aefad243a5f0","eClass":"papaya:GenericType","data":{"rawType":"//@components.0/@packages.0/@types.11"}},"static":true,"parameters":[{"id":"8d2fe317-374b-49f9-8d6f-37be80184e98","eClass":"papaya:Parameter","data":{"name":"arg0","type":{"id":"19a968c8-2143-418e-b20b-1ee7c891e28c","eClass":"papaya:GenericType"}}},{"id":"0b9e8ca3-5d98-4063-8adf-1e03ba39dfba","eClass":"papaya:Parameter","data":{"name":"arg1","type":{"id":"0f6c59cf-0dc4-4c03-ad63-cfc24ab00fd6","eClass":"papaya:GenericType","data":{"rawType":"//@components.0/@packages.0/@types.9"}}}}]}},{"id":"e52d038b-8410-49ca-9871-ee5d6be94cca","eClass":"papaya:Operation","data":{"name":"valueOf","type":{"id":"d073d003-463f-4250-8d21-4f4797d1bfae","eClass":"papaya:GenericType","data":{"rawType":"//@components.0/@packages.0/@types.11"}},"static":true,"parameters":[{"id":"20f4bb42-0c05-4107-9c70-bb788caccfaa","eClass":"papaya:Parameter","data":{"name":"arg0","type":{"id":"ff3d36f7-53a6-44d1-bc96-f5372a096b82","eClass":"papaya:GenericType"}}}]}},{"id":"11107dbb-9947-48c5-a3cc-d7eba2e7be51","eClass":"papaya:Operation","data":{"name":"valueOf","type":{"id":"247008af-609f-4898-bc54-1f76e7da1ff3","eClass":"papaya:GenericType","data":{"rawType":"//@components.0/@packages.0/@types.11"}},"static":true,"parameters":[{"id":"df947d98-87fa-4a48-ab3b-10b227d5a44c","eClass":"papaya:Parameter","data":{"name":"arg0","type":{"id":"baf639cc-1c7a-4b7d-b687-a9c4bff29e17","eClass":"papaya:GenericType","data":{"rawType":"//@components.0/@packages.0/@types.9"}}}}]}},{"id":"f51045fa-a5c6-4be9-9563-9f3e97ccba0f","eClass":"papaya:Operation","data":{"name":"decode","type":{"id":"2b269726-9dc0-46cb-9f80-dc5673344dc6","eClass":"papaya:GenericType","data":{"rawType":"//@components.0/@packages.0/@types.11"}},"static":true,"parameters":[{"id":"df319f5e-d11e-4f33-ae47-50d5f2d589a4","eClass":"papaya:Parameter","data":{"name":"arg0","type":{"id":"0627d635-b00b-410b-9b3b-caa70719f6b8","eClass":"papaya:GenericType"}}}]}},{"id":"33b6a6c1-78d3-4d47-a6ab-d72afcf53026","eClass":"papaya:Operation","data":{"name":"describeConstable","type":{"id":"44daa067-b80d-40c1-8b0d-e80048f28d72","eClass":"papaya:GenericType","data":{"typeArguments":[{"id":"78d9dbd4-304a-495f-8459-3324e2077c5a","eClass":"papaya:GenericType","data":{"rawType":"//@components.0/@packages.0/@types.9","typeArguments":[{"id":"b884e582-959f-4ee6-82d0-a4ee42578e22","eClass":"papaya:GenericType","data":{"rawType":"//@components.0/@packages.0/@types.11"}}]}}]}}}},{"id":"5ecbc66b-be88-4833-83ac-cfac6d031d51","eClass":"papaya:Operation","data":{"name":"toUnsignedLong","type":{"id":"acaae10f-a745-455c-b4d3-250f7989199c","eClass":"papaya:GenericType","data":{"rawType":"//@components.0/@packages.0/@types.9"}},"static":true,"parameters":[{"id":"57a3cecf-d234-4da5-bf5e-a196d19640cc","eClass":"papaya:Parameter","data":{"name":"arg0","type":{"id":"58d28946-1eed-4ce3-a1ac-6f789aca3859","eClass":"papaya:GenericType","data":{"rawType":"//@components.0/@packages.0/@types.9"}}}}]}},{"id":"01ad4ab0-aa6e-400e-8a9c-1a0b3f7f1727","eClass":"papaya:Operation","data":{"name":"toUnsignedInt","type":{"id":"c03ac77a-60b9-4330-b943-548ef284f87b","eClass":"papaya:GenericType","data":{"rawType":"//@components.0/@packages.0/@types.9"}},"static":true,"parameters":[{"id":"235e8e8a-4dd7-4669-8c3b-d83c73baf350","eClass":"papaya:Parameter","data":{"name":"arg0","type":{"id":"b722a7ad-1603-4347-bdab-b66a2f1dd8e1","eClass":"papaya:GenericType","data":{"rawType":"//@components.0/@packages.0/@types.9"}}}}]}},{"id":"bc171c7c-4a66-4a40-aeb9-6463e586fdb6","eClass":"papaya:Operation","data":{"name":"parseShort","type":{"id":"eb8cee61-13c5-4622-9a8a-a5ee676c3225","eClass":"papaya:GenericType","data":{"rawType":"//@components.0/@packages.0/@types.9"}},"static":true,"parameters":[{"id":"f90bff09-4076-48ce-9bb7-114b882d1a55","eClass":"papaya:Parameter","data":{"name":"arg0","type":{"id":"a60fef78-5d38-4ef8-9fd2-88e4c0a06543","eClass":"papaya:GenericType"}}}]}},{"id":"5169d743-e8dc-4e27-a129-3809e8497d25","eClass":"papaya:Operation","data":{"name":"parseShort","type":{"id":"4854b251-d336-414d-9c94-fd6cf93a6f99","eClass":"papaya:GenericType","data":{"rawType":"//@components.0/@packages.0/@types.9"}},"static":true,"parameters":[{"id":"b90ea448-af5a-48e4-afda-4fdfea29c51c","eClass":"papaya:Parameter","data":{"name":"arg0","type":{"id":"4baa5e5a-92e1-4a3b-af54-9328c3040a66","eClass":"papaya:GenericType"}}},{"id":"824c4c0a-1e57-4b14-b227-f76749896a08","eClass":"papaya:Parameter","data":{"name":"arg1","type":{"id":"052eb77c-22ab-4540-8d52-808e3d9bbe97","eClass":"papaya:GenericType","data":{"rawType":"//@components.0/@packages.0/@types.9"}}}}]}}]}},{"id":"20773975-be1c-4c61-990f-2bf0f30ad695","eClass":"papaya:Class","data":{"name":"Boolean","final":true,"extends":"//@components.0/@packages.0/@types.9","constructors":[{"id":"41d7420f-e015-45f2-b438-e8b702b88177","eClass":"papaya:Constructor","data":{"parameters":[{"id":"9819de49-ddf2-4ff5-88c5-46e817115ff9","eClass":"papaya:Parameter","data":{"name":"arg0","type":{"id":"29175c62-ae44-473f-a692-e9598563dd85","eClass":"papaya:GenericType","data":{"rawType":"//@components.0/@packages.0/@types.9"}}}}]}},{"id":"b609c997-8e6c-4bfc-b90e-92b460cd928f","eClass":"papaya:Constructor","data":{"parameters":[{"id":"298ce433-6b41-44dd-b751-341717dde840","eClass":"papaya:Parameter","data":{"name":"arg0","type":{"id":"4408d7f3-20f6-453e-8019-2f49dcce3c7a","eClass":"papaya:GenericType"}}}]}}],"attributes":[{"id":"4bd91ecb-f837-454d-b129-ac897dcd0128","eClass":"papaya:Attribute","data":{"name":"TRUE","type":{"id":"8331c40a-a6b5-4cc7-9067-4d2a011523fa","eClass":"papaya:GenericType","data":{"rawType":"//@components.0/@packages.0/@types.12"}},"final":true,"static":true}},{"id":"d5430bf7-952e-49f4-a260-4083b0d4b249","eClass":"papaya:Attribute","data":{"name":"FALSE","type":{"id":"227135a5-ab88-4ac1-a041-88cb61e1bbbc","eClass":"papaya:GenericType","data":{"rawType":"//@components.0/@packages.0/@types.12"}},"final":true,"static":true}},{"id":"2a52edd1-de6f-440b-bb28-ea62d9d2a953","eClass":"papaya:Attribute","data":{"name":"TYPE","type":{"id":"60971975-f9a5-4c41-bc81-d7923ec19a7c","eClass":"papaya:GenericType","data":{"rawType":"//@components.0/@packages.0/@types.9","typeArguments":[{"id":"6cda03cc-2e8a-411c-8df1-a4f9a3320929","eClass":"papaya:GenericType","data":{"rawType":"//@components.0/@packages.0/@types.12"}}]}},"final":true,"static":true}},{"id":"bd78955a-a36d-4c58-973c-2cc04f757d6a","eClass":"papaya:Attribute","data":{"name":"value","type":{"id":"02c472c3-f5b7-4092-8abd-9edeca394fc0","eClass":"papaya:GenericType","data":{"rawType":"//@components.0/@packages.0/@types.9"}},"visibility":"PRIVATE","final":true}},{"id":"ed0275cd-a969-4e91-b4da-d533ddbc5e3b","eClass":"papaya:Attribute","data":{"name":"serialVersionUID","type":{"id":"4020598b-763b-4c1a-b6b2-c7243462033b","eClass":"papaya:GenericType","data":{"rawType":"//@components.0/@packages.0/@types.9"}},"visibility":"PRIVATE","final":true,"static":true}}],"operations":[{"id":"023645a5-2b1d-48dc-97d0-770769084888","eClass":"papaya:Operation","data":{"name":"equals","type":{"id":"94316cef-4d4c-43af-b0e2-5a2de2fc383a","eClass":"papaya:GenericType","data":{"rawType":"//@components.0/@packages.0/@types.9"}},"parameters":[{"id":"fe40c345-70c8-45ee-9d29-a98862b91b3b","eClass":"papaya:Parameter","data":{"name":"arg0","type":{"id":"277f4f8a-9436-4d2d-8838-0862add5010e","eClass":"papaya:GenericType","data":{"rawType":"//@components.0/@packages.0/@types.9"}}}}]}},{"id":"5e2b837a-b97f-47e7-ba1c-9cd6386364ee","eClass":"papaya:Operation","data":{"name":"toString","type":{"id":"6b6d39cc-944f-4d28-9263-81af27a50a02","eClass":"papaya:GenericType"}}},{"id":"2a37290c-7945-49cf-91fa-bfd6fc37e1c3","eClass":"papaya:Operation","data":{"name":"toString","type":{"id":"6cd5b788-eff5-4a0d-8668-2fb4e38b24f5","eClass":"papaya:GenericType"},"static":true,"parameters":[{"id":"eb7e5cd3-eac4-4bbb-a69d-fed73ac165e1","eClass":"papaya:Parameter","data":{"name":"arg0","type":{"id":"d0daece4-8952-443f-9c1a-00c4f9c668fb","eClass":"papaya:GenericType","data":{"rawType":"//@components.0/@packages.0/@types.9"}}}}]}},{"id":"25681f72-8faa-46bd-8cb2-54175ed4e748","eClass":"papaya:Operation","data":{"name":"hashCode","type":{"id":"0b34570a-b9c8-4565-b035-244b53d5eb8c","eClass":"papaya:GenericType","data":{"rawType":"//@components.0/@packages.0/@types.9"}}}},{"id":"5ccd71bf-bca0-4153-a845-523969761ff8","eClass":"papaya:Operation","data":{"name":"hashCode","type":{"id":"d57d287a-6696-4eb1-a229-412e88de91c6","eClass":"papaya:GenericType","data":{"rawType":"//@components.0/@packages.0/@types.9"}},"static":true,"parameters":[{"id":"f5f5bee0-ebef-419f-98c6-85902bf1bae9","eClass":"papaya:Parameter","data":{"name":"arg0","type":{"id":"d6fe0697-4223-442a-84a0-4c27bd612456","eClass":"papaya:GenericType","data":{"rawType":"//@components.0/@packages.0/@types.9"}}}}]}},{"id":"fae0566c-e30d-4c81-bff9-41d60e3be548","eClass":"papaya:Operation","data":{"name":"compareTo","type":{"id":"b9668ac9-17f8-4f4f-98d2-accdc6491138","eClass":"papaya:GenericType","data":{"rawType":"//@components.0/@packages.0/@types.9"}},"parameters":[{"id":"cfe600f2-acb9-4d6e-8508-4ecf031091fe","eClass":"papaya:Parameter","data":{"name":"arg0","type":{"id":"9d2a619b-927a-4237-a24d-6558c2a2d4d3","eClass":"papaya:GenericType","data":{"rawType":"//@components.0/@packages.0/@types.12"}}}}]}},{"id":"dd84c142-f14e-474b-b591-8c703eef2dde","eClass":"papaya:Operation","data":{"name":"getBoolean","type":{"id":"752695f1-e7bd-405d-8328-7030dd6ad2b0","eClass":"papaya:GenericType","data":{"rawType":"//@components.0/@packages.0/@types.9"}},"static":true,"parameters":[{"id":"8db83dec-f46e-49b1-ab1e-8a0668eb3154","eClass":"papaya:Parameter","data":{"name":"arg0","type":{"id":"e4b11f41-dff3-45b8-a076-3d1d650043e2","eClass":"papaya:GenericType"}}}]}},{"id":"8ff623c8-fd62-4535-8dc2-2523246d8c67","eClass":"papaya:Operation","data":{"name":"compare","type":{"id":"1e6a7b4e-0cb7-4a18-9c5b-d8ddc3d9bd48","eClass":"papaya:GenericType","data":{"rawType":"//@components.0/@packages.0/@types.9"}},"static":true,"parameters":[{"id":"072fecdc-dee5-4f33-b6b9-41431406ccb0","eClass":"papaya:Parameter","data":{"name":"arg0","type":{"id":"fd7ceb40-6693-4f1f-88f9-de0b02ae0cdd","eClass":"papaya:GenericType","data":{"rawType":"//@components.0/@packages.0/@types.9"}}}},{"id":"c689946a-fb93-4b09-be65-a303273d1ace","eClass":"papaya:Parameter","data":{"name":"arg1","type":{"id":"178d2e97-adab-4e70-b8ea-d54a55688444","eClass":"papaya:GenericType","data":{"rawType":"//@components.0/@packages.0/@types.9"}}}}]}},{"id":"69100412-15d5-4362-8d96-9573abd2ee7a","eClass":"papaya:Operation","data":{"name":"booleanValue","type":{"id":"cbe1a897-a45d-4169-bee8-b0a6c51cd51f","eClass":"papaya:GenericType","data":{"rawType":"//@components.0/@packages.0/@types.9"}}}},{"id":"7a9c8351-f3f3-43a6-8220-0b3f046fa234","eClass":"papaya:Operation","data":{"name":"valueOf","type":{"id":"49cfa4e2-a0eb-4f3c-ae43-543c2c81733d","eClass":"papaya:GenericType","data":{"rawType":"//@components.0/@packages.0/@types.12"}},"static":true,"parameters":[{"id":"09992998-3327-4a96-b201-f40a1fc6a37d","eClass":"papaya:Parameter","data":{"name":"arg0","type":{"id":"418fbf10-f6fc-46ac-916d-d655b6bf530f","eClass":"papaya:GenericType"}}}]}},{"id":"f38bb3dd-de3a-469f-98e5-cd9bcf719fd6","eClass":"papaya:Operation","data":{"name":"valueOf","type":{"id":"5eb2e4a5-1bc6-429a-9e34-83e184fd5ad7","eClass":"papaya:GenericType","data":{"rawType":"//@components.0/@packages.0/@types.12"}},"static":true,"parameters":[{"id":"0533699f-e416-4058-b62e-2da48ae21e8a","eClass":"papaya:Parameter","data":{"name":"arg0","type":{"id":"7ccfdbcc-ce8e-4770-85cf-2764330c4d7a","eClass":"papaya:GenericType","data":{"rawType":"//@components.0/@packages.0/@types.9"}}}}]}},{"id":"a4a83f1f-25e1-465e-8f7f-a65414a7cb52","eClass":"papaya:Operation","data":{"name":"describeConstable","type":{"id":"30596695-bed9-4166-b584-37a3c9fb1c3d","eClass":"papaya:GenericType","data":{"typeArguments":[{"id":"184b4022-e24a-4e8d-90da-cd9d15ac5d54","eClass":"papaya:GenericType","data":{"rawType":"//@components.0/@packages.0/@types.9","typeArguments":[{"id":"cc4da845-1db4-4467-a2e0-864db02f1378","eClass":"papaya:GenericType","data":{"rawType":"//@components.0/@packages.0/@types.12"}}]}}]}}}},{"id":"214d7aa0-5e14-42b3-9f43-3c4877f7df4d","eClass":"papaya:Operation","data":{"name":"parseBoolean","type":{"id":"bf6d49d1-750a-4586-95f9-e99e6dbe5c34","eClass":"papaya:GenericType","data":{"rawType":"//@components.0/@packages.0/@types.9"}},"static":true,"parameters":[{"id":"979719d2-a5c2-4980-b0d2-9259fa5d587a","eClass":"papaya:Parameter","data":{"name":"arg0","type":{"id":"b01c984b-b1e6-4462-a844-85007189743c","eClass":"papaya:GenericType"}}}]}},{"id":"00c75f55-e00f-45c4-86c7-e5bbb749ca2b","eClass":"papaya:Operation","data":{"name":"logicalAnd","type":{"id":"6c151f28-5da3-49ff-a09e-96da391dea82","eClass":"papaya:GenericType","data":{"rawType":"//@components.0/@packages.0/@types.9"}},"static":true,"parameters":[{"id":"9f3fb875-4dcd-4b63-ab86-b25d5141c517","eClass":"papaya:Parameter","data":{"name":"arg0","type":{"id":"b23286c9-feaf-46c1-a6f5-3f5218bafd40","eClass":"papaya:GenericType","data":{"rawType":"//@components.0/@packages.0/@types.9"}}}},{"id":"cb01d480-d794-4c53-9d78-391aec78505a","eClass":"papaya:Parameter","data":{"name":"arg1","type":{"id":"86771125-9d4e-40e9-b5db-44446e00c717","eClass":"papaya:GenericType","data":{"rawType":"//@components.0/@packages.0/@types.9"}}}}]}},{"id":"560206f8-355d-4cc9-ad81-f068dbcf3fd0","eClass":"papaya:Operation","data":{"name":"logicalOr","type":{"id":"ff2bf5e0-9a6d-4284-963c-b75bfbf8451b","eClass":"papaya:GenericType","data":{"rawType":"//@components.0/@packages.0/@types.9"}},"static":true,"parameters":[{"id":"96af6059-e827-4b0f-9cc7-015460e7b232","eClass":"papaya:Parameter","data":{"name":"arg0","type":{"id":"9c7ff407-f35a-4b7e-bfad-3df214e0b84d","eClass":"papaya:GenericType","data":{"rawType":"//@components.0/@packages.0/@types.9"}}}},{"id":"82f58607-4cc3-450e-9ad2-a11dcc0e4f52","eClass":"papaya:Parameter","data":{"name":"arg1","type":{"id":"fa2e871c-08f7-46e1-9f38-6d196f65d93d","eClass":"papaya:GenericType","data":{"rawType":"//@components.0/@packages.0/@types.9"}}}}]}},{"id":"b8f232dd-3abe-465c-a48f-52f536c06a35","eClass":"papaya:Operation","data":{"name":"logicalXor","type":{"id":"5b222ee6-b559-49de-b581-2d978fe7edd3","eClass":"papaya:GenericType","data":{"rawType":"//@components.0/@packages.0/@types.9"}},"static":true,"parameters":[{"id":"9c0e9f01-6575-4dce-afc7-932e33c067e3","eClass":"papaya:Parameter","data":{"name":"arg0","type":{"id":"199659e5-5d2c-4a65-af77-35402f444e6f","eClass":"papaya:GenericType","data":{"rawType":"//@components.0/@packages.0/@types.9"}}}},{"id":"3fad0079-935b-440f-a034-da955a0e47c9","eClass":"papaya:Parameter","data":{"name":"arg1","type":{"id":"1fcb27ef-8203-45be-b1cd-6510756aab0e","eClass":"papaya:GenericType","data":{"rawType":"//@components.0/@packages.0/@types.9"}}}}]}}]}}]}}]}}]}}]}