{"id":"34e057ad-caf6-481b-8fec-43a3321877f8","projectId":"5e46c7c7-1508-4222-8c37-cdf8a85f38c2","descriptionId":"siriusComponents://representationDescription?kind=diagramDescription&sourceKind=view&sourceId=83f1194e-9833-398b-80ad-be5d77e02585&sourceElementId=69759f30-4e65-30aa-993f-737737d778b9","targetObjectId":"5b2bfd86-5a47-4d8d-8c78-7ec4145ffcb4","label":"java.base class diagram 2","kind":"siriusComponents://representation?type=Diagram","representation":{"id":"34e057ad-caf6-481b-8fec-43a3321877f8","kind":"siriusComponents://representation?type=Diagram","targetObjectId":"5b2bfd86-5a47-4d8d-8c78-7ec4145ffcb4","descriptionId":"siriusComponents://representationDescription?kind=diagramDescription&sourceKind=view&sourceId=83f1194e-9833-398b-80ad-be5d77e02585&sourceElementId=69759f30-4e65-30aa-993f-737737d778b9","label":"java.base class diagram 2","position":{"x":-1.0,"y":-1.0},"size":{"width":-1.0,"height":-1.0},"nodes":[],"edges":[],"layoutData":{"nodeLayoutData":{},"edgeLayoutData":{},"labelLayoutData":{}}}}